Permit #,Establishment Name,Address,Zip,Est Type,First Seen,Last Seen,Inspections,lat,lon
100038,TABERNACULO FUENTE DE AMOR,1364 DEVONPORT DR,40504,605,2016-09-01,2018-02-06,8,38.048815300407,-84.553519082187
100046,JIMMY JOHN'S,397 WALLER AVE.,40503,605,2016-05-31,2025-08-06,77,38.031380425915,-84.520780086525
100047,BJ'S RESTAURANT & BREWHOUSE,3297 NICHOLASVILLE RD,40503,605,2016-06-16,2025-10-15,62,37.991146884471,-84.523868497759
100048,DV8 KITCHEN,"867 S BROADWAY, SUITE #140",40504,54,2016-06-02,2025-07-21,130,38.039814789729,-84.513786405666
100108,SAV'S CHILL STATE MOBILE,P.O. BOX 1035,40588,52,2016-06-04,2024-05-10,38,,
100138,STARBUCKS COFFEE #27458,685 WILSON DOWNING RD,40517,605,2016-06-23,2025-09-08,64,37.974126993241,-84.498959032907
100139,GO GO BURGER (STATE MOBILE),3805 BROOKDALE CIRCLE,40514,605,2016-06-13,2022-04-19,42,37.97341943213,-84.550663627982
100240,TAQUERIA EL BUEN SABOR STATE MOBILE,909 SUMMERVILLE DR,40504,605,2017-09-26,2020-01-16,23,38.043007292041,-84.534226893162
100245,SHILLITO POOL CONCESSION STAND,300 E. REYNOLDS RD,40503,603,2016-06-27,2023-07-10,41,37.993325914712,-84.530403067023
100255,RAMONE'S GRILL (COMM),468 SQUIRES RD,40515,605,2016-07-05,2017-05-24,5,37.991089798024,-84.448388596801
100325,PIVOT BREWING COMPANY,1400 DELAWARE AVE,40505,54,2016-08-26,2024-06-26,83,38.037484912314,-84.469023955201
100326,"NORTH SIDE COFFEE AND DOUGHNUTS, LLC",104 W SIXTH ST,40508,605,2017-12-20,2018-12-07,21,38.054017145418,-84.486618642931
100340,EL GOKU STATE MOBILE,370 CODELL DR,40509,605,2016-06-22,2021-09-22,12,38.0189481592,-84.452701684077
100341,THE BURL,375 THOMPSON RD,40508,11,2018-03-06,2025-08-14,42,38.057315809651,-84.518218409066
100342,GOODWOOD,200 LEXINGTON GREEN CIRCLE #110,40503,11,2016-08-02,2025-12-03,53,37.994140842372,-84.526595879393
100419,SNACK SHACK,242 LOCUST FARM RD,40511,610,2016-07-26,2025-10-15,13,38.10584257956,-84.572087988741
100457,THE HENRY AT FRITZ FARM - OUTDOOR,,40517,- OUTDOOR,2025-07-29,2025-07-29,1,,
100466,PJ COFFEE - ARAMARK UK DINING,550 S. LIMESTONE,40506,UK DINING,2016-07-26,2025-11-06,65,38.039043200504,-84.506682258961
100467,HOUSE OF CUE,111 AVE OF CHAMPIONS,40506,605,2016-08-08,2021-03-31,46,38.041392904373,-84.503605956658
100468,JOE CRAFT FOOTBALL TRAINING CENTER,1540 UNIVERSITY DR,40508,CENTER,2016-07-25,2025-11-13,87,38.020735764383,-84.509953367431
100469,PATTERSON PANTRY,335 S. MLKING BLVD,40506,610,2016-08-24,2017-09-12,2,38.040769949048,-84.501683712696
100471,LIMESTONE PANTRY,111 AVE. OF CHAMPIONS,40506,610,2016-08-19,2023-09-13,12,38.041392904373,-84.503605956658
100472,A S B PANTRY,680 ROSE ST,40506,610,2016-08-24,2021-09-20,7,38.03388677853,-84.505294476054
100473,FRESHII - ACADEMIC SCIENCE BLDG,680 ROSE ST,40506,BLDG,2016-08-08,2025-11-06,50,38.03388677853,-84.505294476054
100484,SUSHI AVENUE (INSIDE FRESH THYME),125 E REYNOLDS RD 110,40517,605,2016-09-26,2016-10-24,2,37.990864245124,-84.522545059326
100485,FRESH THYME FARMER'S MARKET,"125 E REYNOLDS RD, SUITE 110",40517,607,2016-09-07,2017-05-09,10,37.990864245124,-84.522545059326
100504,LOCO ICE,1979 PAVILLION WAY,40509,53,2016-08-05,2024-05-20,12,,
100514,DIANITA'S ICE CREAM,214 RUGBY RD,40504,610,2016-09-22,2019-03-28,3,38.053898113995,-84.539979459114
100516,FREE FISH AND SALADS,"1474 ANNISTON DRIVE, A1",40505,605,2016-07-19,2023-02-02,11,38.056834584225,-84.438261020188
100537,FREE FOOD #2 (STATE MOBILE),1474 ANNISTON DR A1,40505,605,2016-08-02,2017-04-28,6,38.056834584225,-84.438261020188
100558,UK FOOTBALL LOCKER ROOM HOT PLUNGE SPA,,40506,HOT PLUNGE SPA,2025-11-20,2025-11-20,1,,
100559,UK FOOTBALL LOCKER ROOM COLD PLUNGE SPA,,40506,COLD PLUNGE SPA,2025-11-20,2025-11-20,1,,
100561,UK FOOTBALL POLAR PLUNGE POOL,,40506,POOL,2025-11-20,2025-11-20,1,,
100562,UK FOOTBALL HYDROTHERAPY POOL INDOOR,,40506,POOL INDOOR,2025-11-20,2025-11-20,1,,
100563,UK FOOTBALL WALK-THRU POOL INDOOR,,40506,POOL INDOOR,2025-11-20,2025-11-20,1,,
100564,UK FOOTBALL THERMAL PLUNGE POOL,,40506,PLUNGE POOL,2025-11-20,2025-11-20,1,,
100579,GARRETT MORGAN ELEMENTARY,,40509,,2025-09-09,2025-09-09,1,,
100580,GARRETT MORGAN ELEMENTARY,1150 PASSAGE MOUND WAY,40509,605,2016-07-27,2025-09-09,51,38.00556984231,-84.399921407593
100586,COVENTRY OAK ELEMENTARY,,40511,,2025-10-21,2025-10-21,1,,
100587,COVENTRY OAK ELEMENTARY,2441 HUNTLY,40511,605,2016-08-01,2025-10-21,51,38.102005173868,-84.512435416398
100626,HAPPY SUSHI,130 W TIVERTON WAY #175,40503,11,2016-09-13,2025-12-05,71,37.980929410968,-84.53096306968
100627,BOBI CONES,3735 PALOMAR CENTRE DR STE 230,40513,605,2016-08-17,2023-05-31,82,38.003459531439,-84.571166851002
100682,MAI THAI RESTAURANT,304 SOUTHLAND DR,40503,11,2016-08-23,2025-11-24,77,38.015864957369,-84.523921817647
100683,TACOS Y QUESADILLAS EL COMAL (STATE MOBILE),50 IMPERIAL AVE,40511,605,2016-08-16,2018-11-29,11,38.072081422081,-84.499307812938
100695,MIRROR TWIN BREWING CO,725 NATIONAL AVE,40502,CO,2016-09-21,2025-08-05,84,38.040817522872,-84.479472454545
100702,LUNA STATE MOBILE,1806 MARLBORO DRIVE,40505,605,2016-08-19,2023-09-05,32,38.079642216245,-84.464771332662
100703,FIKA AT GRANOLA CULTURE,804 N LIMESTONE,40505,605,2016-09-27,2018-02-27,27,38.057434887895,-84.48122443503
100746,LEXINGTON TRADITIONAL MAGNET SCHOOL,350 N LIMESTONE,40508,603,2016-09-28,2025-09-24,17,38.050250705514,-84.491442797355
100756,TUESDAY MORNING #921,1555 E. NEW CIRCLE RD,40509,610,2016-09-14,2022-11-11,7,38.018893877591,-84.455940323671
100769,MAD DAWGS DOGS (STATE MOBILE),316 LUCILLE DR,40511,605,2016-09-01,2017-07-15,11,38.090534318642,-84.545040469752
100806,LEXINGTON SENIOR CITIZENS CENTER,195 LIFE LANE,40502,CENTER,2016-09-01,2025-12-15,60,,
100817,SUPERMERCADO LAS NORTENAS,158 E NEW CIRCLE RD,40505,607,2016-09-20,2025-09-08,140,38.063654503918,-84.468623125494
100849,"SKYLINE BP, LLC",1065 NEWTOWN PIKE,40511,54,2016-09-14,2024-06-18,147,38.077842655908,-84.493977403151
100850,SHAKESPEARE AND CO.,1908 BRYANT RD,40509,605,2016-09-19,2020-02-25,52,,
100886,MIYAKO POKE BOWL,867 S BROADWAY STE 110,40504,11,2016-09-30,2025-12-08,61,38.039814789729,-84.513786405666
100968,LEX VEGGIE POWER (COMM),1555 GEORGETOWN RD,40511,605,2016-10-04,2017-01-25,2,38.083034244709,-84.509608916497
100987,CREATION KINGDOM,2935 TRAILWOOD LANE,40511,605,2016-10-04,2025-09-05,67,38.084735441971,-84.559135793772
101026,LEGACY RESERVE AT FRITZ FARM - INDOOR,,40515,FARM - INDOOR,2025-12-23,2025-12-23,1,,
101027,RODEWAY INN,750 NEWTOWN CT.,40511,605,2016-10-10,2019-04-29,59,38.076249661865,-84.492486334843
101029,MCCONNELL'S TRACE (OUTDOOR POOL),,40511,POOL),2025-08-26,2025-08-26,1,,
101061,EL MALECON RESTAURANT,481 W NEW CIRCLE RD STE 170,40511,605,2016-10-17,2025-10-06,101,38.071111764426,-84.477029410128
101062,NOTHING BUNDT CAKES,2358 NICHOLASVILLE RD STE 145,40503,605,2016-11-11,2025-12-01,60,38.004352923885,-84.518931267256
101063,FEEL GOOD NUTRITION LLC,2681 OLD ROSEBUD RD,40509,11,2016-10-20,2024-06-25,48,38.029310993233,-84.425041694641
101085,EMERALD TWENTY FOUR APTS (OUTDOOR POOL),,40511,APTS (OUTDOOR POOL),2025-07-02,2025-07-02,1,,
101109,TACO N MADRE STATE MOBILE,2504 LARKIN RD #5,40503,605,2016-10-25,2016-10-25,2,38.000108417604,-84.515630094385
101164,MR. ED'S DELI,937 WINCHESTER RD,40505,605,2016-12-29,2018-12-19,32,38.041854436926,-84.469507367837
101247,EVERYBODY EATS CAFE LLC,417 GEORGETOWN ST. STE 130,40508,605,2016-11-30,2021-08-19,48,38.060263959509,-84.501333471608
101253,GOODFELLAS PIZZERIA,1228 MANCHESTER STREET #110,40504,605,2016-12-16,2025-12-11,66,38.056904105367,-84.520148691149
101263,J2C ASIAN BISTRO,561 S BROADWAY SUITE #140,40508,605,2016-11-17,2023-03-14,82,38.044863486384,-84.505781831025
101264,ZAXBY'S,1115 SOUTH BROADWAY,40508,605,2016-11-17,2022-03-29,57,38.036698582804,-84.518834806357
101267,MANJE'S DINER (STATE MOBILE),501 DARBY CREEK DR. 49A,40509,605,2016-11-17,2019-05-14,33,38.007072921669,-84.431272957851
101313,CARSON'S FOOD & DRINK,362 E MAIN STREET,40507,605,2016-11-22,2025-11-11,78,38.042357802935,-84.492599173816
101340,IDEAL SKIN / SUPER HAIR & NAILS,,40502,& NAILS,2025-08-13,2025-08-13,1,,
101341,MIRROR TWIN BREWING,723 NATIONAL AVENUE,40502,605,2016-11-30,2025-09-25,49,38.04084316752,-84.479518339381
101364,EMERALD TWENTY FOUR APTS (OUTDOOR POOL),,40511,APTS (OUTDOOR POOL),2025-07-02,2025-07-02,1,,
101370,"RED LIGHT, THE",780 N LIMESTONE STREET,40508,605,2017-02-13,2019-06-20,77,38.05645961763,-84.482630783701
101380,EL RELAJO (STATE MOBILE),153 CARLISLE AVE,40505,605,2016-12-01,2018-06-15,22,38.060026930174,-84.474887834306
101406,TANDOOR INDIAN,"3146 MAPLE LEAF DR, STE 110",40509,11,2017-02-09,2025-10-06,106,38.006172563863,-84.424977068991
101421,MEADOWTHORPE ASSISTED LIVING,171 LEESTOWN CENTER WAY,40511,605,2016-12-13,2023-12-19,76,38.068468174242,-84.534927109618
101491,BLUEGRASS CHRISTIAN CAMP- OUTDOOR,,40509,CAMP- OUTDOOR,2025-07-14,2025-07-14,1,,
101514,METROPOLITAN DONUTS & COFFEE,3070 LAKECREST CIRCLE #600,40513,605,2017-01-05,2019-09-17,40,38.017008723007,-84.554645519714
101519,THE WILLOWS AT FRITZ FARM,2710 MAN O WAR BLVD,40515,FARM,2017-02-06,2025-10-24,72,37.975775969336,-84.529280755744
101532,PURE AESTHETIQUE,,40502,,2025-11-19,2025-11-19,1,,
101568,DOODLES BREAKFAST AND LUNCH STATE MOBILE,262 N LIMESTONE,40507,605,2017-01-12,2023-09-30,32,38.049200172932,-84.492909653423
101573,FREDDY'S FROZEN CUSTARD,2500 POLO CLUB BLVD,40509,11,2017-01-20,2025-11-24,100,38.02834738961,-84.410403208535
101580,J. ALEXANDERS @ LEXINGTON,4081 FINN WAY,40517,11,2017-03-08,2025-10-17,75,,
101601,RAMSEY'S COUNTRY STORE,3090 HELMSDALE PLACE STE 270,40509,610,2017-01-23,2019-12-04,4,38.012333175486,-84.420828362787
101625,BAR ONA,108 CHURCH ST,40508,605,2017-06-28,2025-10-30,54,38.047475180467,-84.495734251541
101684,APNA BAZAR,3146 MAPLELEAF DR SUITE 120,40509,610,2017-02-06,2025-11-14,9,38.006172563863,-84.424977068991
101694,LA PETITE DELICAT,722 NATIONAL AVE,40502,11,2017-05-05,2025-12-02,69,38.040749716318,-84.479602543912
101732,DOMINO'S 1359,"125 TOWNE CENTER DR, STE 127",40511,605,2017-02-14,2025-10-10,57,38.066862325855,-84.530858473218
101748,YMCA SPLASHGROUND (OUTDOOR) HOLIDAY INN LEXINGTON HAMBURG,,40509,HOLIDAY INN LEXINGTON HAMBURG,2025-08-14,2025-08-14,1,,
101773,BARREL HOUSE DISTILLING CO,1200 MANCHESTER ST,40504,CO,2017-02-27,2025-11-03,59,38.056393597145,-84.518840474174
101788,STARBUCKS #24662,4049 FINN WAY,40503,605,2017-07-06,2025-07-28,69,,
101799,MISS JANIE'S (STATE MOBILE),915 BYARS AVE,40505,605,2016-12-13,2016-12-13,1,38.043895054277,-84.469686898525
101800,SCHNEIDER ELECTRIC FRONT MARKET,1601 MERCER RD,40511,610,2017-03-27,2023-08-10,8,38.07559818111,-84.52208201637
101801,SCHNEIDER ELECTRIC BACK MARKET,1601 MERCER RD,40511,610,2017-03-27,2023-08-10,8,38.07559818111,-84.52208201637
101802,VALVOLINE - AVI,3499 BLAZER PARKWAY,40509,610,2017-03-23,2019-05-29,57,37.998856439035,-84.434467870963
101808,HOGFATHERS BBQ (STATE MOBILE),556 DUCHESS CT,40383,605,2017-02-23,2018-08-11,25,38.044917607606,-84.713829796767
101889,HENRY CLAY SOFTBALL BOOSTERS,2100 FONTAINE RD,40502,605,2017-03-24,2023-11-03,45,38.017317123837,-84.469170471137
101924,BROWN CHICKEN BROWN COW BBQ (COMM),962 DELAWARE AVE,40505,605,2017-03-16,2017-03-16,2,38.03965770687,-84.47215289431
101925,SHAKE SHACK,115 SUMMIT @ FRITZ FARM SUITE 110,40517,605,2017-05-03,2025-10-07,82,,
101953,PINNACLE SPLASH PAD (OUTDOOR) CAMPUS COURT APARTMENTS - OUTDOOR,,40515,CAMPUS COURT APARTMENTS - OUTDOOR,2025-08-12,2025-08-12,1,,
101972,HIGHGROVE AT TATES CREEK,4251 SARON DR,40515,605,2017-04-20,2025-09-10,60,37.965459679697,-84.501589702547
101985,RISE UP! PIZZA,175 E. LOUDON AVE #2,40508,605,2017-03-23,2020-06-19,31,38.055688444181,-84.47954156265
102036,LEX VEGGIE POWER,1060 CHINOE RD #108,40502,605,2017-03-31,2017-03-31,2,37.997769521367,-84.48071491237
102046,MISFIT COMMISSARY STATE MOBILE,618 PINE RIDGE RD,,,2017-03-30,2017-06-12,6,38.047388825514,-84.507748478619
102056,"WEST MAIN CRAFTING CO. LUCKY DOG ENTERTAINMENT,DBA","135 W MAIN STREET, SUITE 100",40507,605,2017-04-28,2021-04-22,46,38.046669913584,-84.497269125243
102072,PERMAHILL FARM,962 DELAWARE AVE,40505,605,2017-04-07,2017-04-07,3,38.03965770687,-84.47215289431
102081,HONEYWOOD RESTAURANT,"110 SUMMIT AT FRITZ FARM AVE, SUITE 140",40503,11,2017-04-26,2025-07-30,76,,
102083,BLUEGRASS CONCESSIONS,LEGENDS BALL PARK,40505,603,2017-04-13,2022-04-27,8,,
102088,EDLEY'S BBQ,114 SUMMIT @ FRITZ FARM SUITE 110,40517,605,2017-04-21,2020-03-05,50,,
102120,CEDARHURST SENIOR LIVING,1165 MONARCH STREET,40513,11,2017-06-14,2025-10-22,70,38.018161323026,-84.559084715405
102232,ANTHONY VINCE NAIL SPA,"122 MARION, SUITE 120",40517,605,2017-04-26,2025-10-29,80,,
102272,ROSA ANTOJITOS STATE MOBILE,STATE MOBILE,40516,605,2017-04-24,2023-03-28,33,,
102274,JOELLA'S HOT CHICKEN,2305 SIR BARTON WAY,40509,605,2017-05-09,2025-11-06,49,38.024795670197,-84.423233966762
102275,BLAZE PIZZA,4049 FINN WAY #110,40517,605,2017-05-17,2025-10-16,58,,
102276,SELTZER,115 W MAIN STREET,40507,11,2017-04-28,2025-08-29,61,38.046544988092,-84.49713031917
102349,IHOP RESTAURANT,2380 NORMAN LANE SUITE 110,40503,11,2017-05-15,2025-11-18,63,38.004751890131,-84.51997010924
102350,COLLIVER FARMS,124 OLDHAM ROAD,40353,610,2017-06-03,2018-07-18,2,37.992684449893,-83.93841837325
102352,REGGIES SNOWCONES,305 LINDENHURST DR #10102,40509,603,2017-09-15,2017-09-15,1,38.002571177469,-84.430353947374
102356,VICTORY HEMP FOODS,1401 LOCUST STREET,40206,610,2017-06-03,2017-06-03,1,38.252250484051,-85.72025655749
102359,TED'S MONTANA GRILL,120 SUMMIT AT FRITZ FARMS STE 180,40517,605,2017-06-01,2018-11-14,33,,
102380,ROSEMONT BAKEHOUSE (COMM),722 NATIONAL AVE,40502,605,2017-05-16,2017-05-16,4,38.040749716318,-84.479602543912
102415,KYOTO JAPANESE KITCHEN,4101 TATES CREEK CENTER DR #136,40515,11,2017-05-25,2025-10-27,57,37.96993417395,-84.497580956576
102422,LEXINGTON CHRISTIAN RETAIL,,40503,RETAIL,2025-09-15,2025-09-15,1,,
102438,LUSSI BROWN COFFEE BAR,114 CHURCH STREET,40507,605,2017-05-22,2025-07-23,50,38.047518360342,-84.495781602189
102441,CATHOLIC ACTION CENTER,1055 INDUSTRY RD,40505,605,2017-11-21,2025-11-11,117,38.044327985718,-84.460611347645
102481,LEXINGTON CHRISTIAN RETAIL 2,,40513,RETAIL 2,2025-10-22,2025-10-22,1,,
102498,MASTERSON STATION PARK SPRAYGROUND,,40511,SPRAYGROUND,2025-08-20,2025-08-20,1,,
102499,JACOBSON PARK SPRAYGROUND (OUTDOOR),,40509,(OUTDOOR),2025-08-06,2025-08-06,1,,
102502,WORLD OF BEER,"122 MARION ST, STE 150",40517,605,2017-06-30,2022-05-04,76,,
102503,"SCP COLDWORKS, LLC","111 SUMMIT AT FRITZ FARM, STE 110",40517,607,2017-06-01,2021-05-20,79,,
102504,TEXAS DE BRAZIL,"151 LARUE, STE 150",40517,11,2017-06-13,2025-11-13,68,,
102518,SIGNATURE CLUB - RT,3256 LANSDOWNE DRIVE,40502,605,2017-05-26,2020-08-19,40,37.998737175117,-84.498218862208
102519,THE CUBAN CORNER,"1496 LEESTOWN RD., SUITE 125",40511,603,2021-01-11,2023-03-14,63,38.065587096853,-84.523454692632
102520,GRIMALDI'S PIZZERIA,"118 MARION, STE 110",40517,11,2017-07-27,2025-11-18,64,,
102537,RIGHT BAYOU STATE MOBILE,"342 WALLER AVE., 3-G",40504,605,2017-05-25,2017-05-25,7,38.029603309461,-84.517526780813
102595,"LUNCH LINE LLC, THE STATE MOBILE",212 ELKHORN MEADOWS,40324,605,2017-06-01,2017-06-01,4,38.209514955071,-84.534722893635
102603,TAKERIA TORRES STATE MOBILE,1081 E NEW CIRCLE RD #26,40505,605,2017-06-06,2017-06-06,2,38.035636481558,-84.453911654792
102625,BENNIGAN'S RESTAURANT,5532 ATHENS-BOONESBORO RD,40509,605,2017-06-08,2018-01-26,11,37.961607174089,-84.38691885839
102626,WHOLE FOODS MARKET LLC,4055 FINN WAY,40517,55,2017-06-21,2025-12-03,100,,
102652,GENJI - SUSHI BAR,4059 FINN WAY,40517,11,2017-06-20,2025-11-17,63,,
102669,"LA BONNE VIC, LLC","1060 CHINOE RD, STE 108",40502,605,2017-06-14,2017-06-14,3,37.997769521367,-84.48071491237
102674,NATHANIEL MISSIONARY SOCIETY KITCHEN,550 W 6TH ST,,,2017-06-08,2018-06-07,15,38.059246796551,-84.492268897018
102696,CORELIFE EATERY,"4040 FINN WAY, STE 110",40517,605,2017-07-31,2023-11-21,98,,
102703,MOD PIZZA,"4101 TATES CREEK CENTRE , STE 140",40517,11,2017-06-20,2024-06-24,73,37.96993417395,-84.497580956576
102741,BLACK ROSE TATTOO,,40507,,2025-12-10,2025-12-10,1,,
102794,ROYAL HARVEST MARKET LLC FARMERS RETAIL,567 RED HAWK LN,42718,610,2017-06-24,2020-08-04,2,37.394465927094,-85.194721197355
102795,REPICCI'S ITALIAN ICE OF THE BLUEGRASS ST MOBILE,222 WILSON DOWNING RD,40517,605,2017-06-20,2019-08-17,46,37.983426185193,-84.518570180735
102796,MIMI'S SOUTHERN STYLE COOKING STATE MOBILE,126 E NEW CIRCLE RD,40505,605,2017-06-20,2019-07-16,19,38.064474900851,-84.469472096119
102804,EL COSTENO JR,1144 WINBURN DR,40511,605,2017-06-20,2021-06-09,16,38.0892128177,-84.474887261569
102837,NATHANS FOODS,2548 LANGSTANE LN,40511,605,2017-06-22,2021-06-02,34,38.105106227843,-84.509022561479
102838,PIG AND PEPPER BAKING CO.,962 DELAWARE AVE,40505,605,2017-06-28,2018-06-29,17,38.03965770687,-84.47215289431
102839,TAZIKIS MEDITERRANEAN CAFE,1916 JUSTICE DRIVE,40509,605,2017-07-05,2020-03-18,39,38.017140329963,-84.412723162678
102856,GRINGO'S,537 CLAYMONT DR,40511,605,2017-06-27,2018-07-11,49,38.012511848705,-84.535563309941
102882,OUSLEY WHOLESALE,1205 E. NEW CIRCLE RD,40505,610,2017-12-07,2020-11-30,9,38.03209214988,-84.452827905418
102895,BLUE SUSHI SAKE GRILL,105 SUMMIT AT FRITZ PARK STE 130,40517,605,2017-08-14,2025-10-20,78,,
102942,TACO LOCO STATE MOBILE,118 PARIS AVE,40505,605,2017-07-06,2021-05-26,13,38.063045595767,-84.475340412318
102964,GALLOPS INC,5355 ATHENS BOONESBORO RD,40509,55,2017-08-04,2025-11-14,94,37.964277433107,-84.391335918442
102973,CRU A WINE BAR AND RESTAURANT,107 SUMMIT AT FRITZ FARMS #120,40517,11,2017-07-14,2024-06-27,65,,
103011,KENTUCKY Q LLC,3901 RAPID RUN DR APT #13,40515,52,2017-07-20,2025-08-16,38,37.965138896247,-84.483076492738
103074,DUTCH'S BAKE SHOP,"185 PASADENA DRIVE, STE 150",40505,610,2017-05-10,2017-05-10,1,38.004560893918,-84.522340070843
103108,FREDERICK DOUGLASS HIGH SCHOOL,2800 WINCHESTER RD,40509,SCHOOL,2017-08-10,2025-10-16,48,38.039184880581,-84.408518461078
103109,FREDERICK DOUGLAS HIGH SCHOOL,,40509,SCHOOL,2025-10-16,2025-10-16,1,,
103121,NEPAL VEGAN,962 DELAWARE AVE,40505,605,2017-08-04,2018-12-13,15,38.03965770687,-84.47215289431
103122,THE GINGKO TREE,1305 FINCASTLE RD,40502,605,2017-08-02,2023-08-18,52,38.02880763396,-84.481795694754
103129,LEWIS HALL CAFE,1120 UNIVERSITY DRIVE #U-138,40526,605,2017-08-17,2019-11-19,31,,
103170,"LOCO ICE, DBA KENTUCKY SHAVED ICE SHAVED ICE",3101 CLAYS MILL RD,40503,SHAVED ICE,2017-08-10,2025-08-06,6,38.003933324905,-84.544211718628
103182,FIDA'S CARRIBEAN CAFE - COMMISSARY,340 EAST NEW CIRCLE RD,40505,605,2017-08-10,2018-01-24,4,38.058823751768,-84.463841077792
103206,DOUBLE DOGS,"1916 JUSTICE DRIVE, STE 130",40509,605,2017-08-31,2025-11-06,70,38.017140329963,-84.412723162678
103232,PAPA JOHN'S #4861,400 HILLTOP AVE,40508,605,2017-08-17,2022-10-31,63,,
103246,ATOMIC RAMEN,119 MARION SUITE 195,40517,605,2017-08-30,2019-10-21,53,,
103247,CRANK & BOOM,119 MARION SUITE 150,40517,607,2017-08-15,2020-01-16,33,,
103291,BEAR DAWGS PUSH CART,704 PASADENA DR,40503,605,2017-08-17,2019-01-25,8,38.014539035961,-84.545098698099
103315,SMITHTOWN SEAFOOD AT THE SUMMIT,119 MARION SUITE 160,40517,605,2017-08-29,2020-01-17,44,,
103325,JIMMY JOHN'S,427 REDDING RD,40517,11,2017-08-29,2025-07-07,58,37.984121714136,-84.496791697576
103369,WESTCHESTER ON THE CIRCLE (OUTDOOR POOL),,40511,(OUTDOOR POOL),2025-07-28,2025-07-28,1,,
103370,POJO'S POP STATION,"119 MARION, STE 180",40517,605,2017-09-05,2019-12-09,44,,
103371,WHISKEY BEAR,"119 MARION, STE 170",40517,605,2017-09-07,2021-09-13,47,,
103381,LEGACY RESERVE AT FRITZ FARM,2700 MAN O WAR BLVD,40515,FARM,2017-09-22,2025-11-05,59,37.976037220129,-84.529968565852
103401,KROGER FIELD CONCESSION #178,1540 UNIVERSITY DR,40506,#178,2017-09-09,2025-10-18,49,38.020735764383,-84.509953367431
103402,KROGER FIELD LONGSHIP,1540 UNIVERSITY DR,40506,610,2017-09-09,2025-10-22,36,38.020735764383,-84.509953367431
103403,KROGER FIELD CONCESSION #156,1540 UNIVERSITY DR,40506,#156,2017-09-09,2025-10-18,55,38.020735764383,-84.509953367431
103405,THE CATTLE DRIVE,4561 IRON WORKS PIKE,40511,605,2017-09-08,2022-02-22,56,38.149657326667,-84.535469719256
103412,EL GRINGOS,2151 CHRISTIAN RD,40509,605,2017-09-05,2018-03-26,19,38.030673618635,-84.450386902221
103449,FOOD CHAIN INC,501 W 6TH ST,40508,605,2017-10-05,2025-08-27,33,38.05918362219,-84.491999523951
103479,JERSEY MIKE'S SUBS WAR ADMIRAL,2200 WAR ADMIRAL WAY SUITE 175,40509,ADMIRAL,2017-09-25,2025-11-10,61,38.038195544959,-84.427026741065
103480,ATHENIAN GRILL AT FRITZ FARM LLC,119 MARION SUITE 110 & 120,40517,607,2017-09-21,2020-01-16,103,,
103560,BOURBON N' TOULOUSE COMMISSARY,812 EUCLID AVE,40502,COMMISSARY,2017-09-28,2025-11-18,36,38.030091513591,-84.491188334678
103563,PIZZA HUT #6006026,1650 BRYAN STATION RD #118,40505,605,2017-11-08,2025-08-27,50,38.060545619244,-84.46321099488
103583,EL TROMPO,1205 VERSAILLES RD,40508,605,2017-09-28,2017-09-28,8,38.050081580313,-84.51909123066
103594,FIDAS CARIBBEAN CAFE,601 NORTH LIMESTONE,40508,605,2017-10-26,2018-12-06,25,38.053963579322,-84.486377984416
103595,TACOS SAN JUAN MOBILE,139 ALAMO DR,40324,605,2017-09-29,2017-09-29,2,38.157665496002,-84.540051311217
103601,CLARK'S PUMP N SHOP VERSAILLES RD,1419 VERSAILLES RD,40504,VERSAILLES RD,2017-10-03,2025-08-01,119,38.049468115848,-84.527226966676
103602,BABALU TAPAS AND TACOS,4040 FINN WAY SUITE 150,40517,605,2017-10-12,2019-04-25,39,,
103603,MR. BREWS TAPHOUSE,220 RUCCIO WAY SUITE 110,40503,605,2017-12-11,2025-10-13,55,37.996720047388,-84.530215839531
103630,JASON'S DELI,134 MALABU DR,40503,605,2017-10-30,2025-10-27,61,38.002447692057,-84.517377763172
103661,MARTINE'S PASTRIES,400 E. THIRD ST,40508,605,2018-03-23,2025-10-23,55,38.044808283318,-84.486964267581
103662,KYLE'S KITCHEN (STATE MOBILE),908 HICKORY HILL,40356,605,2017-10-13,2021-05-17,16,37.876311955778,-84.59286335501
103663,THE MILL BAKERY,341 SOUTHLAND DR,40503,605,2017-10-20,2019-03-13,30,38.016647628586,-84.524659938037
103707,CASTLEWOOD PARK SPRAY (OUTDOOR),,40505,(OUTDOOR),2025-08-07,2025-08-07,1,,
103708,DOUGLAS PARK SPRAYGROUND,,40508,,2025-08-12,2025-08-12,1,,
103713,"THAILAND EXPRESS, THE",556 COLUMBIA AVE,40508,605,2017-10-20,2018-06-12,17,38.030826798178,-84.497313644959
103714,"DOUGH BUG, THE",962 DELAWARE AVE,40505,605,2017-10-31,2018-06-29,14,38.03965770687,-84.47215289431
103735,CRAWFORD MIDDLE SCHOOL CONCESSIONS CONCESSIONS,1813 CHARLES DR,40505,CONCESSIONS,2017-11-06,2025-10-24,10,,
103740,ADELINE'S CAKE ARTISTRY,720 BRYAN AVE,40505,605,2017-11-16,2018-06-13,20,38.056653149541,-84.481695532967
103743,INDEPENDENCE HOMES #1,507 ROGERS RD,40505,605,2017-10-20,2025-11-05,21,38.08463301506,-84.45241747003
103803,RANADA'S KITCHEN,312 S. ASHLAND AVE,40502,605,2017-11-09,2020-07-23,4,38.031024240204,-84.49021973783
103804,BLVD GRILL,844 HAYS BLVD,40509,605,2017-11-30,2024-02-07,63,,
103827,KENTUCKY BLENDED NUTRITION EAST,170 N EAGLE CREEK,40509,605,2017-11-20,2019-05-03,30,38.000526246126,-84.439945909419
103844,MCDONALD'S,3100 PIMLICO PKWY,40517,605,2017-11-28,2025-08-13,52,37.985709006158,-84.459738014223
103847,LAFAYETTE BASKETBALL/VOLLEYBALL CONCESSION,401 REED LANE,40503,603,2018-04-27,2019-11-25,3,38.025062324858,-84.525333842496
103849,UK HOT CRAFT MEN'S LOCKER ROOM #2- INDOOR,,40508,ROOM #2- INDOOR,2025-11-25,2025-11-25,1,,
103850,UK COLD CRAFT MEN'S LOCKER ROOM #1- INDOOR,,40508,LOCKER ROOM #1- INDOOR,2025-11-25,2025-11-25,1,,
103893,JOSANNE'S,3449 BUCKHORN DR,40515,11,2017-11-27,2024-05-23,56,37.976215395979,-84.458462435351
103920,TOWNE PLACE SUITES BY MARRIOTT - INDOOR,,40513,MARRIOTT - INDOOR,2025-09-22,2025-09-22,1,,
104025,LA PETITE ACADEMY,148 MALABU DR,40503,605,2018-01-10,2025-11-06,39,38.002308533149,-84.517234085405
104033,PIETANA,210 ROSEMONT GARDEN,40503,605,2017-12-21,2025-11-17,49,38.019248792116,-84.521759744595
104064,QUIET PLEASE,269 W MAIN ST 1ST FLR G,40507,605,2018-02-08,2019-03-22,20,38.047977061828,-84.498697620743
104065,AMAZON FUFILLMENT LEX 2 MAIN CAFE- MKT C,172 TRADE ST,40511,2 MAIN CAFE- MKT,2018-09-07,2025-11-18,7,38.074153476859,-84.546458082104
104066,AMAZON FULFILLMENT-LEX 2 GLASS RM (FKA BLDG 2),172 TRADE ST,40511,2 GLASS RM (FKA,2018-09-13,2025-11-18,7,38.074153476859,-84.546458082104
104067,AMAZON FUFILLMENT-LEX 1 A-MKT C,1850 MERCER RD,40511,1 A-MKT C,2018-09-19,2025-10-28,10,38.078098749415,-84.532457655128
104068,AMAZON FUFILLMENT-LEX 1 NEW C-MKT C,1850 MERCER RD,40511,1 NEW C-MKT C,2018-09-19,2025-10-28,9,38.078098749415,-84.532457655128
104109,LA BONNE VIE PERSONAL CHEF SERVICES,962 DELAWARE AVE,40505,605,2018-01-05,2022-03-04,30,38.03965770687,-84.47215289431
104110,TAQUERIA SAN MIGUEL,3429 BUCKHORN #120,40515,11,2018-01-05,2025-11-21,40,37.976161101173,-84.458018205325
104114,CENTRAL CHRISTIAN CHILD DEVELOPMENT CENTER,105 SPRUCE ST #125,40507,DEVELOPMENT CENTER,2018-01-11,2025-11-12,43,38.045325074112,-84.491994254671
104115,JIMMY JOHN'S,105 N MILL ST,40507,605,2018-01-09,2025-08-21,78,38.048215716998,-84.498887432701
104142,OSCAR DIGGS,155 N. LIMESTONE,40507,605,2018-01-16,2022-01-21,42,38.047376539871,-84.495731643383
104158,UK CHAMPION'S KITCHEN  - STUDENT CENTER,160 AVE OF CHAMPIONS,40506,11,2018-01-04,2025-11-13,47,38.040688491462,-84.503039463729
104180,THE FOX CLUB,987 WINCHESTER RD,40505,605,2018-02-09,2020-02-25,26,38.041985851814,-84.467987525442
104210,DOLLAR TREE #7458,3101 CLAYS MILL RD STE 113,40503,610,2018-02-23,2025-09-03,16,38.003933324905,-84.544211718628
104244,TOWNE PLACE SUITES BY MARRIOTT LEXINGTON KEENELAND,980 MIDNIGHT PASS,40513,MARRIOTT LEXINGTON,2018-02-21,2025-10-31,75,38.015856037902,-84.557385904607
104290,SURE STAY PLUS BY BEST WESTERN,2241 ELKHORN RD,40505,605,2018-03-22,2021-05-18,40,38.043583369505,-84.423128321596
104306,WILD DEUTSCHAND,610 W THIRD ST,40508,605,2018-02-07,2020-11-19,28,38.057074136993,-84.501057176489
104307,STEEL CITY POPS RESTRICTED CONCESSION #1,"111 SUMMIT@FRITZ FARM, STE 110",40517,603,2020-02-19,2020-02-19,1,,
104308,STEEL CITY POPS RESTRICTED CONCESSION #2,"111 SUMMIT @ FRITZ FARM, STE 110",40517,603,2020-02-19,2020-02-19,1,,
104309,BREWED,"124 MALABU DR., STE 110",40503,605,2018-02-09,2022-12-13,36,38.00279794787,-84.518006520499
104338,DOLLAR GENERAL STORE #18131,2167 N. BROADWAY,40505,610,2018-03-23,2024-01-08,10,38.07760666862,-84.45334049598
104347,BLESSED BRO'S BAR & GRILL,909 WINCHESTER RD,40505,GRILL,2018-03-12,2025-12-10,49,38.041707897777,-84.471266824068
104358,GET IN SHAPE KY,"1801 ALEXANDRIA DR, STE 54",40504,605,2018-02-16,2020-02-19,25,38.036272089506,-84.551366449014
104360,LAFAYETTE HS BASEBALL BOOSTERS CONCESSION,401 REED LANE,40503,BOOSTERS CONCESSION,2018-04-27,2025-10-13,26,38.025062324858,-84.525333842496
104468,TACOS 3 HERMANOS (STATE MOBILE),803 CHERRY LANE,40504,605,2019-10-23,2019-10-23,2,,
104469,FREDERICK DOUGLASS HS INDOOR CONCESSION,2000 WINCHESTER RD,40509,INDOOR CONCESSION,2018-04-16,2025-10-16,48,38.041112401868,-84.437435583821
104470,FREDERICK DOUGLASS HS OUTSIDE CONCESSION,2000 WINCHESTER RD,40509,OUTSIDE CONCESSION,2018-04-16,2025-10-16,42,38.041112401868,-84.437435583821
104514,GOKU,1649 LIBERTY RD,40505,605,2018-04-25,2018-08-23,7,38.037326602032,-84.463682086728
104515,TACO TIME DR STATE MOBILE,3490 RIVER PARK,40517,605,2018-03-07,2019-03-12,13,37.979163547935,-84.476973799296
104547,FROM THE HEART CATERING,962 DELWARE AVE,40505,605,2018-03-21,2018-10-01,16,38.03965770687,-84.47215289431
104581,LOS TRES LOCOS (STATE MOBILE),542 E LOUDON AVE,40508,605,2018-06-29,2021-03-30,21,38.050921703857,-84.474230660681
104582,HOLIDAY INN LEXINGTON HAMBURG,,40509,HAMBURG,2025-11-03,2025-11-03,1,,
104583,HOLIDAY INN LEXINGTON HAMBURG,1976 JUSTICE DR,40509,605,2018-04-30,2023-09-05,69,38.018177076801,-84.411749387312
104641,CABALLO CROSSING- OUTDOOR POOL,,40511,POOL,2025-07-15,2025-07-15,1,,
104650,MIA'S FOOD TRUCK,63 IMPERIAL AVE,40511,605,2019-01-24,2019-06-05,3,38.072300572388,-84.499358799526
104675,LA MARQUESA,3101 CLAYS MILL RD STE 400,40503,605,2018-03-30,2022-09-22,54,38.003933324905,-84.544211718628
104701,COCKTAILS TOO,130 W TIVERTON WAY #195,40503,605,2018-04-04,2025-11-18,51,37.980929410968,-84.53096306968
104702,MOE'S SOUTHWEST GRILL,1975 HARRODSBURG RD,40504,605,2018-04-18,2025-07-25,32,,
104728,HABIBI SWEETS AND BAKERY,"2417 NICHOLASVILLE RD, STE 100",40503,605,2018-05-17,2021-08-16,41,38.002985326435,-84.519720863035
104730,UPPER CRUST FOOD SERVICE,410 ROSE LANE,40508,605,2018-04-11,2020-09-03,20,38.035581831609,-84.499494518873
104731,"BICYCLE FACE, LLC",331 E SHORT ST,40507,605,2018-04-04,2025-09-24,43,38.043115376397,-84.491470285466
104733,COCINA DE MAMA STATE MOBILE,2456 WOODHILL DR,40509,605,2018-03-29,2019-06-15,5,38.015747167043,-84.449682604198
104735,"UK BOOKSTORE, BARNES & NOBLE COLLEGE BOOKSELLERS",160 AVENUE OF CHAMPIONS,40506,& NOBLE COLLEGE,2018-04-19,2025-10-08,86,38.040688491462,-84.503039463729
104854,FEATHER & BLADE,,40502,,2025-08-04,2025-08-04,1,,
104855,SPRINGS AT HAMBURG APARTMENTS BEST WESTERN GLO HOTEL (INDOOR (OUTDOOR),,40509,BEST WESTERN GLO HOTEL (INDOOR (OUTDOOR),2025-09-11,2025-09-11,1,,
104993,LITTLE LEXINGTON ACADEMY,4383 OLD HARRODSBURG RD STE 145,40513,11,2018-04-30,2025-07-15,56,37.99630301311,-84.584659383022
105069,KENTUCKY HORSE PARK GIFT SHOP,4089 IORN WORKS PKWY,40511,610,2018-05-21,2022-09-14,8,38.147731380711,-84.520583688077
105103,SEDONA TAPHOUSE,3600 PALOMAR CENTRE DR,40513,11,2018-08-23,2025-10-15,48,38.005031346653,-84.568590257985
105129,BLUEGRASS KY NUTRITION,719 ALLENDALE DR,40503,605,2018-05-29,2023-02-17,65,38.027645724187,-84.534606860546
105165,POLAR-X,915 BYARS AVE,40505,610,2018-05-21,2018-05-21,1,38.043895054277,-84.469686898525
105167,CAMPUS CATERING 1,160 AVENUE OF CHAMPIONS,40506,11,2018-06-06,2025-11-12,44,38.040688491462,-84.503039463729
105168,WILDCAT COAL LODGE,318 COLLEGE VIEW AVE,40506,11,2018-06-19,2025-09-18,34,,
105169,CAMPUS CATERING 2,160 AVENUE OF CHAMPIONS,40506,11,2018-06-06,2025-11-12,39,38.040688491462,-84.503039463729
105331,ISLAND CHILL,1701 ALEXANDRIA DR,40504,603,2018-06-11,2023-04-06,13,38.040433054252,-84.552276640377
105416,TOBAGO RIBS STATE MOBILE,1601 HAWTHORNE LANE,40505,605,2017-11-16,2018-06-15,5,38.073019290297,-84.474777190383
105417,UNDERGROUND INK NO QUARTER TATTOO,,40503,NO QUARTER TATTOO,2025-10-21,2025-10-21,1,,
105420,THE NUTRITION ZONE,509 E NEW CIRCLE RD,40505,605,2018-07-05,2022-04-28,37,38.054102453529,-84.458945137308
105461,"ALL ABOUT KIDS, LEARNIG CENTER AND CHILDCARE",695 VINCENT WAY,40503,CENTER AND CHILDCARE,2018-06-26,2025-07-08,38,37.998684892094,-84.5469746734
105482,POPCORN PARADISE,724 NATIONAL AVENUE,40505,605,2018-07-03,2023-08-08,37,38.040724071669,-84.479556659076
105518,MAKE A CAKE CUPCAKE BAR,"740 NATIONAL AVE, STE 130",40502,605,2018-08-01,2019-01-08,12,38.040518914481,-84.479189580386
105554,JACKS GRILL,2520 NICHOLASVILLE RD,40503,605,2018-07-26,2021-08-16,24,37.999616237619,-84.520569354664
105568,JERSEY MIKE'S SUBS RICHMOND RD,2901 RICHMOND RD STE 130,40509,RD,2018-07-19,2025-11-17,34,,
105608,RODDY B'S,1060 CHINOE RD STE 108,40502,607,2018-07-19,2020-10-28,21,37.997769521367,-84.48071491237
105609,SUGAR & ICE SHAVED ICE CART,573 ALDERBROOK WAY,40515,603,2018-07-11,2018-07-11,1,37.963723797083,-84.518597267528
105618,CHICK-FIL-A,160 AVENUE OF CHAMPIONS,40508,11,2018-08-02,2025-08-15,36,38.040688491462,-84.503039463729
105619,AUNTIE ANNE'S,160 AVENUE OF CHAMPIONS,40508,11,2018-08-08,2025-10-23,40,38.040688491462,-84.503039463729
105621,NUHEALTH LIFESTYLE - UK GATTON STUDENT CENTER,160 AVENUE OF CHAMPIONS,40508,54,2018-08-09,2024-05-02,53,38.040688491462,-84.503039463729
105622,PANDA EXPRESS,160 AVENUE OF CHAMPIONS,40508,11,2018-08-09,2025-11-12,35,38.040688491462,-84.503039463729
105623,SUBWAY,160 AVENUE OF CHAMPIONS,40508,11,2018-08-09,2025-11-12,38,38.040688491462,-84.503039463729
105647,FRUTERIA  LAS VERACRUZANAS,"133 VENTURE CT, STE 170",40511,610,2018-07-18,2018-07-18,2,38.081796739703,-84.549102176325
105670,FRUTERIA LAS VERACRUZANAS,"133 VENTURE CT, STE 170",40511,607,2019-01-08,2025-10-23,93,38.081796739703,-84.549102176325
105752,SAND BAR - DELETED,2520 NICHOLASVILLE RD,40503,605,2018-08-02,2018-08-02,1,37.999616237619,-84.520569354664
105780,SKYLINE CHILI,2850 RICHMOND RD,40509,11,2018-08-24,2025-12-02,34,38.007184534146,-84.452765149048
105781,BROWN'S TASTEE BEER CHEESE,1241 BALLARD RD,40342,610,2019-07-06,2021-05-22,3,,
105798,JACK'S SANDBAR AND GRILL,2536 LARKIN RD,40503,605,2018-08-02,2024-01-31,35,37.999683414232,-84.516832287996
105800,"LAFAYETTE HIGH SCHOOL ATHLETICS FOOTBALL, SOCCER, TRACK & FIELD","FOOTBALL, SOCCER, TRACK & FIELD",40503,"FOOTBALL, SOCCER, TRACK & FIELD",2018-08-08,2025-10-27,25,,
105802,"S & B, LLC DBA SUNSET SLUSH OF LEXINGTON, KY",2225 SUNNINGDALE DR,40509,603,2018-08-07,2019-12-12,3,38.01644248532,-84.400315007988
105811,ALPHA CHI OMEGA (AXO) SORORITY,411 PENNSYLVANIA CT,40508,605,2018-08-16,2023-03-28,33,38.034835564833,-84.500263024362
105881,SPOT-ON NUTRITION,145 BURT RD # 18,40504,605,2018-08-15,2020-07-22,20,38.007682967897,-84.519792111911
105882,MACY'S STARBUCKS KIOSK-FAYETTE MALL,3303 NICHOLASVILLE RD,40503,MALL,2018-08-27,2025-09-09,23,37.990227918816,-84.52431737587
105883,CHILL WAGON 2,P.O. BOX 1035,40588,52,2018-09-14,2024-05-17,16,,
105997,ANGIE B'S LLC STATE MOBILE,3316 BIG BEND CT,40517,605,2018-08-21,2021-05-03,9,37.984454368203,-84.463840324096
106010,GRIME'S,4248 SARON DR,40515,11,2018-08-28,2025-07-07,27,37.966751126499,-84.502155246149
106012,BACKROADS BAKERY,962 DELAWARE AVE,40505,605,2018-09-05,2019-09-13,12,38.03965770687,-84.47215289431
106018,UK BASEBALL COLD PLUNGE SPA (INDOOR),,40506,SPA (INDOOR),2025-10-06,2025-10-06,1,,
106020,UK BASEBALL HOT PLUNGE SPA (INDOOR),,40506,SPA (INDOOR),2025-10-06,2025-10-06,1,,
106104,FUJISAN FRANCHISING CORP.,1063 E NEW CIRCLE RD,40505,CORP.,2018-09-27,2025-12-02,24,38.036332358536,-84.454060331923
106129,OLD KENTUCKY KETTLE CORN,1904 WILLIAMSBURG RD,40504,CORN,2018-10-13,2025-10-11,9,38.035969083852,-84.561951600095
106131,FAIRFIELD INN & SUITES,,40505,,2025-11-19,2025-11-19,1,,
106132,FAIRFIELD INN & SUITES,2211 ELKHORN RD,40505,54,2018-09-20,2025-11-19,61,38.045164158536,-84.42296391944
106188,THE BELT LINE,808 N LIMESTONE #1,40505,605,2018-10-05,2022-02-01,32,38.057588288167,-84.481010318717
106226,THRIVE KOMBUCHA (LLC),"810 N LIMESTONE, UNIT 1",40508,607,2018-10-16,2023-08-11,31,38.057664127871,-84.480901615141
106228,REIS & IRVY'S,3401 NICHOLASVILLE DR,40503,610,2018-10-08,2020-07-06,3,37.98845683202,-84.525168704428
106229,GUS'S WORLD FAMOUS FRIED CHICKEN,321 EAST VINE ST,40507,605,2018-10-05,2023-08-21,34,38.040959066022,-84.491854065353
106279,NAIL BAR & SPA,"2304 SIR BARTON WAY, STE 125",40509,605,2018-10-17,2021-05-28,27,,
106280,"THE MAIN SQUEEZE, LLC",3968 KENESAW DRIVE,40515,603,2019-06-01,2019-06-01,1,37.958140556215,-84.482758635369
106281,MIX MASTERS,2323 WOODHILL DR,40509,605,2018-10-10,2022-07-08,31,38.017642086945,-84.455714866189
106282,RALLY'S,4171 TATES CREEK CENTRE DR,40517,605,2018-10-19,2022-07-22,33,37.968710217199,-84.501427140004
106283,BD'S MONGOLIAN GRILL,2520 NICHOLASVILLE RD,40503,605,2018-11-27,2019-06-20,5,37.999616237619,-84.520569354664
106315,"MIRACLES BAKERY, DBA , GLUTEN FREE MIRACLES",161 LEXINGTON GREEN  CIRCLE,40503,605,2018-11-14,2018-11-14,4,37.992954800994,-84.523973904593
106336,COCO STATE MOBILE,903 CHRIS DRIVE,40356,605,2018-10-26,2018-10-26,6,37.926589548772,-84.478831963112
106375,TACOS Y SALSAS STATE MOBILE,4037 SWEETSPIRE DR,40511,605,2018-11-08,2018-11-08,6,37.96794641999,-84.546202901112
106377,UNCLE CHARLIES MEATS,1066 E NEW CIRCLE RD,40505,607,2018-11-21,2025-12-04,59,38.036590228398,-84.45442258778
106381,B.G. CONCESSIONS #1 @ KY HORSEPARK VISTOR CENTER,4089 IRON WORKS PIKE,40511,603,2018-11-15,2018-11-15,1,,
106382,B.G. CONCESSIONS #2 @ KY HORSEPARK VISTOR CENTER,4089 IRON WORKSJ PIKE,40511,603,2018-11-15,2018-11-15,1,,
106384,ZIM'S CAFE,215 W MAIN ST,40507,54,2018-11-15,2025-10-09,58,38.047430489412,-84.498097783229
106422,EIGHT HORSE GLUTEN FREE BAKERY,442 1/2 S ASHLAND AVE,40502,605,2018-12-03,2020-03-03,14,38.029537185765,-84.492252682073
106499,PEARL'S,133 N LIMESTONE,40507,11,2019-01-04,2025-12-03,26,38.04715040424,-84.496064565289
106510,"ORIGINAL KETTLE KORN, LLC",2200 HIGH BRIDGE RD,40390,603,2018-11-14,2022-04-21,4,37.834527149297,-84.681180151219
106582,CLARK'S PUMP N SHOP DETROIT AVE,922 DETROIT AVE,40505,DETROIT AVE,2018-12-27,2025-10-16,53,38.04117400934,-84.471186301457
106620,STARBUCKS,760 PRESS AVE,40508,605,2019-01-04,2025-10-30,21,38.034841680038,-84.511479139046
106621,"SHEPHERD'S HOUSE, INC",635 MAXWELTON CT,40508,11,2019-04-02,2025-07-25,28,38.036481780298,-84.509231642646
106635,"FUSION BREWING, LLC","1170 MANCHESTER ST, STE 150",40508,605,2018-12-27,2022-06-24,20,38.055061393962,-84.515217882983
106675,SHIRAZ PERSIAN AND MEDITERRANEAN CATERING,962 DELWARE AVE,40505,605,2019-01-14,2019-01-14,5,38.03965770687,-84.47215289431
106677,"BACKROADS BAKERY,LLC",109 W SIXTH ST,40508,605,2019-01-04,2022-11-10,24,38.054279831268,-84.486704583664
106678,BEACH HOUSE COFFEE & TAPAS,109 W SIXTH ST,40508,605,2019-01-04,2019-07-24,6,38.054279831268,-84.486704583664
106682,"MAGAR GROCERY, LLC",2532 REGENCY RD UNIT 103,40503,610,2020-01-08,2023-03-07,9,38.001994058349,-84.524422992823
106717,FAR OUT ESPRESSO,962 DELAWARE AVE,40505,605,2019-01-14,2019-01-14,5,38.03965770687,-84.47215289431
106724,GLO LEXINGTON NORTH,1935 STANTON WAY,40511,605,2019-01-18,2025-10-31,87,38.102641319128,-84.484400841192
106726,GLO LEXINGTON NORTH,,40511,,2025-10-28,2025-10-28,1,,
106763,TACOS JUQUILITA (STATE MOBLIE),1725 ROSEGLANS DR.,40504,605,2021-06-04,2023-03-28,8,38.037391950507,-84.536104192577
106766,FIRST WATCH - NICHOLASVILLE RD,119 W. REYNOLDS RD,40503,RD,2019-01-25,2025-12-08,32,37.991491893666,-84.524519584827
106779,DRAKE'S FOOD TRUCK,866 MALABU SUITE 250,40502,52,2019-08-24,2025-09-23,12,37.992121431813,-84.496542163781
106873,WILLIAMS SONOMA,151 LARUE STE 130,40517,610,2020-02-19,2025-10-16,39,,
106915,THE CUE CLUB,140 MOORE DR,40503,11,2019-05-16,2025-07-17,21,38.000072581909,-84.522308466346
106919,ORIENTAL SUPER MART INC.,2220 NICHOLASVILLE RD STE 118,40503,607,2019-02-28,2023-12-14,72,38.008008586798,-84.517638342533
106945,MAXIMA NUTRITION,828 LANE ALLEN RD STE 130,40503,605,2019-03-14,2025-09-29,38,38.030115838,-84.541417838
106946,COSMIC CHARLIE'S,105 W. LOUDON AVE,40508,605,2019-02-19,2020-03-03,9,38.057638776812,-84.481849065299
106947,POJO'S POP STATION,518 SANDAL WOOD DR,40505,603,2019-02-21,2021-03-01,2,38.062360673409,-84.446651466901
106957,CLARION HOTEL - INDOOR SPA,,40511,SPA,2025-12-02,2025-12-02,1,,
107053,EL COSTENO JR 2 (STATE MOBILE),745 KINGSTON RD,40505,MOBILE),2019-02-26,2025-09-15,9,38.092126627035,-84.454837889073
107056,CROSSROADS IGA STORE #761,2656 ABIGAIL WAY,40511,#761,2019-04-19,2025-11-25,54,38.082715440243,-84.546830935848
107057,SOUTHLAND BAGEL,962 DELAWARE AVE,40505,605,2019-03-01,2019-07-06,5,38.03965770687,-84.47215289431
107058,TASTE OF MEXICO ( STATE MOBILE),1924 DEAUVILLE DR,40504,605,2019-03-01,2022-04-26,10,38.050857089602,-84.543500646403
107092,MANCHESTER COFFEE CO.,903 MANCHESTER ST #180,40508,605,2019-03-15,2022-10-25,25,38.052790753117,-84.509393040884
107093,JEFF RUBY STEAKHOUSE,101 WEST VINE STREET,40507,11,2019-04-19,2025-12-15,28,38.045804784001,-84.497959483844
107094,TACOS EL REY,413 N.W NEW CIRCLE RD,40511,605,2019-03-15,2023-04-06,33,38.071512147002,-84.477451266636
107096,UK BASEBALL FIRST BASE CONCESSION,510 WILCAT COURT,40506,603,2021-05-07,2023-05-09,5,,
107099,UK BASEBALL THRID BASE CONCESSION,510 WILCAT COURT,40506,605,2023-03-08,2023-05-09,3,,
107156,33 STAVES,4174 ROWAN,40517,11,2019-07-10,2025-09-09,30,,
107157,ORIGIN HOTEL,,40517,,2025-12-23,2025-12-23,1,,
107162,RESIDENCE INN BY MARRIOTT POOL- OUTDOOR,,40507,POOL- OUTDOOR,2025-07-15,2025-07-15,1,,
107190,WISE BIRD CIDER,1170 MANCHESTER ST. #140,40508,605,2019-03-26,2025-08-20,29,38.055061393962,-84.515217882983
107275,TRAILA HONDURENA (STATE MOBILE),1230 ALEXANDRIA DR,40504,52,2019-03-27,2024-06-20,10,38.053652712973,-84.552701495505
107294,STONEHEDGE FARM PRODUCE,1204 KIDDS MILL RD,40383,610,2021-05-22,2022-06-12,3,37.953662390195,-84.690039846236
107295,TACOS EL POTRILLO,1040 CROSS KEYS #19,40504,605,2019-04-02,2019-04-02,4,38.039361177396,-84.549045561683
107320,SWEET SISTERS SHAVED ICE,416 BOSTON CT,40503,610,2019-04-05,2023-07-04,12,37.98572656139,-84.546266247284
107321,LEXINGTON CHRISTIAN ACADEMY SOCCER,450 W. REYNOLDS RD,40503,ACADEMY SOCCER,2019-08-16,2025-09-15,7,37.994742844319,-84.535919451253
107322,LEXINGTON CHRISTIAN ACADEMY BASEBALL,450 W. REYNOLDS RD,40503,ACADEMY BASEBALL,2021-09-17,2025-09-15,5,37.994742844319,-84.535919451253
107323,JACKED-NUTRITION LLC,962 DELAWARE AVE,40505,605,2019-04-05,2025-12-01,26,38.03965770687,-84.47215289431
107361,LUCY'S KITCHEN,1812 AUGUSTA CT APT 8,40505,605,2019-03-26,2019-03-26,3,38.054012878921,-84.442823226345
107362,FIRST WATCH,2894 RICHMOND RD,40509,605,2019-04-16,2025-10-06,27,38.00661620723,-84.452134822967
107363,SMOKERS BBQ,524 DABNEY DR,40509,605,2019-04-09,2019-04-09,3,38.001063655413,-84.422239180485
107476,ACE'S PLACE,2192 ICEHOUSE WAY,40509,605,2019-04-11,2019-09-06,4,38.014079901611,-84.399413265372
107486,JETS PIZZA - KY003,3735 PALOMAR CENTRE DR STE 70,40504,605,2019-05-01,2025-11-24,31,38.003459531439,-84.571166851002
107552,CITY CENTER STARBUCKS,101 S. LIMESTONE ST.,40507,605,2019-04-18,2023-10-25,24,38.046383401719,-84.49714253646
107735,KULA EATS,2020 ARMSTRONG MILL RD APT 1234,40515,605,2019-04-16,2019-04-16,3,37.969905781952,-84.472184821452
107736,EL CAMPESINO (STATE MOBILE),405 BRECKINRIDGE ST,40508,605,2019-04-23,2022-08-02,7,38.05011615883,-84.479915005329
107773,NEW VISTA,3479 BUCKHORN,40515,605,2019-05-14,2025-10-15,29,37.976287998886,-84.459163434558
107774,THRIVE KOMBUCHA,810 N. LIMESTONE STE 1,40508,605,2019-05-03,2021-05-22,8,38.057664127871,-84.480901615141
107775,EDDE'S CHEESECAKES AND MORE INC.,3408 KY HIGHWAY 581,41263,610,2019-07-06,2019-07-06,1,37.846367805979,-82.77285248662
107846,LAROSA'S PIZZERIA,2890 RICHMOND RD,40509,605,2019-05-02,2023-02-21,29,38.006667873314,-84.452192125338
107847,NATE'S COFFEE,125 CHEAPSIDE,40507,11,2019-06-10,2025-12-05,25,38.047979636942,-84.498425106014
107849,GREAT BAGEL FARM TO BAGEL LEX INC.,3650 BOSTON RD SUITE 108,40514,BAGEL LEX INC.,2019-06-03,2025-11-18,26,37.98048457978,-84.551138754078
107909,HOLY CREPE MOBILE,610 ROGERS RD,40505,605,2019-05-13,2019-05-13,2,38.086851822312,-84.454220152432
107910,MRS. LO'S FROZEN TREATS & MORE,162 N. HANOVER AVE # 8,40502,610,2019-05-14,2019-05-14,1,38.036104215704,-84.48045006445
107924,JESS' BEST,944 DEPORRES AVE,40511,605,2019-05-16,2019-05-16,3,38.070820797285,-84.508513419443
107925,BIG BLUE BURRITO,141 MC CONNELLS TRACE,40511,605,2019-06-14,2019-06-14,2,,
107972,"SWARTZ SWEET TOOTH FAIRY, LLC",2208 CHYLEEN DR.,40505,605,2022-04-28,2023-04-27,2,38.08507372749,-84.459600195436
108047,ZONIC,214 RUGBY RD,40504,610,2019-05-28,2019-05-28,1,38.053898113995,-84.539979459114
108205,"BUN'S SMOKEHOUSE BBQ,LLC",3677 KING ARTHUR DR,40517,605,2019-06-11,2020-02-28,3,37.979966523615,-84.510269373275
108206,THE LOCAL CONNECTION,4561 IRONWORKS PIKE,40511,610,2020-01-24,2023-02-17,15,38.149657326667,-84.535469719256
108207,ROSEMONT STATION,222 ROSEMONT GARDEN,40503,607,2019-07-10,2025-10-23,32,38.019400865011,-84.522195351926
108239,IP&J CUBAN FOOD,400 OLD VINE ST #108,40507,605,2019-07-08,2020-03-10,4,,
108241,SAN JUAN,1984 FAIR OAKS DR APT A,40504,605,2019-06-14,2019-06-14,2,38.046477090764,-84.548375647328
108242,TARGET STORE T-3313,500 S. UPPER ST,40508,610,2019-07-10,2025-09-29,8,38.043406818984,-84.503256358933
108259,HOT BUNS FOOD TRUCK MOBILE TRUCK 0487,,40202,MOBILE TRUCK 0487,2025-08-16,2025-08-16,1,,
108261,COREE'S SIPPIE DIPPIE LEMONADE,511 BRECKENRIDGE ST,40508,603,2020-02-25,2022-09-09,3,38.048698301211,-84.478007591269
108320,EAST COAST SAMMIES (STATE MOBILE),108 COCHRAN RD APT 3,40502,605,2019-06-20,2019-06-20,2,38.027407038485,-84.490203492147
108322,THE HUMAN BEAN,1946 HARRODSBURG RD,40503,605,2019-07-02,2025-08-15,27,38.027351437332,-84.533319627287
108392,ATHENIAN GRILL,110 E MAIN ST,40508,605,2019-07-05,2025-11-03,24,38.046167847525,-84.496905837796
108397,EMBASSY SUITES LEXINGTON GREEN,245 LEXINGTON GREEN CIR,40503,610,2019-12-26,2022-08-29,4,37.994162993177,-84.526453215042
108402,APOLLO PIZZA MEADOWTHORPE TAPROOM,1451 LEESTOWN RD,40511,TAPROOM,2019-08-05,2025-12-02,23,38.06473670145,-84.522031256778
108473,BALANCEBLEU,962 DELAWARE AVE,40505,605,2019-07-23,2020-02-13,3,38.03965770687,-84.47215289431
108534,TATES CREEK WOMENS SOCCER BOOSTER,1111 CENTRE PARKWAY,40517,605,2019-08-01,2019-12-20,4,37.983621219364,-84.484517919726
108536,FOOD DUDE,601 CHESTNUT OAK WAY,40508,605,2019-07-24,2019-07-24,2,38.064687159538,-84.500512022234
108537,GEORGIA PACIFIC LEXINGTON,451 HARBISON RD,40511,610,2019-07-30,2025-12-05,8,38.077987025011,-84.524736057236
108538,PILKINGTON-LEXINGTON-MKT C,1312 RUSSELL CAVE,40505,C,2020-01-07,2025-11-26,7,38.069474532188,-84.47902549697
108539,LEXMARK INTERNATIONAL INC,740 W. NEW CIRCLE,40511,610,2019-07-30,2023-08-18,5,38.073357419009,-84.487867818728
108613,FLAVAS SHAVED ICE,3328 SMOKY MTN DRIVE,40515,603,2019-08-03,2019-08-03,1,37.978401896393,-84.45758243935
108880,FAT GRANNY'S (STATE MOBLIE),1407 N. LIMESTONE,40505,605,2019-08-06,2019-08-06,2,38.062677927118,-84.473951721798
108945,SOUTHLAND BAGEL,428 SOUTHLAND DR,40503,11,2019-09-20,2025-11-07,24,38.018889195276,-84.527412852303
109030,HUB AT CAMPUS LEXINGTON SPA(OUTDOOR),,40508,SPA(OUTDOOR),2025-07-14,2025-07-14,1,,
109031,HUB AT CAMPUS LEXINGTON POOL (OUTDOOR),,40508,POOL (OUTDOOR),2025-07-14,2025-07-14,1,,
109032,GO PUFF,"1109 VERSAILLES RD, UNIT 800",40508,62,2019-09-06,2025-09-03,17,38.050132987093,-84.517311678926
109033,COMMON GROUNDS,620 S. LIMESTONE ST.,40506,605,2019-08-23,2022-04-06,17,38.054288721349,-84.485694709291
109042,BRENDA COWAN ELEMENTARY,,40509,,2025-10-22,2025-10-22,1,,
109043,BRENDA COWAN ELEMENTARY,4801 ATHENS - BOONEBORO RD,40509,605,2019-08-13,2025-10-22,20,37.973520792587,-84.408010553167
109069,AMAZON FULFILLMENT - LEX 2-SECONDARY CAFE,172 TRADE ST,40511,LEX 2-SECONDARY,2020-03-27,2025-11-18,6,38.074153476859,-84.546458082104
109070,AMAZON FULFILLMENT - LEX2 - OVERFLOW,172 TRADE ST,40511,610,2020-03-27,2022-11-28,4,38.074153476859,-84.546458082104
109071,AMAZON FULFILLMENT - LEX,1850 MERCER RD,40511,LEX,2020-01-06,2025-10-28,7,38.078098749415,-84.532457655128
109072,AMAZON FULFILLMENT- OVERFLOW,1850 MERCER RD,40511,OVERFLOW,2020-01-06,2025-10-28,7,38.078098749415,-84.532457655128
109206,GILLEY'S GRILL,859 PINKNEY DR,40504,603,2019-09-10,2020-10-21,2,38.043422462242,-84.532441977712
109392,HORESHOE DINER,3111 SPURR,40511,605,2019-09-24,2021-12-08,14,38.110386187212,-84.539764211305
109393,TAQUERIA LOS JOROCHOS (MOBILE),"3030 LEXINGTON RD, LOT 8",40356,605,2019-09-18,2019-09-18,2,,
109395,TACOS EL POTRO (MOBILE),1322 STEPHEN  FOSTER,40517,605,2019-09-18,2022-11-09,5,37.9761095578,-84.481851198731
109396,N FORBES NUTRITION,1414 N. FORBES RD,40511,605,2019-11-01,2020-09-01,3,38.066186842978,-84.519745576357
109397,TAQUERIA MI PARRAL (MOBILE),808 SHELBY AVE,40505,605,2019-09-23,2019-09-27,3,38.044044211767,-84.468840190669
109398,DRIP COFFEE CO.,2201 SWEETLEAF CT,40513,605,2019-09-25,2019-09-25,2,38.008669011324,-84.578165473933
109399,COST PLUS WORLD MARKET,2321 SIR BARTON WAY #1060,40509,607,2019-11-08,2025-10-03,24,38.02530875979,-84.423046767955
109400,THE BIG BLUE LUNCH BOX,312 HERMITAGE DR,40505,605,2019-09-24,2021-05-19,4,38.067387698273,-84.451835004577
109402,CRISTO REY (STATE MOBILE),1412 HIGH LAWN AVE,40505,605,2019-09-26,2023-04-05,8,38.060567132194,-84.47048369867
109405,POISONED PEN TATTOO CO,,40517,CO,2025-10-14,2025-10-14,1,,
109408,GOLDENROD TATTOO,,40503,,2025-09-27,2025-09-27,1,,
109424,OUTBACK STEAKHOUSE,3395 NICHOLASVILLE RD,40503,11,2019-11-01,2025-11-18,25,37.988560094097,-84.525114246965
109425,CARRITO DE TACOS,1508 CONTINENTAL SQ DR #13,40505,605,2019-11-01,2023-01-23,8,38.046961628423,-84.451309203592
109525,BG CONCESSIONS,2320 JACKS CREKKS PIKE,40515,603,2019-10-19,2019-10-19,1,37.923393194113,-84.413824889236
109548,POJOS POP STATION,"119 MARION ST, SUITE 180",40517,605,2019-11-04,2019-12-09,4,,
109549,GENESIS COFFEE HOUSE AND EATERY,"1403 N. FORBES RD, SUITE130",40511,AND EATERY,2021-03-08,2025-08-28,18,38.064436425904,-84.519611860377
109600,LEXMARK INTERNATIONAL 32 MKTC,740 W. NEW CIRCLE,40511,610,2020-01-06,2023-08-18,5,38.073357419009,-84.487867818728
109601,RESIDENCE INN BY MARRIOTT HOTEL,,40507,HOTEL,2025-08-26,2025-08-26,1,,
109602,RESIDENCE INN BY MARRIOTT FOOD AND RETAIL,150 W. MAIN ST,40507,FOOD AND RETAIL,2019-12-16,2025-09-26,75,38.046931009644,-84.497748846659
109603,LEXINGTON MARRIOTT CITY CENTER HOTEL,,40507,CENTER HOTEL,2025-12-22,2025-12-22,1,,
109604,LEXINGTON MARRIOTT CITY CENTER GREATROOM,121 W. VINE ST,40507,CENTER GREATROOM,2019-12-16,2025-10-08,58,38.045954763654,-84.498120320402
109608,STARBUCKS COFFEE #54447,1745 SHARKEY WAY,40511,605,2019-12-11,2025-09-08,26,38.068067241678,-84.529414176332
109646,TAQUERIA EL GUERRERO ( STATE MOBILE),949 ST. MARTINS AVE,40511,52,2019-11-12,2024-05-22,4,38.071054128898,-84.513491965435
109690,TOTAL GRACE CHURCH,1313 N. LIMESTONE,40505,605,2019-11-26,2025-11-14,21,38.062008206054,-84.474901216593
109691,TRIANGLE PARK CAFE,400 W. MAIN ST,40505,605,2019-12-09,2021-03-05,4,38.048937846458,-84.49996868416
109694,"RUBY JEAN'S, LLC",104 W. SIXTH ST,40508,605,2020-01-02,2021-03-01,7,38.054017145418,-84.486618642931
109700,S & T,171 MARKET ST,40507,605,2019-11-26,2021-03-04,6,38.049067078712,-84.496615259385
109756,DRAKE'S,1880 PLEASANT RIDGE DRIVE,40509,605,2019-12-05,2025-09-19,20,38.016891323106,-84.413669302586
109758,5 DOLLA HOLLA,462 LINDBERG DR,40508,605,2019-11-21,2019-11-21,2,38.067248373502,-84.504319933212
109759,REIS & IRVY'S KY INDOOR,404 SPORTING CT.,40503,610,2019-12-10,2019-12-10,1,37.997159203978,-84.533302965899
109760,REIS & IRVY'S ST. JOSEPH HOSPITAL,1 ST. JOSEPH DRIVE,40504,610,2019-12-04,2019-12-04,1,38.031314711935,-84.521900526356
109788,FRANK'S DONUTS,549 E. THIRD STREET,40507,11,2019-12-06,2025-12-01,40,38.043360512426,-84.483278694973
109789,LAROSA'S PIZZERIA,115 SOUTHLAND DR,40503,605,2019-12-10,2023-09-22,19,38.011703900552,-84.517773015554
109840,PANDA EXPRESS,506 W. NEW CIRCLE RD,40505,605,2019-12-23,2025-09-18,25,38.07201939257,-84.479947810151
109841,VALVOLINE,100 VALVOLINE  WYA,40509,605,2020-01-03,2020-01-03,2,,
109842,SIDECAR BAR,607 N. LIMESTONE,40508,605,2021-03-01,2021-03-01,1,38.054058983902,-84.486241749908
109912,ROULAY,107 W. SHORT ST,40507,605,2020-01-31,2021-06-09,7,38.047069799928,-84.496349410075
109931,O' BROTHER SMOKEHOUSE,500 EUCLID AVE,40502,605,2021-03-08,2022-10-05,9,38.034272928699,-84.495896436278
109933,STINGS LOUNGE,123 W. MAIN ST,40507,605,2020-02-06,2021-10-09,6,38.046594958289,-84.497185841599
109972,SELMA'S CATERING,720 HENRY CLAY BLVD,40505,605,2020-01-23,2024-01-18,70,38.037231334424,-84.465027454737
109996,BABANOOSH,4950 JENNIE KATE LANE,40510,605,2020-01-23,2020-09-30,3,38.053100625778,-84.629622556141
109997,WENDY'S,1100 S. BROADWAY,40504,11,2020-01-30,2025-07-07,22,38.036827668209,-84.51826119023
109998,THE JERK (STATE MOBILE),1313 N. LIMESTONE,40508,605,2020-01-14,2020-05-22,4,38.062008206054,-84.474901216593
110000,BRYAN STATION MIDDLE SCHOOL CONCESSON,1865 WICLAND,40505,SCHOOL CONCESSON,2020-01-24,2025-10-21,9,38.067022990708,-84.45290881685
110054,"ESTEPP'S FRIENDLY SHELL, INC",3197 CLAY MILLS RD,40503,INC,2020-02-11,2025-11-13,39,38.001688993296,-84.545591078081
110066,THE FN KITCHEN,428 SOUTHLAND DR,40503,605,2020-02-14,2020-02-14,1,38.018889195276,-84.527412852303
110067,SWEET PICK & MIX,"3401 NICHOLASVILLE RD, SPACE T - 101",40503,610,2020-07-16,2021-08-09,3,37.98845683202,-84.525168704428
110068,COUNTRY BOY BREWING ( STATE MOBILE),436 CHAIR AVE,40508,605,2020-09-02,2022-08-24,14,38.043721745294,-84.508734794448
110070,THE HUB POOL - OUTDOOR,,40508,,2025-09-05,2025-09-05,1,,
110071,THE HUB SPA - OUTDOOR,,40508,,2025-08-08,2025-08-08,1,,
110111,SHAKE IT,814 EUCLID AVE,40502,605,2020-03-02,2021-03-31,20,38.030071290954,-84.491165903827
110113,CHEVAL BLEU CO LLC DAUGHTERS SOUTHERN LLC (STATE,400 OLD VINE ST 114,40507,DAUGHTERS SOUTHERN LLC (STATE,2020-02-27,2025-09-15,12,,
110151,COSTCO # 1156,1500 FITZGERALD,40511,610,2020-05-13,2023-04-07,7,38.024634970528,-84.411572516455
110153,DAUGHTERS SOUTHERN LLC (STATE MOBILE),720 FAULKHER,40505,52,2020-02-20,2024-06-29,13,38.092725639091,-84.45183567054
110155,"CORNERSTONE COFFEE, LLC DBA HIGH BAR COFFEE",428 SOUTHLAND DR,40503,605,2020-03-06,2023-10-18,20,38.018889195276,-84.527412852303
110168,COOKIES IN THE BLUEGRASS LLC,428 SOUTHLAND DR,40513,605,2020-03-06,2020-03-06,2,38.018889195276,-84.527412852303
110187,JEFFERSON STREET COFFEE,471 JEFFERSON ST,40508,605,2020-03-06,2022-11-02,24,38.057536528844,-84.49520613567
110188,SKIN SAVVY,,40503,,2025-08-15,2025-08-15,1,,
110251,EL CAFE,"1801 ALEXANDRIA DR, STE. 164",40504,605,2020-03-09,2025-11-18,30,38.036272089506,-84.551366449014
110252,WALTER FRANK'S LLC,428 SOUTHLAND DR,40503,605,2020-03-10,2020-03-10,2,38.018889195276,-84.527412852303
110300,DOLLAR GENERAL STORE #20954,4801 LAST CHANCE TRAIL,40511,610,2020-02-27,2024-01-08,6,,
110303,NATURAL FOOD (STATE MOBILE),405 WALLER AVE,40509,605,2020-02-18,2020-03-02,2,38.031771443156,-84.521268719317
110316,MY TAQUITO FELIZ (STATE MOBILE),226 LONDONDERRY,40504,605,2020-03-19,2022-02-01,11,38.053943132748,-84.538599027723
110342,THE INFERNO LLC DBA ETHEREAL BREWING PUBLIC HOUSE,102 W. VINE ST,40507,ETHEREAL BREWING,2023-12-12,2025-10-28,3,38.045749101862,-84.498089015563
110343,LATINO MARKET CROSSROADS IGA STORE #68291,306 SOUTHLAND DR,40503,CROSSROADS IGA STORE #68291,2020-04-03,2025-11-24,36,38.015907928341,-84.523973326508
110344,CROSSROADS IGA STORE #68291,1803 GEORGETOWN RD.,40511,607,2020-04-22,2024-01-05,66,38.085970668452,-84.510819658602
110431,ELIXIR DOWNTOWN,"249 W. SHORT ST., SUITE 101",40507,605,2020-06-05,2022-11-11,37,38.048295436073,-84.497732935877
110432,MATTHEW'S PLACE COMMUNITY KITCHEN,465 PRICE ROAD,40508,KITCHEN,2020-05-20,2025-07-10,17,38.069568503817,-84.506452937475
110439,CLARK'S PUMP N SHOP CLAYS MILL RD,3334 CLAYS MILL RD,40503,CLAYS MILL RD,2020-06-09,2025-07-28,43,37.996863197986,-84.548270113657
110484,LA DONA STATE MOBILE,3553 GALAHADE DRIVE,40517,605,2020-05-12,2021-05-24,8,37.982346503757,-84.511505920089
110485,"LOVE & LUCK TATTOO, LLC",,40503,LLC,2025-12-10,2025-12-10,1,,
110542,KISMET,369 THOMPSON RD,40508,605,2020-06-08,2023-10-03,16,38.057468871233,-84.518121822202
110544,BREVEDE COFFEE CO.,1170 MANCHESTER ST. STE #110,40508,11,2020-09-03,2025-12-10,30,38.055061393962,-84.515217882983
110545,C & D SWEET TREATS,4669 SPRING CREEK DRIVE,40515,610,2020-05-20,2020-05-20,1,37.959444289996,-84.485279267758
110546,"SEQUEL FOOD SERVICES, LLC",428 SOUTHLAND DR,40503,LLC,2020-06-08,2025-11-07,11,38.018889195276,-84.527412852303
110577,EL COBANITO (STATE MOBILE),369 MOLBERRY DR,40509,605,2020-06-05,2020-06-05,2,38.019398912363,-84.451152032533
110580,BOONEDOCKS,6421 ATHENS BOONESBORO RD,40509,605,2020-08-21,2023-10-13,27,37.949129810293,-84.36389438537
110584,FAVOR,574 N. LIMESTONE,40508,605,2020-06-26,2025-12-10,15,38.053616808835,-84.486653087414
110590,PERFECT STEAK BUTCHERY LLC,274 E. NEW CIRCLE RD,40502,610,2020-06-11,2020-06-11,1,38.060660024269,-84.465635954817
110648,PAPI'S RAPIDO,1214 S. BROADWAY,40504,11,2020-06-24,2025-07-30,43,38.035775407897,-84.519856154829
110681,TACO TICO,212 SOUTHLAND DR,40503,605,2020-07-10,2023-06-02,15,38.012966339157,-84.520454354875
110682,ITALX,160 W. MAIN ST,40508,605,2020-07-27,2025-12-04,21,38.046961828183,-84.497781999929
110684,EL PATIO,2628 RICHMOND RD,40509,605,2020-08-13,2025-09-16,25,38.010492152728,-84.456196252863
110686,BIG POPPIE'S (STATE MOBILE),390 NOTTINGHAM RD,40517,605,2020-06-30,2021-05-26,4,37.981573408708,-84.509463593754
110709,TAQUERIA RODRIGUEZ (STATE MOBILE),1561 ALEXANDRIA DR #7,40504,605,2020-07-02,2021-03-20,6,38.045085026002,-84.551973832919
110710,ROLLING BLUE FARM LLC,2865 PARIS PIKE,40511,610,2021-05-22,2022-06-12,2,38.089262310697,-84.434624040797
110753,BUBBLE TEA STUDIO,"535 SOUTH UPPER STREET, SUITE 185",40508,605,2020-07-23,2025-09-08,8,38.042829858033,-84.504305055056
110824,TACOS EL TIO,1912 SPRING ST DR,40505,605,2020-07-14,2021-05-18,4,38.067302231888,-84.450757746076
110832,GRANDPA DUKE'S HOT DOGS & CATERING,1192 DEVONPORT CIRCLE,40504,603,2020-07-08,2020-07-08,1,38.054035063289,-84.555437987969
110887,TRANSYLVANIA UNIVERSITY CAFETERIA,361 N. BROADWAY,40508,CAFETERIA,2020-08-11,2025-09-19,18,38.052529879544,-84.49489272939
110888,TOASTIES,610 E. HIGH ST.,40502,605,2020-07-23,2025-10-13,9,38.033821061141,-84.491472413146
110889,WILDCAT MOBILE NUTRITION,2041 CARIANDER LANE,40505,605,2020-07-21,2020-07-21,4,38.048667066143,-84.428715129843
110892,EL MARIACHI MEXICAN,1916 JUSTICE DR SUITE 110,40509,605,2020-07-23,2025-11-10,18,38.017140329963,-84.412723162678
110893,KS BAR AND GRILL,"1030 S. BROADWAY, STE 1",40504,11,2020-07-08,2025-09-02,28,38.03808243971,-84.516279575827
110895,LEX LIVE - GAME DAY SPORTS BAR,301 S. BROADWAY,40508,SPORTS BAR,2021-02-26,2025-11-17,16,38.046851685367,-84.502957496959
110896,LEX LIVE - LOWER CONCESSION,301 S. BROADWAY,40508,605,2021-02-26,2025-11-17,19,38.046851685367,-84.502957496959
110897,LEX LIVE - UPPER CONCESSION/BAR,301 S. BROADWAY,40508,605,2021-02-26,2025-11-17,16,38.046851685367,-84.502957496959
110898,LEX LIVE - MAIN KITCHEN,301 S. BROADWAY,40508,605,2021-02-26,2025-11-17,19,38.046851685367,-84.502957496959
110899,LEX LIVE - CORNER BAR,310 S. BROADWAY,40508,605,2021-02-26,2025-11-17,16,38.047446606024,-84.501904203856
110906,PHO KYTCHEN,962 DELAWARE AVE,40505,605,2020-08-26,2022-07-28,10,38.03965770687,-84.47215289431
110911,WILDCAT SALOON,123 CHEAPSIDE,,,2020-08-05,2020-08-05,1,38.047970551865,-84.498437872113
110912,LEESTOWN COFFEE HOUSE,1416 LEESTOWN RD,40511,605,2020-09-17,2025-09-26,22,38.063959728936,-84.521148075992
110922,KAPPA ALPHA THETA,408 PENNSYLVANIA CT,40507,605,2020-08-10,2023-03-20,17,38.034775258281,-84.500389647079
110933,"FETE BOARDS, LLC",574 N. LIMESTONE ST,40508,605,2020-08-12,2020-08-12,2,38.053616808835,-84.486653087414
110938,THE TAKO WAGON ( STATE MOBILE),1704 CLAYS MILLS RD. UNIT A,40503,605,2020-08-05,2020-08-05,2,38.02897994641,-84.52935380768
110961,BAYLEAF DIASPORA KITCHEN,962 DELAWARE AVE,40505,605,2020-09-01,2021-10-01,11,38.03965770687,-84.47215289431
110969,THE SALAD BAR,716 N. LIMESTONE,40508,605,2021-03-01,2021-03-01,1,38.05571330604,-84.483692694437
110982,STEAM / SUCCESS ACADEMY,1555 GEORGETOWN RD.,40508,605,2020-10-22,2025-10-28,20,38.083034244709,-84.509608916497
111039,INFRAMUNDO,1801 ALEXANDRIA DR #50,40504,605,2020-08-26,2022-03-08,14,38.036272089506,-84.551366449014
111043,ENCORE ADHC,2432 REGENCY ES #200,40503,605,2020-10-13,2023-04-11,25,38.00381938108,-84.525061893554
111050,STEAM / SUCCESS ACADEMY,,40508,,2025-10-28,2025-10-28,1,,
111052,WALTER FRANK'S LLC,2400 NEWTOWN PIKE,40508,605,2020-09-02,2021-11-22,11,38.109195682761,-84.482197165649
111061,NUHEALTH LIFESTYLE - UK JOHNSON CENTER,434 COMPLEX DR,40502,607,2020-09-09,2023-10-11,30,38.029448736276,-84.50550379155
111071,NATHAN'S FOOD TRUCK #2,2548 LANGSTANE LANE,40511,605,2020-08-18,2023-08-26,13,38.105106227843,-84.509022561479
111092,KATIE'S HAPPY HOT DOGS,3637 IRON LACE DRIVE,40509,603,2020-08-28,2021-07-30,2,38.005081278403,-84.403524861313
111093,POWDER BROWS & MICROBLADING BY YO,,40504,BY YO,2025-12-18,2025-12-18,1,,
111094,RICKHOUSE PUB,"1170 MANCHESTER ST., STE #130",40504,605,2020-09-02,2022-06-24,22,38.055061393962,-84.515217882983
111106,D.A.M. GOOD FOOD LLC,962 DELAWARE AVE,40505,605,2020-09-09,2020-09-09,2,38.03965770687,-84.47215289431
111107,TAQUERIA LA CHIQUIS ( STATE MOBILE),244 VERSAILLES RD.,40601,605,2020-09-01,2023-01-25,13,38.201624931301,-84.832479933783
111114,STARBUCKS #52455,1720 FITZGERALD CT,40509,605,2021-03-24,2025-10-03,15,38.025057005656,-84.410939463755
111115,PANCHITOS ICE CREAM (STATE MOBILE),481 NW NEW CIRICLE RD,40505,605,2020-09-02,2020-09-02,2,38.072233690699,-84.479236019984
111141,ZEN SUSHI,440 HILLTOP AVE,40508,605,2020-09-15,2025-11-12,23,,
111153,PRESTON GREEN,1825 LITTLE HERB WAY,40509,605,2020-09-22,2025-09-16,21,38.027208174189,-84.407957963925
111154,TUDORS BISCUIT WORLD,757 E. NEW CIRCLE RD,40505,11,2020-09-26,2025-12-04,24,38.047275133056,-84.453833929327
111167,EL BUEN TACO #2 (STATE MOBILE),"2220 DEVONPORT, APT H12",40504,605,2020-09-11,2023-09-11,13,,
111168,MOODY MIKE'S,3840 FOREST GREEN DR,40517,605,2021-06-05,2022-06-01,4,37.968913094029,-84.504271998608
111169,EL HABANERO LOCO,1281 VILLAGE DR,40504,605,2020-09-16,2020-09-16,4,38.050743817082,-84.550575823049
111211,TEXAS ROADHOUSE,3116 RICHMOND ROAD,40509,605,2020-10-05,2025-10-24,18,38.002668070181,-84.447693106162
111272,RD1 DISTILLERY,1170 MANCHESTER ST #190,40511,605,2022-03-23,2023-08-28,8,38.055061393962,-84.515217882983
111279,EL CAMIONCITO TACOS,1889 LOST TRAIL LANE,40511,605,2020-10-01,2022-03-16,5,38.086540081685,-84.50560383718
111334,THE FISHTANK,500 EUCLID AVENUE,40502,605,2020-10-16,2025-11-05,13,38.034272928699,-84.495896436278
111338,B K'S,428 SOUTHLAND DR,40503,42,2020-10-26,2024-05-03,20,38.018889195276,-84.527412852303
111342,THE PARLOR (PIERCING),,40509,,2025-11-12,2025-11-12,1,,
111343,THE PARLOR (TATTOO STUDIO),,40509,,2025-11-12,2025-11-12,1,,
111367,"INK PEN TATTOOS, LLC",,40504,,2025-10-14,2025-10-14,1,,
111403,GUAC 8 TAQUIS (STATE MOBILE),"3429 ALPINC COUT., APT A",40517,605,2020-10-21,2020-10-21,4,37.990537539307,-84.507066563318
111416,MIDDLEGROUND MANAGEMENT LP,962 DELAWARE AVE,40505,605,2020-10-29,2024-02-05,17,38.03965770687,-84.47215289431
111421,A CUP OF COMMONWEALTH,401 S. LIMESTONE,40508,11,2020-11-16,2025-11-24,17,38.041529582561,-84.503946762656
111440,OLD NORTH BAR,"101 WEST LOUDON AVE, SUITE 116",40508,605,2020-11-02,2025-10-06,17,38.057365606284,-84.481536626574
111445,LAURA LOU PATISSERIE,"101 W. LOUDON AVE, SUITE 116",40508,607,2020-11-12,2022-09-23,19,38.057365606284,-84.481536626574
111472,TACO TIME  (STATE MOBILE),2220 NICHOLASVILLE RD,40503,605,2020-10-29,2021-09-09,11,38.008008586798,-84.517638342533
111497,JIMMY JOHN'S,1445 NEWTOWN DRIVE,40511,605,2020-11-17,2025-10-15,20,38.083998823234,-84.489083718088
111498,DUNBAR COMMUNITY CENTER,545 N. UPPER ST,40508,605,2024-02-06,2025-10-06,2,38.053898997462,-84.48840144591
111500,MIXED ON MAIN,377 E. MAIN STREET,40507,605,2021-03-01,2021-03-01,4,38.041885519274,-84.491867838627
111502,"ESTEPP'S FRIENDLY SHELL, INC","1445 NEWTOWN CENTER WAY, STE 120",40511,INC,2020-11-17,2025-09-18,30,38.083998823234,-84.489083718088
111509,ARTISAN APARTMENTS,,40511,,2025-08-26,2025-08-26,1,,
111519,EL TAKONAZO (STATE MOBILE),1249 E. NEW CIRCLE RD.,40505,605,2020-11-17,2023-03-16,10,38.03097315865,-84.45251249397
111525,THE BREEZE WINE BAR,101 W LOUDON AVE,40508,605,2020-12-10,2023-04-13,10,38.057365606284,-84.481536626574
111541,HOME2 SUITES,1750 PLEASANT RIDGE DRIVE,40509,605,2020-12-08,2025-09-29,44,38.01682076794,-84.411484636271
111542,HOME2 SUITES,,40509,,2025-11-11,2025-11-11,1,,
111543,CENTRAL BANK CENTER - RUPP KITCHEN,430 W VINE ST,40507,605,2020-11-24,2022-10-20,14,38.049432604464,-84.500968150647
111544,CENTRAL BANK CENTER - PANTRY A,430 W VINE ST,40507,- PANTRY A,2021-11-16,2025-11-07,10,38.049432604464,-84.500968150647
111545,CENTRAL BANK CENTER - PANTRY B,430 W VINE ST,40507,- PANTRY B,2021-11-16,2025-11-07,10,38.049432604464,-84.500968150647
111550,NOURISHED FOLKS,"101 W. LOUDON AVE, STE 168",40508,605,2020-12-03,2025-10-20,19,38.057365606284,-84.481536626574
111584,HALL'S BARBEQUE,101 W. LOUDON STREET,40508,605,2022-02-08,2022-02-08,1,38.057365606284,-84.481536626574
111585,TOWER HILL SPORTS,404 SPORTING COURT,40507,610,2020-12-04,2020-12-04,1,37.997159203978,-84.533302965899
111594,MARISCOS TIJUAS (STATE MOBILE),110 CYNTHIA DR,40356,605,2021-01-20,2023-09-22,15,37.956836229859,-84.536168282682
111612,LOUISIANA PASSION CATERING,"101 WEST LOUDON AVE, B-9",40508,605,2020-12-15,2022-07-04,2,38.057365606284,-84.481536626574
111634,WILSON'S GROCERY AND MEAT- GREYLINE,"101 WEST LOUDON AVE, SUITE 114",40508,607,2020-12-11,2022-03-18,14,38.057365606284,-84.481536626574
111635,CINNABON,"3401 NICHOLASVILLE RD, UNIT 311",40503,605,2021-02-12,2024-02-12,25,37.98845683202,-84.525168704428
111667,RANADA'S KITCHEN,496 E. HIGH ST,40502,605,2021-01-04,2021-09-14,8,38.036860189828,-84.492973349258
111676,PELICO TACOS  (STATE MOBILE),1729 COSTIGAN DR,40511,605,2020-11-06,2020-11-06,4,38.090728475912,-84.480778156063
111710,NORTH LIME COFFEE & DONUTS,"101 WEST LOUDON AVE, STE 160",40508,DONUTS,2021-01-07,2025-12-01,13,38.057365606284,-84.481536626574
111742,MCDONALD'S #39362,1845 GEORGETOWN RD,40511,605,2021-01-21,2025-08-19,15,38.086886933328,-84.511129703512
111743,THE SALAD BAR,101 W. LOUDON,40508,605,2021-02-05,2023-03-23,12,38.057365606284,-84.481536626574
111767,MISS MILOLO CUISINE,2911 E. LEESTOWN RD.,40347,605,2021-02-02,2021-02-02,4,38.086778267352,-84.553916467166
111809,HORIZON ADULT HEALTH CARE,2433 REGENCY ROAD,40503,CARE,2021-02-25,2025-07-29,29,38.003806190752,-84.525206353126
111811,JUSTINS' HOUSE OF BOURBON,601 WEST MAIN ST,40508,605,2021-02-08,2025-08-11,16,38.051875562258,-84.503086098157
111812,DISCOUNT BRANDS GENERAL STORE,"1474 ANNISTON DR, STE A5",40505,610,2021-02-01,2022-06-08,2,38.056834584225,-84.438261020188
111818,TOBY'S TACOS - MOBILE,344 E. TIVERTON WAY,40517,605,2021-01-29,2021-01-29,4,37.975775805883,-84.516416912679
111836,FULL OF SOUL,428 SOUTHLAND DRIVE,40503,605,2021-02-09,2021-08-30,6,38.018889195276,-84.527412852303
111863,ETHEREAL CORNERSTONE,405 S. LIMESTONE,40508,605,2021-03-19,2025-10-08,14,38.041514727246,-84.50396752978
111867,EL JAIBO - MOBILE,63 IMPERIAL AVE,40511,605,2021-02-09,2021-03-21,5,38.072300572388,-84.499358799526
111905,B'JUICED,344 S MARTIN LUTHER KING BLVD,40508,605,2021-03-02,2022-08-18,8,38.040606469466,-84.501703732
111906,EPSILON CHAPTER OF ALPHA GAMMA DELTA,325 COLUMBIA TERRACE,40508,605,2021-03-11,2023-02-13,14,38.034884402637,-84.501349173757
111927,CHARCUTAREIN,380 W. MAIN STREET,40507,605,2021-03-09,2025-10-14,17,38.048715528172,-84.499719866418
111976,SAND FLEA INVESTMENTS INC DBA MANNY'S SUPER MARKET,1747 ALEXANDRIA DR,40504,607,2021-03-19,2023-02-23,33,38.039393449322,-84.552580424943
111991,THE SOCIAL VEGAN,"101 W. LOUDON AVE, STE 162",40508,605,2021-03-19,2023-10-27,14,38.057365606284,-84.481536626574
112031,THE MURDER ART COLLECTIVE,,40508,,2025-12-09,2025-12-09,1,,
112033,AG CREDIT FOOD DEMONSTRATION KITCHEN,101 W. LOUDON AVE,40508,605,2021-04-20,2021-12-16,5,38.057365606284,-84.481536626574
112038,STUARTO'S OLIVE OIL COMPANY,443 S. ASHLAND AVE,40502,610,2021-04-02,2022-04-01,3,38.029631000244,-84.492348088261
112054,"MARKET WAGON, INC","2519 REGENCY RD, SUITE 105",40503,610,2021-04-12,2022-08-09,3,38.00227593794,-84.524531205053
112077,THE BLUSHERY,825 NATIONAL AVE,40502,607,2021-05-03,2024-01-04,22,38.039294548406,-84.47707166237
112112,CATTYWAMPUS STATION,161 LEXINGTON GREEN CIR STE C-6,40503,605,2021-04-05,2024-02-05,18,37.992954800994,-84.523973904593
112124,BLUEGRASS MONTESSORI,,40507,,2025-10-17,2025-10-17,1,,
112125,TAQUERIA RODRIGUEZ #2 ( STATE MOBILE),1561 ALEXANDRIA DR #7,40504,605,2021-04-01,2021-04-01,4,38.045085026002,-84.551973832919
112148,ROSTICERRA DONALDO,"1804 ALEXANDRIA DRIVE, STE 103",40504,605,2021-04-20,2023-12-06,17,38.036279375194,-84.551202342445
112157,FAITH BAKES,3459 BUCKHORN DR,40517,605,2021-04-20,2021-10-28,5,37.976242543383,-84.458684550364
112159,TACOS EL PAISA (STATE MOBILE),141 DIXIE PLAZA,40475,605,2021-04-07,2021-04-07,4,37.727391214233,-84.27704891604
112171,ANIEL ACOSTA,251 CHIPPENDALE CIRCLE #1432,40517,605,2021-04-09,2023-03-27,5,38.006201969496,-84.45924562775
112223,GARDENIA'S LLC DBA EL CID,701 NATIONAL AVE,40502,605,2023-04-21,2023-09-05,8,38.041125258654,-84.480023072579
112225,BB ICE CREAM,1621 LINDY LANE,40505,610,2021-04-15,2021-04-15,1,38.038816611303,-84.463865502957
112251,ESTEPP'S HOT HEAD BURRITOS,"1445 NEWTOWN CENTER WAY, SUITE 110",40511,605,2021-05-06,2025-12-11,20,38.083998823234,-84.489083718088
112255,"BIG CITY PIZZA HAMBURG, LLC",2312 SIR BARTON WAY #110,40509,LLC,2021-04-23,2025-11-07,13,,
112273,RAYANN'S POPCORN COMPANY,101 W. LOUDON,40508,603,2021-04-23,2025-10-17,5,38.057365606284,-84.481536626574
112274,THE RECIPE-FRESH FOOD KIOSK,101 W. LOUDON AVE,40508,607,2021-05-21,2022-02-08,4,38.057365606284,-84.481536626574
112287,NATALIA'S PASTRY SHOP,101 W. LOUDON AVE,40508,607,2021-04-30,2023-05-22,14,38.057365606284,-84.481536626574
112292,"TINIA'S TASTY TREATS, LLC","101 W. LOUDON AVE, D12",40508,607,2021-04-30,2021-04-30,2,38.057365606284,-84.481536626574
112304,BIG KAHUNA HAWAIIAN BBQ,904 LIBERTY RD,40505,BBQ,2021-04-28,2025-09-30,16,38.041637841306,-84.469880874465
112324,WING KYNG,428 SOUTHLAND DR,40517,605,2021-05-04,2023-04-07,12,38.018889195276,-84.527412852303
112335,LUNA LEXINGTON,155 N. HANOVER  AVE.,40502,52,2021-04-29,2024-05-02,3,38.03597799586,-84.48085707503
112354,HEMP CATTLE,101 W. LOUDON,40508,610,2021-04-30,2023-03-23,5,38.057365606284,-84.481536626574
112379,CENTRAL BANK CENTER - MAIN KITCHEN,430 W. MAIN ST,40507,- MAIN KITCHEN,2021-06-11,2025-11-07,19,38.049052024026,-84.500096294356
112387,A TASTE OF FALL,"3401 NICHOLASVILLE RD, SUITE H-82",40503,605,2021-09-09,2021-10-04,5,37.98845683202,-84.525168704428
112420,CRUMBL COOKIES,2106 SIR BARTON WAY #141,40509,605,2021-05-10,2025-09-16,30,38.020476153827,-84.418490673078
112433,FABLE ENTERPRISES,200 WEST MAIN STREET,40507,605,2021-05-17,2021-09-24,3,38.047166005423,-84.498002078022
112447,INEBRIATED BAKER,101 W. LOUDON AVE,40508,605,2021-05-17,2022-07-30,8,38.057365606284,-84.481536626574
112464,N & D AFRICAN FOOD MARKET,"139 E. NEW CIRCLE RD., STE 120",40505,610,2021-08-10,2025-09-17,5,38.064216833859,-84.468819698536
112519,BOONEDOGS STATE MOBILE,5902 OLD RICHMOND RD,40515,605,2021-05-20,2021-05-20,2,37.939212097689,-84.405312194821
112617,LA CENTRO AMERICANA STATE MOBILE,636 NORTH SIDE DR,40505,52,2021-05-28,2024-06-04,4,38.058788599793,-84.44588240211
112635,SOUL TO GO,101 W. LOUDON AVE,40508,605,2021-06-08,2023-04-28,12,38.057365606284,-84.481536626574
112639,POPPA SNAX,607 MORGANHILLS DRIVE,40509,605,2021-06-01,2022-11-09,3,38.02176364628,-84.443997514945
112694,DA DAWG HOUSE,"101 W. LOUDON AVE, C-10",40508,607,2021-06-10,2023-10-27,19,38.057365606284,-84.481536626574
112719,THE VOID SAKE COMPANY,949 NATIONAL AVE.,40502,11,2021-06-09,2024-06-12,14,38.03821483548,-84.474311934977
112764,LEXINGTON OPERA HOUSE,401 W. SHORT ST,40507,605,2022-02-02,2025-09-09,4,38.049526502542,-84.499115978517
112766,CENTRAL BANK CENTER - PANTRY 3RD FL,430 W. MAIN ST,40507,- PANTRY 3RD FL,2021-08-20,2025-11-07,9,38.049052024026,-84.500096294356
112768,CENTRAL BANK CEBTER CBC - PANTRY 2ND FL,430 W. VINE ST,40507,605,2021-08-20,2021-08-20,2,38.049432604464,-84.500968150647
112769,CENTRAL BANK CENTER - CLUB A,430 W VINE ST,40507,- CLUB A,2021-08-20,2025-11-07,13,38.049432604464,-84.500968150647
112770,CENTRAL BANK CENTER CBC - CLUB B,430 W. VINE ST,40507,605,2021-08-20,2021-11-16,4,38.049432604464,-84.500968150647
112771,CENTRAL BANK CENTER - CLUB D,430 W VINE ST,40507,- CLUB D,2021-08-20,2025-11-07,11,38.049432604464,-84.500968150647
112772,FRANK AND DINO'S,271 W. SHORT ST,40507,605,2021-08-11,2025-10-23,19,38.048392519547,-84.497842777761
112806,LA ZAMORANA,582 OLD FRANKFORT PIKE,40347,605,2021-06-18,2021-06-18,2,38.130607402623,-84.720730093088
112870,GEORGE WASHINGTON CARVER,123 E. SIXTH ST,40508,605,2021-12-06,2025-09-23,15,38.053074671547,-84.485390631869
112872,CHEF LI'S PRIVATE KITCHEN,428 SOUTHLAND DR,40505,605,2021-06-25,2023-10-27,10,38.018889195276,-84.527412852303
112880,THE TATTOO LOUNGE,,40504,,2025-09-17,2025-09-17,1,,
112881,MIYAKO EXPRESS,405 S. LIMESTONE,40508,605,2021-07-01,2022-01-18,10,38.041514727246,-84.50396752978
112882,OXFORD NUTRITION,1864 OXFORD CIRCLE,40504,605,2021-06-22,2025-09-24,22,38.049726695856,-84.540206593664
112981,RISE UP PIZZA! B&M,101 W. LOUDON AVE #112,40508,605,2021-07-09,2023-07-20,10,38.057365606284,-84.481536626574
112987,THE MURDER ART COLLECTIVE,,40508,,2025-12-09,2025-12-09,1,,
113016,ELWOOD HOTEL AND FIDDLETREE KITCHEN &,444 PARKWAY,40504,KITCHEN &,2021-08-18,2025-10-13,16,38.035784361901,-84.524304005979
113017,ELWOOD HOTEL AND FIDDLETREE KITCHEN,,40504,KITCHEN,2025-09-22,2025-09-22,1,,
113036,BAD ASS COFFEE OF HAWAII,685 S. LIMESTONE SUITE 140,40508,605,2021-07-30,2025-09-10,13,38.035267631079,-84.508260871685
113108,PANCHOS TAKOS,3376 EMERSON WOODS,40517,605,2021-07-26,2021-07-26,1,37.981479216521,-84.502269769235
113112,BETA PSI CHAPTER OF ALPHA DELTA PI SORORITY,476 ROSE ST,40506,605,2021-08-13,2023-03-20,14,38.035940482458,-84.502333558723
113115,GO SOUTH EATS (STATE MOBILE),2092 TWAIN RIDGE DR.,40514,605,2021-07-22,2021-07-28,4,37.99224331258,-84.580213150133
113120,C & J FOODBAR (STATE MOBILE),224 ELLIS PK,40516,605,2021-07-26,2023-08-10,5,38.071841798213,-84.449289248032
113122,HOT DIGGITY DAWGS,179 WINSTONE AVE,40505,603,2021-08-17,2021-08-17,1,38.070139120723,-84.456167647186
113123,BANG-A-CHAIN,145 BURT RD #11,40503,605,2022-05-02,2023-04-28,5,38.007682967897,-84.519792111911
113146,THE AMAZING JOURNEY,1591 WINCHESTER RD. STE 102,40505,605,2021-12-17,2021-12-17,3,38.042752109041,-84.450348592279
113179,O'HANA MARKET,1701 ALEXANDRIA DR #D,40504,610,2021-07-30,2023-09-11,9,38.040433054252,-84.552276640377
113199,"ROUGH DRAFT FARMSTEAD, LLC",1346 ALTON STATION RD,40342,610,2022-06-12,2022-06-12,1,38.077513781616,-84.95401247025
113233,DV8 KITCHEN #2 LLC,"594 E. THIRD ST, STE 100",40508,605,2021-08-19,2025-11-07,11,38.042724371449,-84.482384986963
113249,"CONDADO TACOS 34, LLC",114 SUMMIT AT FRITZ FARM STE 110,40517,605,2021-08-26,2025-09-04,17,,
113268,LA CHILANGUITA,101 WEST LOUDON AVE.,40508,605,2021-08-18,2022-02-08,4,38.057365606284,-84.481536626574
113298,GREAT BAGEL & BAKERY,550 SOUTH LIMESTONE,40506,605,2021-08-20,2022-04-05,3,38.039043200504,-84.506682258961
113299,BLUEGRASS DISTILLERS,501 WEST SIXTH STREET,40508,605,2021-08-23,2023-09-20,9,38.05918362219,-84.491999523951
113319,AVID HOTEL,1810 BRYANT RD,40509,607,2021-08-27,2025-10-03,11,,
113320,AVID HOTEL,,40509,,2025-08-12,2025-08-12,1,,
113396,HAPPY GUYS CONCESSIONS  #1    LLC,134 JESSELIN DR.,40503,603,2023-07-18,2023-07-18,4,38.010359061535,-84.514083175576
113409,EL AZTECA MEXICAN GRILL,1060 CHINOE RD. SUITE #104,40502,605,2021-09-13,2025-11-20,11,37.997769521367,-84.48071491237
113434,TIKIZ SHAVED ICE & ICE CREAM  (STATE MOBILE),1181 GRAY PEAK,41011,52,2021-08-31,2024-05-11,9,39.073963695044,-84.523728564684
113459,LA ROSA'S #1,1540 UNIVERSITY DR,40506,605,2021-09-02,2023-10-14,8,38.020735764383,-84.509953367431
113460,LA ROSA'S #2,1540 UNIVERSITY DR,40506,605,2021-09-02,2023-10-14,12,38.020735764383,-84.509953367431
113468,MANCHESTER COFFEE CO.,576 E. 3RD ST,40508,605,2021-09-09,2025-10-23,12,38.043121908811,-84.483108138739
113534,SEDONA TAPHOUSE NORTH,1950 NEWTOWN PIKE,40511,11,2021-09-21,2025-10-01,37,38.096031127543,-84.486164630773
113535,S'MORE THAN A FEELING,428 SOUTHLAND DR,40503,605,2021-09-20,2022-04-08,5,38.018889195276,-84.527412852303
113544,LATITUDE 37 #2,,40509,,2025-08-28,2025-08-28,1,,
113551,HABIBIS SWEETS AND PASTRIES,101 W. LOUDON AVE.,40508,605,2021-10-04,2023-08-10,11,38.057365606284,-84.481536626574
113556,THE MAD HORSEMAN,120 WEST SECOND STREET,40507,11,2021-09-22,2025-12-02,11,38.048361875101,-84.494657971248
113566,KENWICK TABLE,201 OWSLEY,40502,11,2021-09-21,2025-12-04,14,38.033920507916,-84.477399043301
113568,DOLLAR TREE #8881,100 MALABU DR.,40503,610,2021-10-11,2025-11-05,4,38.00333328313,-84.519316140454
113573,LATITUDE 37 #1,,40509,,2025-08-28,2025-08-28,1,,
113654,PANCHITOS ICE CREAM #2,2417 NICHOLASVILLE RD,40503,605,2021-09-30,2023-09-18,12,38.002985326435,-84.519720863035
113661,DOLLAR TREE #8880,2296 EXECUTIVE DR,40505,610,2021-09-28,2025-10-14,5,38.042213169847,-84.428479856539
113664,TIGER'S EYE STUDIO,,40507,,2025-11-19,2025-11-19,1,,
113711,GRATZ PARK AT TRANSYLVANIA UNIV.,300 N. BROADWAY,40508,UNIV.,2021-09-14,2025-10-16,8,38.047618767492,-84.501662211584
113712,THE PREP ACADEMY AT RED MILE,1156 HORSEMAN'S LANE,40504,RED MILE,2023-05-30,2025-07-11,8,38.042692199824,-84.526926945565
113713,THE PREP ACADEMY AT WINBURN,1169 WINBURN DR,40511,WINBURN,2021-10-12,2025-10-31,9,38.08907425602,-84.47431193105
113714,THE PREP ACADEMY AT SOUTH LEXINGTON,3500 ARBOR DR,40517,SOUTH LEXINGTON,2021-10-20,2025-10-24,11,37.96966262762,-84.475608766308
113715,THE PREP ACADEMY AT RUSSELL,520 TONER ST,40511,RUSSELL,2021-10-05,2025-12-09,11,38.054413775828,-84.489701480131
113733,BAD ASS COFFEE OF HAWAII,3070 LAKECREST CIRCLE,40514,605,2021-10-07,2025-10-27,19,38.017008723007,-84.554645519714
113742,LA FIESTA TAQUERIA (STATE MOBILE),854 E. LOUDON AVE,40505,MOBILE),2021-10-07,2025-11-07,6,38.043245041749,-84.466603998792
113769,AL TAJ BAKERY,"4097 NICHOLS PARK DR., # 116",40503,11,2021-10-11,2025-11-25,15,37.978500948227,-84.533464826196
113787,DOLLAR TREE #8968,2306 SIR BARTON WAY STE 110,40509,610,2021-11-16,2025-11-10,4,,
113799,DUNKIN DONUTS,2213 VERSAILLES RD.,40504,11,2021-10-27,2025-08-01,19,,
113822,COMMON GROUNDS,3100 OLD TODDS RD. #100,40509,605,2021-12-16,2025-10-29,9,38.00980751073,-84.423034580332
113837,SUNNY SIDE,1165 CENTRE PKWY SUITE 180,40505,605,2021-10-25,2025-10-20,13,37.982516247265,-84.483817463363
113843,"THE MERRICK INN, INC",1074 MERRICK DR,40502,605,2021-10-27,2025-10-30,14,37.992123652925,-84.492204100018
113861,QUE TACO (STATE MOBILE),2905 TUSCALOOSA LN,40515,605,2021-10-22,2023-01-18,6,37.992195006184,-84.450221903981
113887,TACOS TRUJILLO (STATE MOBILE),1553 CHADWICH DR.,40515,605,2021-10-27,2021-10-27,3,37.973022582374,-84.466770542791
113918,PITA PIT,543 S. LIMESTONE,40508,605,2021-11-11,2022-07-27,6,38.039105445096,-84.506804500916
113955,SMOKED (STATE MOBILE),2531 BALLARD RD.,40444,605,2021-11-08,2022-03-19,7,37.742064988341,-84.666431694305
113974,MATY'S AUTHENTIC PERUVIAN CUISINE,4371 OLD HARRODSBURG RD SUITE 160,40513,605,2021-11-22,2022-11-11,8,37.996305876542,-84.58463320306
113984,TAQUERIA MANA (STATE MOBILE),274 E. NEW CIRCLE ROAD,40516,605,2023-12-13,2023-12-13,1,38.060660024269,-84.465635954817
113997,PAPA JOHN'S #5166,3650 BOSTON RD STE 110,40514,11,2021-11-16,2025-11-14,12,37.98048457978,-84.551138754078
114000,"CHRYSALIS HOUSE, INC",1382 BULL LEA RD,40511,605,2021-11-30,2025-08-15,10,38.084815696304,-84.497667919465
114036,TAQUERIA DE LA CRUZ (STATE MOBILE),200 LIVERPOOL,40504,52,2021-11-09,2024-05-10,9,38.055940118311,-84.547380364345
114067,DRAGON FEAST,393 WALLER AVE. STE #14,40513,11,2023-06-05,2025-07-31,4,38.030873637403,-84.520059372389
114119,BABY FACE GRUB,1060 CHINOE DR. STE #108,40502,605,2021-12-13,2021-12-13,3,37.997769521367,-84.48071491237
114138,MAMA TEQUILA,367 W. SHORT STREEET. STE #150,40507,605,2022-01-05,2025-10-10,15,38.049198572691,-84.498746736691
114140,GEORGETOWN CAFE 1,417 GEORGETOWN ST. SUITE #130,40508,605,2021-12-16,2023-10-02,19,38.060263959509,-84.501333471608
114155,TAMALERIA DE LEXINGTON,481 NEW CIRCLE RD.,40511,11,2021-12-10,2025-07-11,10,,
114157,KUNG FU TEA,685 S. LIMESTONE,40508,605,2021-12-22,2023-08-04,12,38.035267631079,-84.508260871685
114184,GEORGE WASHINGTON CARVER ELEMENTARY,,40508,ELEMENTARY,2025-09-23,2025-09-23,1,,
114202,THE WANDERING BOCK QUALITY INN / MAINSTAY SUITES,101 W. LOUDON AVE.,40508,QUALITY INN / MAINSTAY SUITES,2022-01-04,2025-10-10,23,38.057365606284,-84.481536626574
114217,TAQUERIA LA OAXAQUENA (STATE MOBILE),1840 BRYAN STATION RD,40505,605,2021-12-29,2022-12-20,4,38.064345570953,-84.451602804602
114222,ROYAL BLUE MARKET LLC,1485 LEESTOWN RD.,40511,62,2022-01-06,2025-11-04,8,38.065428332815,-84.52301156885
114237,WOW BROWS STUDIOS,,40505,,2025-12-03,2025-12-03,1,,
114245,CHUI'S ICE CREAM AND SODA POP,101 W. LOUDON AVE,40508,605,2022-01-13,2022-08-11,5,38.057365606284,-84.481536626574
114262,PHI KAPPA TAU FRATERNITY HOUSE AT UK,405 PENNSYLVANIA CT,40508,605,2022-01-12,2023-03-28,12,38.034883222517,-84.500316887462
114268,SHANE'S SHACK (STATE MOBILE),"2325 WOODHILL DR, SUITE B",40515,605,2022-03-10,2022-03-10,2,38.017628728731,-84.455657235058
114277,CARDINAL HILL MOBILE FOOD TRAILER,2050 VERSAILLES RD,40504,605,2022-01-31,2022-01-31,3,38.04755635786,-84.54215829836
114285,CAFE RODRIGUEZ,680 LIMA DR. STE. #140,40511,11,2022-02-10,2025-12-08,17,38.07290930865,-84.505884656143
114332,VAN METER JAMES,333 E. MAIN ST SUITE 160,40507,610,2022-02-09,2022-03-17,2,38.04247937072,-84.492542005903
114348,GARDEN SPRINGS MARKET,2034 GARDEN SPRING DR,40504,610,2022-01-26,2023-10-06,17,38.028315577614,-84.542429873895
114350,PARLOR DOUGHNUTS,630 EUCLID AVE #150,40502,605,2022-02-07,2025-09-26,20,38.031814840214,-84.49312275065
114354,"LEXINGTON PREMIER NURSING & REHAB, LLC",2770 PALUMBO DR,40509,"& REHAB, LLC",2022-02-10,2025-09-16,11,38.00726700447,-84.436241083527
114355,CHICK-FIL-A,3401 NICHOLASVILLE RD STE FC-5A,40503,605,2022-07-26,2024-01-26,6,37.98845683202,-84.525168704428
114360,SIGNATURE CLUB - BALLROOM,3256 LANSDOWNE DR,40502,605,2022-02-01,2025-09-12,10,37.998737175117,-84.498218862208
114364,FABLE CHARCUTERIE & WINE LLC,200 W. MAIN ST.,40507,WINE LLC,2023-06-15,2025-10-29,4,38.047166005423,-84.498002078022
114376,GNC,2160 SIR BARTON WAY,40509,610,2022-02-09,2024-01-12,4,38.019773022133,-84.417681029183
114391,SHUN LEE,111 WOODLAND AVE SUITE 101,40502,605,2022-03-18,2025-12-05,15,38.039077680395,-84.489674762715
114393,QUALITY INN / MAINSTAY SUITES,1938 STANTON WAY,40511,SUITES,2022-03-23,2025-10-02,12,38.101605967497,-84.481951226022
114399,NUHEALTH SUPPLEMENTS,2308 SIR BARTON WAY STE 130,40509,607,2022-02-10,2024-01-29,30,,
114418,SOUTH OF WRIGLEY,472 SOUTHLAND DR,40503,605,2022-03-25,2025-10-15,9,38.019791482611,-84.52808523384
114437,KING'S CORNER,573 ELM TREE LANE,40508,607,2022-02-24,2022-09-13,3,38.050572976099,-84.483155741212
114462,BLUEGRASS PACE CARE,2409 MEMBERS WAY,40504,605,2022-02-18,2025-10-10,9,38.020050154818,-84.547390613054
114511,CHICK -FIL- A PALOMAR,4275 HARRODSBURG RD.,40513,11,2022-03-08,2025-07-28,10,37.99841298464,-84.580256914081
114514,HEALTHY HABITS LEX,3165 BEAUMONT CENTER CIRCLE UNIT 160,40513,607,2022-02-23,2023-09-20,15,38.020649228876,-84.557574701335
114529,LADY REMOULADE KITCHEN,900 N. BROADWAY,40505,605,2022-03-10,2022-10-15,3,,
114530,LEXINGTON GRIFFIN GATE MARRIOTT TOP DECK,1800 NEWTOWN PIKE,40511,53,2023-07-02,2024-06-04,5,38.093151772206,-84.487008625878
114532,GRIFFINS KITCHEN (MOBILE),1800 NEWTOWN PIKE,40511,605,2022-07-30,2023-03-24,7,38.093151772206,-84.487008625878
114533,ALICE'S CANDY,3401 NICHOLASVILLE RD. STE #303,40503,610,2022-02-28,2024-02-12,5,37.98845683202,-84.525168704428
114534,MAIDEN CITY BREWING COMPANY LLC,561 S. BRODWAY STE. #110,40508,605,2022-03-02,2022-10-24,4,38.044863486384,-84.505781831025
114541,BANKS BAKING,1244 VERSAILLES RD,40508,605,2022-03-08,2025-12-04,7,38.049938778701,-84.519745085093
114550,IPALAPAS CATERING,1765 ALEXANDRIA DR,40504,605,2022-03-03,2023-09-18,8,38.038982299652,-84.552606961387
114551,TAQUERIA LUNA #2,1806 MARLBORO DR.,40505,605,2022-02-24,2023-03-07,7,38.079642216245,-84.464771332662
114553,SULTAN,4750 HARTLAND PKWY #162,40515,605,2022-03-11,2023-03-01,9,37.960989548405,-84.480744164403
114563,CAFE EMPORIO BY BUSALACCHI,808 N LIMESTONE SUITE 1,40505,605,2022-04-10,2023-08-23,18,38.057588288167,-84.481010318717
114569,TAQUERIA MI TIERRA,1725 ROSECRANS DR.,40504,605,2022-03-02,2023-04-20,6,38.037391950507,-84.536104192577
114577,MEHAK FINE INDIAN CUISINE,395 S. LIMESTONE #110,40508,605,2022-03-08,2023-12-12,12,38.041663687149,-84.503760566972
114579,TINCAN COFFEE CO.,1500 MUI STATION RD.,40509,605,2022-03-03,2025-07-04,7,38.099903566834,-84.371460637659
114599,TILTY BOB'S,319 CEDAR ST.,40508,605,2022-03-30,2022-03-30,2,38.044216467312,-84.505622369102
114609,BLUEGRASS LITTLE LEAGUE CONCESSIONS,2000 PARKERS MILL RD.,40513,CONCESSIONS,2022-03-16,2025-11-12,2,38.035525296047,-84.566151462105
114610,TATES CREEK H.S BASEBALL/SOFTBALL CONCESSION,1111 CENTRE PARKWAY,40517,CONCESSION,2022-03-10,2025-10-17,10,37.983621219364,-84.484517919726
114611,XOXO,367 W. SHORT ST,40507,605,2023-12-06,2023-12-06,1,38.049198572691,-84.498746736691
114686,CENTRO DE SAN JUAN DIEGO,1389 ALEXANDRIAA DR.,40504,11,2022-04-21,2025-08-06,8,38.049249076274,-84.552362303695
114691,ZUNDO RAMEN & POKE,127 W. TIVERTON WAY #11,40503,11,2022-09-28,2025-12-05,12,37.981152821875,-84.53132802812
114695,EL SABOR OAXAQUENO,3348 DOWNING PL.,40517,605,2022-03-15,2022-12-13,3,37.981111417601,-84.504371924435
114702,STONER'S PIZZA JOINT,547 S. LIMESTONE,40508,11,2022-06-29,2025-08-01,9,38.039103938796,-84.506805655747
114705,KATIE'S HAPPY HOT DOGS #2,148 SUSAN TRACE,40356,603,2022-03-16,2023-07-03,5,37.888285058762,-84.546905527233
114710,DOORDASH ESSENTIALS,1335 S. BRODWAY,40504,62,2023-05-26,2025-08-08,3,38.034069861056,-84.523163271229
114725,ANDY'S FROZEN CUSTARD,1200 S. BROADWAY,40504,605,2022-08-10,2025-09-15,13,38.062697196036,-84.479990324085
114784,ME AND YOU EVENTS LLC DBA THE BARN DOOR GRILL,4561 IRONWORKS PIKE,40511,DBA THE BARN DOOR,2022-03-24,2025-11-20,12,38.149657326667,-84.535469719256
114787,TRU BY HILTON LEXINGTON,,40504,,2025-10-22,2025-10-22,1,,
114789,STAYBRIDGE SUITES LEXINGTON,209 RUCCIO WAY,40503,54,2022-06-17,2025-12-09,11,37.994924778635,-84.52930575143
114790,STAYBRIDGE SUITES LEXINGTON (INDOOR),,40503,(INDOOR),2025-12-11,2025-12-11,1,,
114807,B. G. CONCESSIONS - AT ALL TECH,4089 IRONWORKS PIKE,40511,605,2023-11-10,2024-01-27,2,,
114814,GRUB AND GO,3801 MALL RD. STE #135,40503,605,2022-05-04,2022-11-17,4,37.985253300986,-84.530712605953
114829,CANDLEWOOD SUITES,501 WALLER AVE.,40504,610,2022-03-28,2023-02-24,3,38.032677855121,-84.52234298512
114830,TRU BY HILTON,535 WALLER AVE.,40504,54,2022-09-02,2025-10-22,12,38.032998131026,-84.522726193527
114836,CASTELLO'S,4371 OLD HARRODSBURG RD STE. #105,40513,605,2022-03-31,2022-06-01,6,37.996305876542,-84.58463320306
114897,TAQUERIA LA VIRGEN DE GUADALUPE (MOBILE),1247 ALEXANDRIA DR #A,40504,605,2022-03-31,2023-05-04,6,38.052909067809,-84.552766972612
114898,STUARTO'S OLIVE OIL COMPANY,443 S. ASHLAND AVE.,40509,COMPANY,2022-04-15,2025-10-28,12,38.029631000244,-84.492348088261
114902,BATTLE AXES,164 TURNER COMMONS WAY #110,40511,11,2022-06-27,2025-12-15,5,,
114903,VERSAILLES HONDURAN AND MEXICAN RESTAURANT,1205 VERSAILLES RD,40504,605,2022-03-28,2023-11-13,11,38.050081580313,-84.51909123066
114906,CENTENO'S MUNCHIEZ,1198 WINBURN DR.,40511,605,2022-04-15,2023-01-09,12,38.087946356489,-84.472689113875
114909,ALL DAY NUTRITION,561 S. BROADWAY #170,40508,605,2022-04-12,2022-10-03,4,38.044863486384,-84.505781831025
114913,NIC & NORMANS,135 W. MAIN ST.,40507,11,2022-04-11,2025-11-03,11,38.046669913584,-84.497269125243
114914,MASONIC TEMPLE ASSOCIATION OF LEXINGTON,286 SOUTHLAND DR,40503,OF LEXINGTON,2022-05-10,2025-08-14,8,38.015017908512,-84.522920402051
114953,LOS COMPADRES FOOD TRUCK,402 FAIRDALE DR.,40511,605,2022-12-12,2025-12-10,3,38.070570023577,-84.514872773055
114961,NEXT DIMENSION TATTOO,,40509,,2025-12-19,2025-12-19,1,,
114965,KANGOO CLUB KY,1388 ALEXANDRA DR 5-6,40504,605,2022-05-03,2022-11-14,5,38.049258072265,-84.552217236359
114968,BRUSTER'S REAL ICE CREAM,3090 HELMSDALE PLACE PL. SUITE 390,40509,605,2022-04-19,2022-11-28,5,38.012333175486,-84.420828362787
114981,NATE'S COFFEE HIDEAWAY,206 W. MAIN STREET,40507,605,2022-04-28,2023-08-18,9,38.047233868361,-84.498075757768
115007,GO GO BURGER,3805 BROOKDALE CIR.,40514,605,2022-05-20,2022-05-20,1,37.97341943213,-84.550663627982
115082,NUHEALTH KITCHEN (INSIDE LEX MOTOR SPORTS),3180 RICHMOND ROAD,40509,LEX MOTOR SPORTS),2022-05-05,2025-10-07,24,38.001432465282,-84.446394549313
115083,SANTA FE TAQUERIA MOBILE,2409 ELDERBERRY CT 2,40509,605,2022-04-25,2022-04-28,4,38.019713682096,-84.452384870977
115088,DAHLHAS FUDGE,962 DELAWARE AVE.,40505,605,2022-04-29,2022-10-28,3,38.03965770687,-84.47215289431
115094,JET'S PIZZA KENTUCKY 6 LLC,4222 SARON DR.,40515,6 LLC,2022-04-27,2025-09-03,9,37.967429499018,-84.502187545058
115100,BIG POPPIES,390 NOTTINGHAM RD,40517,605,2022-04-26,2022-04-26,2,37.981573408708,-84.509463593754
115132,CANO TAQUERIA,2221 RICHMOND RD,40502,605,2022-04-27,2023-03-22,4,,
115137,OLD SCHOOL - FAYETTE MALL,3401 NICHOLASVILLE RD STE PK-11,40503,MALL,2023-06-05,2025-11-25,5,37.98845683202,-84.525168704428
115160,OMAKASE SUSHI & SAKE BAR,848 E. HIGH ST.,40502,BAR,2022-05-02,2025-12-02,9,38.029766016271,-84.489982221743
115161,BLEED BLUE INK 2,,40507,,2025-10-15,2025-10-15,1,,
115176,WHICH WICH,685 S. LIMESTONE #160,40508,11,2022-05-10,2025-11-26,8,38.035267631079,-84.508260871685
115238,CANTEEN @ AMAZON DKY5,1180 NEWTOWN PIKE,40511,610,2022-05-04,2023-06-07,2,38.081030204909,-84.49225192956
115248,CAMPUS CATERING 3,160 AVENUE OF CHAMPIONS,40506,11,2022-05-06,2025-11-12,7,38.040688491462,-84.503039463729
115287,UME RAMEN,867 S. BROADWAY #130,40504,605,2022-11-18,2025-10-16,10,38.039814789729,-84.513786405666
115289,TOSSIN THA SAUCE WINGS,3094 RICHMOND RD #180,40509,605,2022-05-19,2023-07-31,12,38.003166194451,-84.448208813751
115293,WHISKEY BEAR,3195 BEAUMONT CENTRE CIR. #100,40513,605,2022-07-05,2024-01-10,5,38.019458485854,-84.559844788332
115300,SUBURBAN POINT,,40511,,2025-12-04,2025-12-04,1,,
115302,LEX NUTRITION,4383 OLD HARRODSBURG RD STE 170,40513,11,2022-07-06,2024-05-24,6,37.99630301311,-84.584659383022
115332,TAYEELAS BEAUTY CREATIONS DBA BEAUTI,,40503,DBA BEAUTI,2025-09-17,2025-09-17,1,,
115334,JOY NUTS,101 W. LOUDON AVE #150,40508,605,2023-06-01,2023-06-01,1,38.057365606284,-84.481536626574
115375,COMFORT INN,,40509,,2025-11-25,2025-11-25,1,,
115376,COMFORT INN,5531 ATHENS BOONESBORO RD.,40509,11,2023-11-30,2025-11-25,3,37.961533657885,-84.386520238019
115377,COMFORT INN (INDOOR POOL),,40509,POOL),2025-10-06,2025-10-06,1,,
115378,TRINDYS CAFE @KINCAID TOWERS,300 W. VINE ST. #200,40507,TOWERS,2022-06-22,2025-10-17,10,38.047507638382,-84.499905613351
115383,EL SABOR DE ACAPULCO MOBILE,1314 VERSAILLES RD.,40504,605,2023-04-25,2023-05-19,5,38.049815610351,-84.522432247659
115391,SAM'S HOT DOG STAND,192 LEXINGTON GREEN CIRCLE,40503,605,2022-06-02,2025-08-13,10,37.992987386144,-84.524480547746
115393,GIOVANNIS PIZZA,128 E. NEW CIRCLE RD.,40505,605,2023-06-02,2023-12-01,5,38.064423626542,-84.469418892144
115443,DISCOUNT BRAND,1474 ANNISTON DR.   #A5,40505,610,2023-06-01,2023-06-01,1,38.056834584225,-84.438261020188
115453,SAWYER'S DOWNTOWN,140 WEST MAIN STREET,40507,605,2022-09-27,2025-09-11,6,38.046900191105,-84.497715693388
115460,MAMA GANDA FOOD TRUCK,27 E. NEW CIRCLE RD.,40505,605,2022-05-26,2023-03-08,5,,
115461,AMIGO TACOS MOBILE,2936 CASTHILLS DR.,40515,605,2022-05-26,2022-05-26,1,37.992762149133,-84.450866514336
115482,K & K'S TROPICAL PARADICE,1465 VALDOSTA CT.,40505,603,2022-05-27,2022-05-27,1,38.056937572826,-84.436653148267
115486,NEON MOON BAR & LOUNGE,1801 ALEXANDRIA DR. #50,40504,605,2022-06-02,2025-11-13,10,38.036272089506,-84.551366449014
115502,EUCLID AVENUE TATTOO,,40502,,2025-11-05,2025-11-05,1,,
115517,HAPPY NUTRITION,559 S. LIMESTONE AVE.,40508,605,2022-07-06,2022-10-11,3,38.039099419894,-84.506809120238
115521,RAM 3 LLC- SHELL,1009 GEORGETOWN RD.,40511,54,2023-06-15,2025-11-05,10,38.076490444432,-84.506756020703
115527,THE LOCAL TACO,1916 PAVILLION WAY,40509,605,2022-06-10,2025-09-04,9,38.021202372991,-84.417759027171
115537,WILDCAT ICE INC.,"810 OVRBROOK CIR,",40502,603,2022-06-06,2022-06-06,1,37.99536460795,-84.49849521577
115561,LITTLE FORK AT WISE BIRD CIDER,1174 MANCHESTER ST.,40508,BIRD CIDER,2022-06-07,2025-07-15,6,38.055103895476,-84.515325577471
115571,MEGAMINDS EDUCARE,3130 CUSTER DR.,40511,605,2022-07-18,2025-09-05,7,37.988914430144,-84.459132401179
115588,LOS HERMANOS MARKET LLC,1511 RUSSELL CAVE RD.,40505,LLC,2022-07-08,2025-10-27,15,38.071357082411,-84.476418958314
115622,JAVA JUKEBOX,640 MAXWELL ST 130,40508,605,2022-06-17,2025-10-02,7,38.048135264031,-84.506691789509
115639,ZAKI,891 GEORGETOWN ST.,40508,605,2022-06-22,2025-10-29,9,38.070303563149,-84.504571863158
115651,THE CREATURES' CAULDRON CAFE,128 N. BROADWAY,40507,605,2022-06-27,2024-01-04,6,38.049335672842,-84.499172412605
115687,THE OASIS RESTAURANT,837 CHEVY CHASE PL.,40502,11,2022-06-16,2024-06-25,23,38.028925907518,-84.491651408099
115690,ZAXBY'S,1115 S. BROADWAY,40508,605,2022-07-18,2025-10-06,10,38.036698582804,-84.518834806357
115691,ZAXBY'S,1772 SHARKEY WAY,40511,11,2023-02-14,2025-09-08,13,38.06865440126,-84.530925872105
115692,ZAXBY'S,531 W. NEW CIRCLE RD.,40511,605,2022-07-06,2025-10-07,11,38.071159886636,-84.477125654527
115693,ZAXBY'S,104 SAND LAKE DR.,40509,605,2022-07-05,2025-08-25,10,37.999437616929,-84.444332635033
115694,ZAXBY'S,435 REDDING RD.,40517,605,2022-07-06,2025-08-27,10,37.983430950135,-84.496149338964
115706,LEXINGTON SEAFOOD COMPANY #110,867 E. HIGH STREET,40502,#110,2022-06-28,2025-08-01,9,38.028565879026,-84.490165109396
115707,WHITE PINE PARTNERS INC. DBA EDIBLE ARRANGEMENTS,3101 RICHMOND ROAD SUITE 304,40509,607,2022-07-12,2023-09-11,24,,
115735,LA QUINTA,1920 STANTON WAY,40511,54,2022-07-06,2025-07-30,13,38.100991916583,-84.482006885735
115786,DAVE'S HOT CHICKEN,2630 RICHMOND RD,40517,605,2022-07-20,2025-08-14,7,38.010454529469,-84.456153190106
115787,PRINCE CUTS ROYAL PARLOR,2925 RICHMOND RD.,40509,605,2022-07-08,2024-02-05,10,38.005183915816,-84.448845496175
115788,VILLAINOUS,502 W. SECOND STREET,40508,605,2022-07-12,2025-10-28,6,38.053704205066,-84.500611030156
115806,JERSEY MIKE'S SUBS FOUNTAIN BLUE LN,3901 FOUNTAIN BLUE LN STE 140,40513,BLUE LN,2022-07-07,2025-10-14,6,,
115813,BIG DADDY DOGS,897 LAUDALE DR,40515,603,2022-07-01,2022-07-01,1,,
115825,PARKSIDE HEIGHTS FULL POOL W/WADING (OUTDOOR),,40509,POOL W/WADING (OUTDOOR),2025-10-06,2025-10-06,1,,
115826,PARKSIDE HEIGHTS FULL SIZE POOL (OUTDOOR),,40509,SIZE POOL (OUTDOOR),2025-10-06,2025-10-06,1,,
115833,PULL UP CHEF,408 CHESTNUT ST,40509,605,2022-07-05,2023-06-05,2,38.046565254447,-84.485303472778
115843,JIMMY JOHN'S,3636 BOSTON RD.,40514,605,2022-07-11,2025-08-06,7,37.980872333625,-84.55090610176
115844,LA PETITE ACADEMY - PALOMAR,1450 HIGBEE MILL ROAD,40503,PALOMAR,2022-07-18,2025-09-04,9,37.98808093227,-84.563057299644
115905,HOTEL LEX,,40509,,2025-11-18,2025-11-18,1,,
115906,HOTEL LEX,5532 ATHENS BOONSBORO RD,40509,605,2022-08-09,2025-09-30,9,37.961607174089,-84.38691885839
115910,INEBRIATED BAKER,3401 NICHOLASVILLE RD. UNIT D-413,40503,605,2022-09-30,2023-09-05,5,37.98845683202,-84.525168704428
115929,HOMEWOOD SUITES,2033 BRYANT RD,40509,607,2023-03-17,2025-12-04,4,38.017901308615,-84.41026860108
115934,EL MEXIQUENSE,861 EASTMONT RD,40509,605,2022-07-19,2023-01-09,3,38.029840683718,-84.441698677494
115950,PJ COFFEE - ARAMARK UK DINING OLMEDA'S MEXICAN GRILL ON WHEEL,620 S. LIMESTONE ST,40506,OLMEDA'S MEXICAN GRILL ON WHEEL,2022-08-17,2025-11-06,6,38.054288721349,-84.485694709291
115952,305 CUBANO LLC (MOBILE),1162 CAYWOOD DR,40504,605,2022-07-20,2022-09-30,2,38.056049832553,-84.552618451164
115988,MUSTANGS MART #1,"5350 ATHENS BOONSEBORO ROAD, SUITE 1",40509,607,2022-08-12,2025-09-29,25,37.96441846759,-84.391814432032
116001,SENOR CHIMI,400 W MAIN ST,40507,605,2022-08-05,2023-04-17,4,38.048937846458,-84.49996868416
116006,BIG BLUE DELI,227 N LIMESTONE,40507,11,2022-08-03,2024-06-27,6,38.048632782181,-84.493905612265
116062,OLMEDA'S MEXICAN GRILL ON WHEEL LLC (MOBILE),855 HONEYSUCKLE RD,40504,52,2022-07-28,2024-06-29,6,38.029034079703,-84.544534154823
116065,CHIC CHARC,1474 ANNISTON DR. #B1,40505,605,2022-09-01,2023-03-02,3,38.056834584225,-84.438261020188
116066,TATES CREEK VILLAGE - OUTDOOR,,40502,- OUTDOOR,2025-07-29,2025-07-29,1,,
116081,BUZZED BULL CREAMERY,111 SUMMIT AT FRITZ FARM STE 110,40517,605,2022-08-16,2023-09-27,9,,
116086,INDEPENDENCE HOMES,3057 N. CLEVELAND RD.,40516,36,2022-08-10,2025-10-02,11,38.031354081901,-84.356282887977
116098,CRITCHFIELD MEATS AND FAMILY MARKET (MOBILE),398 SOUTHLAND DR STE #1,40503,FAMILY MARKET (MOBILE),2023-01-30,2025-08-16,7,,
116107,WILDCAT PANTRY AG,440 HILLTOP AVE. RM. 233,40508,610,2022-08-17,2025-11-25,4,,
116127,OLIVE'S APRON BAKERY & TEA SHOP,223 ROSEMONT GARDEN,40503,& TEA SHOP,2022-08-24,2025-11-19,17,38.019505530168,-84.522136133925
116131,REDDS KITCHEN,428 SOUTHLAND,40508,605,2022-08-16,2023-10-18,6,38.018889195276,-84.527412852303
116149,THELMA'S KITCHEN (MOBILE),1248 HIALEIAH CT.,40517,605,2022-09-06,2022-09-06,1,37.977496274282,-84.481930639153
116158,TRIFECTA GLASS-ART-LOUNGE,243 WALTON AVE,40502,605,2022-08-31,2025-09-10,10,38.040456352042,-84.480868692084
116182,FRENCHY'S PIZZA (MOBILE FOOD TRUCK),233 FAIRGROUNDS DR,40516,52,2022-08-09,2024-06-22,7,38.071506168944,-84.450119929003
116220,COMFORT SUITES (BLUE CITY LEX LLC),,40513,CITY LEX LLC),2025-11-04,2025-11-04,1,,
116221,COMFORT SUITES BLUE CITY LEX LLC - INDOOR,,40513,CITY LEX LLC - INDOOR,2025-12-10,2025-12-10,1,,
116222,COMFORT SUITES (BLUE CITY LEX LLC)((FOOD SERVICE)),3060 FIELDSTONE WAY,40513,CITY LEX LLC)((FOOD,2022-08-16,2025-07-18,28,38.013682117897,-84.557125910678
116237,"FIREGATE99, LLC DBA DISTRICT 7 SOCIAL",1170 MANCHESTER ST #160,40508,DISTRICT 7 SOCIAL,2023-01-12,2025-12-19,14,38.055061393962,-84.515217882983
116255,NUHEALTH CAFE,373 VIRGINIA AVE #130,40504,54,2022-08-18,2024-06-12,6,38.037513211209,-84.514029288291
116278,DOMINO'S PIZZA,130 W TIVERTON WAY,40503,605,2022-08-30,2025-10-07,11,37.980929410968,-84.53096306968
116289,EVEREST RESTAURANT LLC,1801 ALEXANDRIA DR STE 192,40504,605,2022-09-13,2025-09-26,14,38.036272089506,-84.551366449014
116308,SENORITA VEGANA LLC (MOBILE),727 CHILES AVE.,40508,605,2022-08-23,2022-08-23,1,38.06520488007,-84.507772922457
116309,"BELTRAN'S GRILL EL MERO, MERO",961 MIDNIGHT PASS,40513,605,2023-07-07,2023-10-05,8,38.016160505205,-84.557312208016
116311,THE LIFE AT LEXINGTON SQUARE,,40502,SQUARE,2025-08-25,2025-08-25,1,,
116365,FRESH BOURBON DISTILLING COMPANY TASTING ROOM,377 MAIN ST STE 100,40507,COMPANY TASTING,2022-09-15,2025-10-22,6,,
116415,AUNTIE ANNE'S PRETZELS,3401 NICHOLASVILLE RD.,40503,605,2022-09-16,2025-11-25,8,37.98845683202,-84.525168704428
116429,BB'S SCRATCH KITCHEN,428 SOUTHLAND DR.,40503,605,2022-10-12,2022-10-12,1,38.018889195276,-84.527412852303
116461,"FIFTEEN51 APARTMENTS, LLC (OUTDOOR POOL)",,40511,LLC (OUTDOOR POOL),2025-08-12,2025-08-12,1,,
116469,HISSHO SUSHI,2155 PAUL JONES WAY,40509,11,2023-01-24,2025-07-18,9,38.020495753246,-84.420277038559
116478,KING OF FOOD,208 LEGENDS LN. #105,40505,605,2022-09-12,2024-02-07,13,38.064001563589,-84.478533530915
116480,GOLDENROD NUTRITION,509 E. NEW CIRCLE RD.,40505,605,2022-09-13,2023-09-25,6,38.054102453529,-84.458945137308
116482,SABOR CATRACHO (MOBILE),215 ELKEHESTER CIR.,40356,605,2022-09-14,2022-09-14,1,37.87377779996,-84.563439140641
116484,KPOT KOREAN BBQ & HOT POT,2860 RICHMOND RD. #135,40509,POT,2022-10-07,2025-11-18,7,38.007055368938,-84.45262189312
116485,HALLIGAN'S PUB/BAR AND GRILL,1170 MANCHESTER ST. #130,40508,GRILL,2022-09-21,2025-12-03,10,38.055061393962,-84.515217882983
116573,SNOWFRUIT 347 INSIDE KROGER,4101 TATES CREEK CENTER DRIVE,40517,KROGER,2022-10-12,2025-09-22,4,37.96993417395,-84.497580956576
116574,SNOWFRUIT 767 INSIDE KROGER,3175 BEAUMONT CENTER CIR,40513,KROGER,2022-10-10,2025-11-24,7,38.020453679795,-84.558365229535
116599,TOKYO EXPRESS LEXINGTON,1951 N. BROADWAY,40505,605,2022-10-10,2023-08-17,9,38.075075736074,-84.457766286583
116602,PARISA INTERNATIONAL SUPERMARKET,2626 RICHMOND RD.,40509,610,2022-10-12,2023-10-25,2,38.010529775988,-84.456239315621
116605,CARDINAL HILL REHABILITATION (RETAIL VENDING AREA),2050 VERSAILLES RD,40504,610,2022-10-10,2022-10-10,1,38.04755635786,-84.54215829836
116651,SUMO 2,3695 NICHOLASVILLE RD. #120,40503,605,2022-10-13,2023-03-31,3,37.984367849088,-84.526983299773
116653,THE LAFAYETTE,690 MASON HEADLEY ROAD,40504,32,2022-10-11,2025-11-03,12,38.035686246651,-84.528539788259
116655,POPEYES LOUISIANA CHICKEN,115 E. NEW CIRCLE  RD.,40504,605,2022-10-13,2025-11-05,18,38.064899067255,-84.469522100513
116657,TACOS RIO GRANDE (MOBILE),1321 ALEXANDRIA DR. #B8,40504,605,2022-10-04,2023-08-04,7,38.050580362972,-84.552516338986
116677,LA TAQUIZA CENTRO,630 E. MAIN ST.,40508,11,2022-11-03,2025-08-11,10,38.036890823751,-84.486426452405
116695,AFRICAN FOOD MARKET LIMITED,125 CODELL RD. #124,40509,LIMITED,2022-10-13,2025-11-13,4,38.01227529482,-84.452317836305
116704,ELIZABETH ANN SETON CHURCH SCHOOL CAFETERIA,1730 SUMMERHILL DR,40515,CHURCH SCHOOL CAFETERIA,2022-10-12,2025-10-28,5,37.968160241808,-84.460025781957
116723,LOS LAURELES (MOBILE),1290 INDUSTRY RD.,40383,605,2022-10-12,2022-10-12,1,38.049506363301,-84.455353976974
116726,SNOWFRUIT 407 INSIDE KROGER,3101 RICHMOND RD,40509,KROGER,2022-10-21,2025-12-03,7,,
116727,SNOWFRUIT 768 INSIDE KROGER,1600 LEESTOWN RD,40511,KROGER,2023-05-22,2025-11-13,5,38.067140773235,-84.525708417293
116731,DRAKE'S,1735 SHARKEY WAY,40511,605,2023-06-02,2023-12-01,3,38.067871028268,-84.529096667429
116745,SNOWFRUIT 784 INSIDE KROGER,704 EUCLID,40502,KROGER,2022-11-02,2025-12-19,8,38.031433015383,-84.492693181187
116769,MCDONALD'S #23868,100 MARKETPLACE DR,40503,11,2022-12-09,2025-09-11,5,37.978245413028,-84.529396255323
116802,CENTRAL BANK CENTER - KROGER CORNER,430 W VINE ST,40507,- KROGER CORNER,2022-10-19,2025-11-07,3,38.049432604464,-84.500968150647
116810,THE MARKET KITCHEN,101 W LOUDON STE 140,40508,605,2022-10-31,2023-09-06,5,38.057365606284,-84.481536626574
116832,UNDERDOGS,3543 OLYMPIA RD,40517,603,2022-10-21,2022-10-21,1,37.982611118174,-84.487260636979
116842,EL REY DE LOS POLLOS,1489 ALEXANDRIA DR,40504,605,2022-12-09,2025-10-15,7,38.047067809006,-84.552026215619
116843,SUPERMERCADO AGUASCALIENTES,1424 ALEXANDRIA DR,40504,54,2023-06-08,2025-10-27,9,38.048181027809,-84.552054557969
116844,CROSSING F&B LLC EMBASSY SUITES AT LEXINGTON,,40508,SUITES AT LEXINGTON,2025-12-02,2025-12-02,1,,
116845,CROSSING F&B LLC EMBASSY SUITES AT LEX,,40508,SUITES AT LEX,2025-08-21,2025-08-21,1,,
116846,CROSSING F&B LLC EMBASSY SUITES AT LEXINGTON GREEN,245 LEXINGTON GREEN CIRCLE,40508,SUITES AT LEXINGTON,2023-04-10,2025-07-15,10,37.994162993177,-84.526453215042
116900,FALLEN ANGEL TATTOO STUDIO,,40505,STUDIO,2025-10-07,2025-10-07,1,,
116901,FALLEN ANGEL TATTOO STUDIO (BODY PIERCING),,40505,STUDIO (BODY PIERCING),2025-10-07,2025-10-07,1,,
116902,CANTEEN REFRESHMENT SERVICE,2050 VERSAILLES RD.,40504,SERVICE,2022-11-01,2025-10-14,3,38.04755635786,-84.54215829836
116903,CANTEEN,1740 NICHOLASVILLE RD.,40503,610,2022-11-03,2025-12-11,3,38.019099370202,-84.51375591061
116913,MUSIC WITH MUNCHIES,101 LOUDON AVE,40508,605,2023-05-24,2023-06-02,2,38.057365606284,-84.481536626574
116919,LEXHANWOORI DBA HANWOORI IN CAMPUS,111 AVENUE OF CHAMPIONS,40508,IN CAMPUS,2022-11-04,2025-10-23,6,38.041392904373,-84.503605956658
116925,FM LODGE,,40510,,2025-12-19,2025-12-19,1,,
116927,THE PEACH COBBLER FACTORY,561 SOUTH BROADWAY UNIT 145,40508,11,2022-11-11,2025-12-02,13,38.044863486384,-84.505781831025
116940,CHINA KING,1497 ALEXANDRIA DR.,40504,11,2023-03-09,2025-12-02,13,38.046930658296,-84.552009830369
116961,HYATT PLACE LEXINGTON HOME2 SUITES,,40509,HOME2 SUITES,2025-07-21,2025-07-21,1,,
116964,COFFEE QUEENS,1765 ALEXANDRIA DR.,40504,605,2023-02-16,2023-08-25,5,38.038982299652,-84.552606961387
116970,HYATT PLACE LEXINGTON - INDOOR POOL,,40509,- INDOOR POOL,2025-10-07,2025-10-07,1,,
116986,ANTOJITO GT,3201 CATSKILL,40515,605,2022-11-09,2022-11-09,1,37.980683588055,-84.461299962522
116989,BLESSING INTERNATIONAL LLC,1467 LEESTOWN RD.,40511,LLC,2023-01-10,2025-10-29,9,38.065062175034,-84.522492580106
117017,THE SISTER SHACK,2540 TREELINE WAY,40509,605,2022-11-16,2025-10-27,6,38.021355917614,-84.440834402889
117021,BREVEDE COFFEE CO.,859 E. HIGH ST.,40502,11,2022-11-30,2025-12-03,6,38.050703384779,-84.508027385979
117031,MS. JANIE'S KITCHEN,915 BYARS AVE.,40505,605,2023-01-25,2023-01-25,2,38.043895054277,-84.469686898525
117055,AMAZON FULFILLMENT-LEX1 BLUE BREAKROOM,1850 MERCER RD.,40511,BLUE BREAKROOM,2022-12-21,2025-10-28,4,38.078098749415,-84.532457655128
117057,CHEVY CHASE GARDENS,319 DUKE RD,40502,605,2022-12-12,2025-09-05,6,38.021117777388,-84.487307756172
117067,FAR OUT ESPRESSO,496 EAST HIGH STREET,40502,605,2022-12-08,2023-10-26,7,38.036860189828,-84.492973349258
117072,GREENBRIER GOLF & COUNTRY CLUB INC.,2185 BAHAMA RD.,40509,CLUB INC.,2022-12-22,2025-07-17,7,38.027119695195,-84.384652213481
117083,EL FOGONCITO TAQUERIA (MOBILE),551 HASKINS DR,40508,605,2022-11-29,2022-11-29,1,38.067253812347,-84.499619411436
117093,CHIPOTLE MEXICAN GRILL,2270 NICHOLASVILLE RD,40503,605,2022-12-20,2025-12-01,5,38.006877728857,-84.518039136277
117106,ST. JOSEPH EAST HOSPITAL,150 N. EAGLE CREEK DR.,40509,32,2023-04-10,2025-07-17,7,38.000247360465,-84.440220284166
117107,EL ASADERO MEXICAN BAR AND GRILL,144 ROJAY DR,40503,AND GRILL,2022-12-12,2025-10-14,8,37.984659093359,-84.528268451286
117108,TACOS TRUJILLO LLC,500 EUCLID,40502,605,2022-12-08,2023-04-19,5,38.034272928699,-84.495896436278
117111,"TAQUERIA LAS LALI'S LEXINGTON, LLC",DBA TAQUERIA LAS LALI'S EXPRESS,40504,605,2023-02-06,2023-02-21,4,,
117115,ST. JOSEPH HOSPITAL CAFETERIA,1 SAINT JOSEPH DR.,40504,CAFETERIA,2023-06-21,2025-08-11,3,38.031314711935,-84.521900526356
117116,ST. JOSEPH HOSPITAL JAVA JOE'S,1 ST. JOSEPH DR.,40504,JAVA JOE'S,2023-06-21,2025-08-11,7,38.031314711935,-84.521900526356
117134,VINEGAR AND MOLASSES,962 DELAWARE AVE.,40505,605,2023-01-12,2023-07-11,6,38.03965770687,-84.47215289431
117138,SAN MARCOS (MOBILE),1858 OXFORD CIRCLE,40504,605,2022-10-13,2023-04-26,4,38.04959886603,-84.540073847335
117153,RANCHO MORENAL,941 DETROIT AVE,40509,605,2023-10-03,2023-10-03,2,38.040971341716,-84.470671666399
117159,BOSS BABE TATTOO,,40517,,2025-10-15,2025-10-15,1,,
117177,CLUB DEMONSTRATION SERVICES,1500 FITZGERALD CT,40509,11,2022-12-20,2025-07-21,7,38.024634970528,-84.411572516455
117214,DOLLAR TREE #02296,2284 VERSAILLES RD.,40504,610,2023-01-04,2025-11-19,4,38.046692697717,-84.551742900343
117215,GEORGIE'S,161 N. LIMESTONE,40507,605,2023-03-23,2025-10-29,8,38.047492459595,-84.495560264852
117226,DEEPROYAL 13 LLC DBA SUBWAY,"2358 NICHOLASVILLE RD, UNIT 140",40503,SUBWAY,2022-12-21,2025-12-29,4,38.004352923885,-84.518931267256
117234,CHIPOTLE MEXICAN GRILL,1584 LEESTOWN RD,40511,11,2022-12-28,2025-08-29,8,38.0668729086,-84.525316553892
117235,CKRG CAMPUS DBA CRAFT BAR & GRILL LLC,503 S UPPER,40508,605,2022-12-20,2022-12-20,1,38.043454560051,-84.503407516922
117240,KAMUBA INC DBA SOUTHLAND BP,531 SOUTHLAND DR,40503,BP,2022-12-27,2025-11-21,3,38.025617428405,-84.529411809866
117244,NEW ERA LIQUORS LLC DBA SHENANIGANS WINES & SPIRIT,561 S BROADWAY,40505,610,2023-01-05,2023-12-14,6,38.044863486384,-84.505781831025
117246,VIVA MEXICO,2573 RICHMOND RD. #170,40509,605,2023-01-03,2025-12-11,11,,
117250,TACOS EL CAMPESINO #2 (MOBILE),2001 VERSAILLES RD,40504,605,2023-03-06,2024-01-30,11,,
117255,EL MAGUEY MEXICAN RESTAURANT & BAR,2396 WOODHILL DR.,40509,11,2022-12-28,2024-05-23,11,38.017038221186,-84.453623430216
117264,"RARE LLC, DBA CONSTITUTION",109 CONSTITUTION,40507,605,2023-02-16,2025-10-16,5,38.048596391942,-84.493452604273
117265,RALLY'S,410 GEORGETOWN RD,40508,11,2023-03-21,2025-10-13,14,38.061333997144,-84.501467215466
117269,"MYRIAD MEADERY BY MTB, LLC",730 NATIONAL AVE,40502,53,2023-12-19,2024-06-28,2,38.040647137724,-84.479419004567
117271,RALLY'S,2975 RICHMOND RD,40509,605,2023-04-21,2025-11-17,7,,
117272,RALLY'S,4171 TATES CREEK CENTER DR,40517,605,2023-01-05,2025-09-04,8,37.968710217199,-84.501427140004
117278,RALLY'S,125 E NEW CIRCLE,40505,11,2023-04-19,2025-11-19,5,38.064615881054,-84.46922852222
117296,OMG DONUTS LLC,3449 BUCKHORN DR SUITE 110,40515,605,2023-01-04,2024-01-12,6,37.976215395979,-84.458462435351
117297,C & J FOODBAR LLC,100 VALVOLINE WAY,40509,605,2023-01-06,2023-08-04,8,,
117305,"CHAOTIC GOOD COFFEE, COMICS, & GAMES LLC",545 SOUTH BROADWAY STE 160,40508,"COMICS, & GAMES",2023-01-11,2025-09-29,10,38.044953983501,-84.505651256612
117310,"LA BONNE VIE, LLC",1060 CHINOE RD STE 108,40502,605,2023-01-19,2025-10-20,5,37.997769521367,-84.48071491237
117312,THE HUMBLE PIE & COMPANY / C ASIAN KTICHEN,101 W LOUDAN AVE,40508,605,2023-02-10,2023-02-10,2,38.057365606284,-84.481536626574
117313,HOMEWOOD SUITES,249 RUCCIO WAY,40503,54,2023-06-05,2025-12-17,7,37.996741289623,-84.529930074926
117315,HOMEWOOD SUITES (OUTDOOR),,40503,,2025-08-28,2025-08-28,1,,
117316,LA CHULA LLC,304 S LIMESTONE,40508,605,2023-01-12,2025-12-09,15,38.043290661287,-84.501322324261
117329,GHALLEY BROTHERS,155 E. REYNOLDS RD. #165,40517,610,2023-01-27,2025-10-22,5,37.99050425345,-84.521304586133
117335,JP'S FOOD TRUCK,1488 LEESTOWN RD,40511,605,2023-01-10,2023-01-10,2,38.065424360061,-84.523224030968
117358,LEXINGTON COUNTRY PLACE,700 MASON HEADLEY ROAD,40504,32,2023-06-01,2025-08-05,6,38.035762829503,-84.528695957178
117359,LEXINGTON LATIN SCHOOL,483 W. REYNOLD'S RD,40503,605,2023-10-18,2025-09-23,2,37.995518418513,-84.537948144259
117361,LEXINGTON LATIN SCHOOL (LOWER),,40503,(LOWER),2025-09-23,2025-09-23,1,,
117365,MAIN EVENTS,240 CANARY RD.,40503,11,2023-02-16,2025-11-21,11,37.993618423171,-84.518532014298
117378,PARTAKE CATERING,428 SOUTHLAND DR.,40503,605,2023-01-23,2023-01-23,2,38.018889195276,-84.527412852303
117385,PAR6SOCIAL,3565 NICHOLASVILLE ROAD,40503,605,2023-02-21,2023-02-21,2,37.986756583352,-84.526011255202
117388,AMANDA'S KITCHEN,1474 ANNISTON DRIVE STE A1,40505,605,2023-02-04,2023-09-21,4,38.056834584225,-84.438261020188
117392,YOGIKRUPA GROCERS,1801 ALEXANDRIA DR STE 124,40504,607,2023-01-23,2023-10-10,12,38.036272089506,-84.551366449014
117394,CARAMANDA'S BAKE SHOPPE,2220 NICHOLASVILLE DR. #166,40503,605,2023-01-19,2025-09-12,8,38.008008586798,-84.517638342533
117400,MANCHESTER COFFEE CO.,3180 RICHMOND RD.,40509,605,2023-01-20,2023-01-20,2,38.001432465282,-84.446394549313
117409,ANDY'S FROZEN CUSTARD,2800 RICHMOND RD,40509,605,2023-03-28,2025-12-01,4,38.007829323713,-84.453482690632
117423,BOARD AND CO LLC,1060 CHINOE RD STE 108,40502,605,2023-01-27,2023-10-25,3,37.997769521367,-84.48071491237
117424,NIGHT KITTY KARAOKE BAR,545 S BROADWAY #185,40508,BAR,2023-02-03,2025-12-19,4,38.044953983501,-84.505651256612
117435,JR RESTAURANTS LLC DBA SAUL GOOD RESTAURANT & PUB,3801 MALL RD #120,40503,605,2023-01-25,2024-02-05,12,37.985253300986,-84.530712605953
117467,FERNANDO'S FOOD TRUCK,225 PREAKNESS DR.,40516,605,2023-01-25,2024-01-09,3,38.074354043644,-84.446618259044
117471,EHNIS LLC DBA RUBY'S SUPERMARKET AND CAFE,307 WEST SHORT STREET,40508,607,2023-03-15,2023-10-13,10,38.048744036624,-84.498232913422
117480,LOLO PEAK COFFEE CO.,2416 ROCKAWAY PL.,40511,605,2023-01-26,2023-03-13,3,38.098643431925,-84.53376480394
117488,MAPLE STREET BISCUIT COMPANY,2270 NICHOLASVILLE RD SUITE 120,40503,COMPANY,2023-03-10,2025-07-21,7,38.006877728857,-84.518039136277
117527,BACKROADS BAKERY LLC,109 WEST 6TH ST,40508,605,2023-02-09,2025-08-26,7,38.054279831268,-84.486704583664
117531,BLUEGRASS KY NUTRITION,719 ALLENDALE DR.,40503,605,2023-02-02,2025-10-29,13,38.027645724187,-84.534606860546
117546,FRESHIE'S ICE CREAM LLC,4379 OLD HARRODSBURG RD. #110,40513,LLC,2023-04-10,2025-12-16,5,37.996303967587,-84.584650656368
117561,HOME2 SUITES - INDOOR LANDING AT TATES CREEK -O UTDOOR,,40503,LANDING AT TATES CREEK -O UTDOOR,2025-08-13,2025-08-13,1,,
117564,HOME 2 SUITES,126 E LOWRY LN,40503,54,2023-10-09,2024-06-13,7,38.005237599974,-84.517024030014
117574,J. F. BONGOUT BAKERY AND GROCERY,907 WINCHESTER RD,40505,AND GROCERY,2023-07-07,2025-10-20,11,38.041698106902,-84.471388230983
117584,VIP EARLY LEARNING CENTER,3600 APPIAN WAY,40517,31,2023-03-22,2025-08-13,5,37.978814873136,-84.486523898399
117588,JACK BROWN'S BEER & BURGER JOINT,155 N. LIMESTONE,40507,BURGER JOINT,2023-03-08,2025-10-10,6,38.047376539871,-84.495731643383
117589,CENTRAL BANK CENTER - CLUB C,430 W VINE ST,40507,- CLUB C,2023-03-06,2025-11-07,8,38.049432604464,-84.500968150647
117596,LAURA LOU PATISSERIE (RETAIL STORE),200 W MAIN,40507,610,2023-02-27,2023-02-27,2,38.047166005423,-84.498002078022
117597,LAURA LOU PATISSERIE (KITCHEN),812 EUCLID AVE,40502,605,2023-02-28,2023-02-28,2,38.030091513591,-84.491188334678
117616,LA DONA LLC,2220 NICHOLASVILLE RD 102,40503,605,2023-07-19,2024-01-24,5,38.008008586798,-84.517638342533
117641,JS MARKET,573 ELM TREE LANE,40508,607,2023-03-20,2023-10-05,3,38.050572976099,-84.483155741212
117642,7 BREW DRIVE THRU COFFEE,4265 HARRODSBURG RD,40513,605,2023-10-06,2025-10-31,4,37.998517656267,-84.580160965089
117650,MOMMA SUE LLC DBA TWISTED CORK,145 BURT RD STE 20,40503,CORK,2023-03-09,2025-07-17,5,38.007682967897,-84.519792111911
117661,HEALTHY VIBES LLC,2573 RICHMOND RD. # 300,40509,605,2023-03-09,2025-11-07,7,,
117679,SAM'S HOT DOGS,4300 WINCHESTER ROAD,40509,11,2023-02-24,2024-06-03,18,38.029621888315,-84.35627362724
117680,T & Y PARTY RENTALS,260 CROSSFIELD DR. #1,40383,603,2023-05-13,2023-05-13,2,38.057410090166,-84.712284145394
117692,CHARLIE BROWN'S RESTAURANT,816 EUCLID AVENUE,40502,605,2023-03-09,2025-11-06,7,38.030051068317,-84.491143472976
117709,OLENIK AFRICAN MARKET,3120 PIMLICO PKWY #138,40517,610,2023-03-08,2024-02-12,6,37.986437602225,-84.46117919731
117721,URBAN TACO LLC,1640 SUMMERHILL DR,40515,605,2023-03-10,2023-10-25,5,37.969722018846,-84.46258611332
117733,MACHIMA NUTRITION II,559 S LIMESTONE,40508,605,2023-03-14,2023-10-03,4,38.039099419894,-84.506809120238
117737,CENTRAL BANK CENTER - CLUB C PANTRY,430 W VINE ST,40507,- CLUB C PANTRY,2023-03-06,2025-11-07,5,38.049432604464,-84.500968150647
117750,ROLLING RED PHOENIX / DAVE'S DELI,1045 A3 GEORGETOWN RD,40511,/ DAVE'S DELI,2023-03-17,2025-10-02,5,38.076918777892,-84.506936290489
117766,PANADERIA ARACELI'S,481 W NEW CIRCLE RD SUITE 170,40511,54,2023-04-17,2025-12-17,7,38.071111764426,-84.477029410128
117771,PLATANITO LLC,1388 ALEXANDRIA DR STE 5,40504,11,2023-03-24,2025-09-26,10,38.049258072265,-84.552217236359
117801,EASTER SEALS BLUEGRASS,1900 RICHMOND RD,40502,605,2023-03-17,2025-11-05,5,38.022629172393,-84.470178774156
117808,"SET THE BAR, LLC",858 W MAIN ST,40507,605,2023-03-22,2023-03-22,1,38.056900415574,-84.510106789769
117809,LITTLE ROCKERS EARLY EDUCATION CENTER,746 ALLENDALE DR,40503,605,2023-03-23,2023-03-23,1,38.028232433324,-84.53558227526
117810,THOROUGHBRED MARKET 11 LLC,1768 ALEXANDRIA DR,40504,610,2023-06-15,2023-06-15,1,38.038769088528,-84.552245918021
117833,MEXICO MI AMOR,780 N LIMESTONE,40508,11,2023-04-25,2025-11-21,6,38.05645961763,-84.482630783701
117836,MR. TACO,509 SANDEE DR,40356,605,2023-03-22,2023-03-22,2,37.927774959507,-84.475925008529
117865,DAHLHUS FUDGE,219 WOODLAND AVE,40502,11,2023-03-28,2025-11-18,8,38.036635371756,-84.493119625062
117890,THE BLUEGRASS GRAZER,507 ROGERS RD,40505,605,2023-03-31,2023-10-13,3,38.08463301506,-84.45241747003
117907,PEPES TACOS,2122 RICHMOND RD,40502,605,2023-03-29,2023-03-29,1,,
117937,DEEPROYAL 17 LLC DBA SUBWAY,3120 PIMLICO PKWY STE 144,40517,SUBWAY,2023-06-01,2025-07-17,5,37.986437602225,-84.46117919731
118024,DONUT WORLD,1395 W MAIN ST,40508,11,2023-05-15,2025-12-13,6,38.063581147866,-84.520385747844
118029,LOUISIANA PASSION,3021 SEWANEE LN,40509,605,2023-04-10,2023-05-19,3,38.021906851188,-84.407790645978
118033,NATALIA'S PASTRY SHOP,200 WEST MAIN,40507,610,2023-04-17,2023-04-17,1,38.047166005423,-84.498002078022
118041,BLACKBURN CORRECTIONAL COMPLEX - INMATE CANTEEN,3111 SPURR RD,40511,COMPLEX - INMATE,2023-05-02,2025-11-13,6,38.110386187212,-84.539764211305
118042,WING KYNG,101 W LOUDON AVE STE 110,40508,11,2023-04-25,2025-12-01,4,38.057365606284,-84.481536626574
118068,EL MARIACHI MEXICAN RESTAURANT AND CANTINA,391 ROSE STREET,40508,RESTAURANT AND CANTINA,2023-04-19,2025-09-25,10,38.038164214079,-84.499408804432
118083,VR STEEPLECHASE LIMITED PARTNERSHIP HIDEAWAY APARTMENTS,,40509,HIDEAWAY APARTMENTS,2025-08-29,2025-08-29,1,,
118092,PANERA BREAD #825,"2887 RICHMOND ROAD, SUITE 110",40509,11,2023-04-18,2025-07-07,6,38.006481108037,-84.450022662205
118115,PAUL MILLER FORD DBA KENTUCKY STRONG BBQ (CAFE),975 E NEW CIRCLE,40505,KENTUCKY STRONG,2023-05-01,2025-11-11,4,38.03873615736,-84.4542852638
118136,PHO KYTCHEN,165 AVENUE OF CHAMPIONS,40508,605,2023-08-30,2023-08-30,2,38.040712098008,-84.502874205757
118144,TOASTIES 2,610 E. HIGH ST.,40502,605,2023-04-18,2023-04-18,1,38.033821061141,-84.491472413146
118147,SLIM CHICKENS,525 WALLER AVENUE,40504,11,2023-12-06,2025-08-01,3,38.032904458112,-84.52261155157
118154,SHARETEA,2860 RICHMOND ROAD,40509,605,2023-04-24,2025-10-22,4,38.007055368938,-84.45262189312
118180,COUNTER CLOCKS 1ST BASE,207 LEGENDS LANE,40505,605,2023-04-24,2023-08-15,3,38.064057019028,-84.478400964329
118181,COUNTER CLOCKS KY ALE TAP ROOM,207 LEGENDS LANE,40505,605,2023-04-24,2023-08-15,3,38.064057019028,-84.478400964329
118182,COUNTER CLOCKS BROADWAY CANTINA,207 LEGENDS LANE,40505,605,2023-04-28,2023-08-15,3,38.064057019028,-84.478400964329
118183,COUNTER CLOCKS 3RD BASE,207 LEGENDS LANE,40507,605,2023-04-24,2023-08-15,3,38.064057019028,-84.478400964329
118184,COUNTER CLOCKS BUDWEISER STABLES,207 LEGENDS LANE,40507,605,2023-04-24,2023-08-15,3,38.064057019028,-84.478400964329
118214,MOMMY'S KITCHEN,101 W. LOUDON AVE,40508,605,2023-04-28,2023-04-28,1,38.057365606284,-84.481536626574
118217,DREAM CARE LEARNING CENTER,2414 PALUMBO DRIVE,40509,CENTER,2023-05-08,2025-11-21,6,38.020059941235,-84.448619878508
118331,AQUA TOTS AT HAMBURG- INDOOR,,40503,AQUA TOTS AT HAMBURG- INDOOR,2025-07-23,2025-07-23,1,,
118349,TATTOO GUNNER LLC,,40509,,2025-12-22,2025-12-22,1,,
118351,HUCK'S MARKET #319,2450 POLO CLUB BLVD,40509,607,2023-08-30,2025-09-03,7,38.029194852788,-84.411272892319
118364,EMO EXPRESS,1106 WINCHESTER RD.,40505,62,2023-05-03,2024-05-17,2,38.042073194427,-84.465705709131
118397,EL TAQUERO GUERO,475 PASEDENA DR,40502,605,2023-05-11,2023-06-07,2,38.009788131258,-84.533686455747
118402,PAUL MILLER FORD DBA KENTUCKY STRONG BBQ,900 FORTUNE DR,40505,52,2023-05-04,2024-05-17,4,,
118403,TACOS EL TAPATIO LLC,2005 FORDSON CT,40505,605,2023-04-18,2023-05-04,2,38.061120787356,-84.44010958202
118461,WILDWOOD FLOWER TATTOO LEX,,40505,LEX,2025-11-25,2025-11-25,1,,
118483,"NORTH FORK FRESH MEX LLC, QDOBA SIR BARTON #2294",2337 SIR BARTON WAY,40509,"LLC, QDOBA SIR BARTON",2023-05-18,2025-09-02,11,38.025797982683,-84.422788262574
118484,"NORTH FORK FRESH MEX LLC QDOBA NORTH FORK FRESH MEX LLC, QDOBA OF EUCLID",265 AVENUE OF CHAMPIONS,40508,"NORTH FORK FRESH MEX LLC, QDOBA OF EUCLID",2023-05-12,2025-07-17,8,38.038478787055,-84.50042334937
118485,"NORTH FORK FRESH MEX LLC, QDOBA OF TIVERTON #2521",101 E. TIVERTON WAY,40503,11,2023-05-10,2024-06-05,5,37.981498580577,-84.532525787841
118486,NORTH FORK FRESH MEX LLC QDOBA OF PALOMAR #2524,3735 PALOMAR CENTRE DR STE 65,40513,LLC QDOBA OF PALOMAR,2023-10-26,2025-12-08,5,38.003459531439,-84.571166851002
118488,B. G. CONCESSIONS,2320 JACKS CREEK PIKE,40515,605,2023-05-09,2025-10-10,4,37.923393194113,-84.413824889236
118498,HOME2 SUITES LEXINGTON KEENELAND/AIRPORT,,40513,KEENELAND/AIRPORT,2025-10-20,2025-10-20,1,,
118499,HOME2 SUITES LEXINGTON KEENELAND/AIRPORT,960 MIDNIGHT PASS,40513,KEENELAND/AIRPORT,2023-08-07,2025-10-24,3,38.016029406612,-84.55755927328
118501,GROUNDED ALL DAY CAFE,106 BURKE RD,40511,605,2023-10-04,2025-11-24,3,38.065872121873,-84.523159039808
118503,COTTON CANDY LLC,3401 NICHOLASVILE RD,40503,53,2023-05-17,2025-07-02,5,37.98845683202,-84.525168704428
118524,LEXINGTON CHEF'S TABLE LLC,100 W LOUDON AVE STE 140,40508,605,2023-05-15,2023-05-15,1,38.057288921121,-84.481644768781
118550,THEA'S BASS & BIDDY KITCHEN,101 W LOUDON AVE STE 140,40508,KITCHEN,2023-05-15,2025-08-14,3,38.057365606284,-84.481536626574
118562,EMPANADA QUEEN,101 W. LOUDON AVE,40508,11,2023-05-19,2025-10-14,5,38.057365606284,-84.481536626574
118571,ASTANA LLC DBA THE MANCHESTER HOTEL,,40508,HOTEL,2025-09-29,2025-09-29,1,,
118573,GRANDDAM AT THE MANCHESTER HOTEL,941 MANCHESTER STREET,40508,HOTEL,2023-05-18,2025-11-03,8,38.052976085455,-84.509843806718
118574,LOST PALM AT THE MANCHESTER HOTEL,941 MANCHESTER STREET,40508,HOTEL,2023-05-18,2025-11-03,6,38.052976085455,-84.509843806718
118584,KEYHOLE TATTOO,,40507,,2025-12-16,2025-12-16,1,,
118586,DULCE Y SALADO LLC,101 W LOUDON STE 138,40508,11,2023-05-30,2025-12-09,5,38.057365606284,-84.481536626574
118602,CREEKSIDE CAFE AT IMMANUEL BAPTIST CHURCH,3100 TATES CREEK RD,40502,BAPTIST CHURCH,2023-11-13,2025-08-01,3,38.005099933697,-84.495734112419
118604,MOMMY'S KITCHEN - COMMISSARY,101 W. LOUDON AVE,40505,605,2023-05-25,2023-05-25,2,38.057365606284,-84.481536626574
118624,ROULAY LLC DBA OSHA THAI KITCHEN & BAR,107 W SHORT ST,40507,THAI KITCHEN & BAR,2023-06-01,2025-12-04,5,38.047069799928,-84.496349410075
118633,DESPERADOS CANTINA,1224 MANCHESTER ST #110,40504,11,2023-07-03,2025-09-03,5,38.056829809811,-84.519962952302
118648,BLUEGRASS CARIBBEAN CHEFS LLC,101 W LOUDON,40508,CHEFS LLC,2023-09-30,2025-12-30,4,38.057365606284,-84.481536626574
118649,NATALIA'S PASTRY SHOP - USES COMMISSARY,101 W LOUDON AVE,40508,- USES COMMISSARY,2023-05-22,2025-12-05,4,38.057365606284,-84.481536626574
118675,CHICK-FIL-A,3401 NICHOLASVILLE RD STE FC5A,40503,610,2023-05-24,2023-05-24,1,37.98845683202,-84.525168704428
118682,DOLLAR TREE #08176,820 N BROADWAY,40505,62,2023-07-19,2025-07-08,4,38.059940236552,-84.484016463844
118687,EL SABOR OAXAQUENO #1,3527 LANSDOWNE DR,40517,52,2023-05-24,2025-10-09,4,37.986848163207,-84.516235677999
118700,CHAMPION'S NUTRITION KY,1388 ALEXANDRIA DR #2,40504,KY,2023-07-05,2025-11-19,4,38.049258072265,-84.552217236359
118771,THE FUNKY LITTLE SHACK,3076 MAJESTIC VIEW WALK,40511,605,2023-06-01,2023-06-01,1,38.104886055687,-84.538647053142
118804,NEVER TOO MUCH CREAMERY,110 WEST 6TH STREET,40508,11,2023-07-12,2025-11-12,4,38.05420704271,-84.48681698006
118809,EL COSTENO JR 3,1144 WINBURN DRIVE,40511,605,2023-06-06,2023-06-06,1,38.0892128177,-84.474887261569
118810,EL COSTENO JR 4 - NOT OPEN YET,1144 WINBURN DRIVE,40511,605,2023-06-06,2023-06-06,1,38.0892128177,-84.474887261569
118817,WATERSTONE AT HAMBURG (OUTDOOR) BARREL OAKS APARTMENTS (OUTDOOR),,40509,BARREL OAKS APARTMENTS (OUTDOOR),2025-09-29,2025-09-29,1,,
118822,WHITE TIGER INDIAN RESTAURANT AND BAR,3695 NICHOLASVILLE RD,40503,AND BAR,2023-06-15,2025-12-15,5,37.984367849088,-84.526983299773
118841,"MIX IT UP MOBILE CONCESSIONS, LLC",467 ERIE RD,40511,52,2023-06-21,2024-06-15,2,38.072937104374,-84.512691802795
118843,FRESH APPROACH,1084 WHIPPLE CT,40511,36,2023-06-15,2025-12-03,5,38.080715241553,-84.503167182362
118846,PELICO TACOS,1729 COSTIGAN DRIVE,40511,605,2023-07-18,2023-07-18,2,38.090728475912,-84.480778156063
118855,LUCKY DAWGS,1230 EASTLAND DR,40505,605,2024-01-04,2025-12-18,2,38.045778409913,-84.457822232858
118863,7 BREW DRIVE THRU COFFEE,2895 RICHMOND ROAD,40509,605,2023-07-13,2025-11-21,7,38.006385452582,-84.449825581799
118889,DARLING WINE BAR,"101 W LOUDON AVE, STE 164",40508,53,2023-12-15,2025-12-05,3,38.057365606284,-84.481536626574
118892,NORTENAS LATIN MARKET LLC,1496 LEESTOWN RD STE 125,40511,LLC,2023-07-11,2025-11-12,4,38.065587096853,-84.523454692632
118913,LA PRINCESA SUPERMARKET LLC,1747 ALEXANDRIA DRIVE,40504,LLC,2023-12-07,2025-07-29,7,38.039393449322,-84.552580424943
118924,BRISCOE'S TREATS,809 HIDDEN STREAM DR,40511,605,2023-06-15,2023-06-15,1,38.08486000257,-84.50977823109
118970,TOKYO EXPRESS HIBACHI & SUSHI,1951 N BROADWAY,40505,605,2023-08-07,2024-01-23,10,38.075075736074,-84.457766286583
118984,MIKI ICE,257 RIVERSIDE DR,45373,603,2023-06-20,2023-06-20,1,40.054594572445,-84.205216305939
118992,CANTEEN @ LOWES #0507 BREAKROOM,200 OLD TODDS RD,40509,BREAKROOM,2023-10-30,2025-11-04,2,38.010610135365,-84.452498627813
119003,CHEF DADDY,2637 ROLLING RIDGE,40511,52,2024-05-07,2024-05-07,1,38.078322918027,-84.552914893083
119016,THE STRETCH SPA,,40504,THE STRETCH SPA,2025-08-20,2025-08-20,1,,
119034,THE HUMAN BEAN,2644 RICHMOND ROAD,40509,605,2023-07-21,2025-08-19,5,38.010191166654,-84.455851750803
119046,STONEY BROOKE APARTMENTS - INDOOR CONTINUOUS,,40509,- INDOOR CONTINUOUS,2025-11-17,2025-11-17,1,,
119048,STONEY BROOKE APARTMENTS - OUTDOOR THE RACQUET CLUB APARTMENTS SEASONAL,,40509,THE RACQUET CLUB APARTMENTS SEASONAL,2025-09-02,2025-09-02,1,,
119052,SS ICE CREAM,110 WINBURN DRIVE,40511,605,2023-07-24,2023-07-24,2,,
119086,NORTHEAST CHRISTIAN,990 STAR SHOOT PARKWAY,40509,605,2023-07-18,2025-09-09,4,38.022550031756,-84.426905364956
119127,SHAKING SEAFOOD AND WINGS,3110 MAPLELEAF DRIVE,40509,WINGS,2023-07-21,2025-09-18,7,38.007236275338,-84.426319968143
119152,THE RACQUET CLUB APARTMENTS THE CALLAWAY - OUTDOOR,,40515,THE CALLAWAY - OUTDOOR,2025-08-28,2025-08-28,1,,
119157,DIAMOND ICE CREAM,1502 DURHAM COURT,40505,610,2023-07-07,2023-07-07,2,38.05255932257,-84.443969529119
119166,RYU HIBACHI EXPRESS,1953 NICHOLASVILLE RD,40503,605,2023-07-10,2023-07-10,2,38.012299678714,-84.516406310511
119181,"COACH SHALAHS'S KITCHEN, LLC",962 DELAWARE AVE,40505,605,2023-07-18,2024-01-09,3,38.03965770687,-84.47215289431
119185,I WANT TACOS 2 LLC,400 WEST MAIN STREET,40507,605,2023-07-19,2025-09-29,6,38.048937846458,-84.49996868416
119187,PAIN IS BEAUTIFUL (PIERCING),,40503,,2025-11-06,2025-11-06,1,,
119188,PAIN IS BEAUTIFUL (TATTOO),,40503,,2025-11-06,2025-11-06,1,,
119193,RISE UP PIZZA TRUCK,101 W. LOUDON AVE #112,40508,605,2023-07-11,2023-07-11,2,38.057365606284,-84.481536626574
119200,ESTEPP'S FRIENDLY SHELL (HOT STEPPERS),1510 NEWTOWN PIKE #154,40511,605,2023-07-12,2023-08-24,4,38.087028286874,-84.489634954236
119228,TACO EL POTRO 2 LLC,413 W. NEW CIRCLE ROAD,40511,605,2023-07-19,2023-10-30,5,38.071046318221,-84.476898517746
119233,HOME2 SUITES LEXINGTON KEENLAND / AIRPORT,,40513,KEENLAND / AIRPORT,2025-11-25,2025-11-25,1,,
119243,ARCHA NINE THAI KITCHEN,4371 OLD HARRODSBURG ROAD,40513,605,2023-07-18,2025-10-22,3,37.996305876542,-84.58463320306
119269,TACOS LUPITA,3390 SPANGLER DRIVE,40517,605,2023-07-19,2023-07-19,2,37.980656339444,-84.505602013223
119271,WELDON FLAVORINGS,428 SOUTHLAND DRIVE,40503,605,2023-07-27,2023-07-27,2,38.018889195276,-84.527412852303
119274,BAD WOLF BURGERS,1401 N. FORBES ROAD,40511,605,2023-07-31,2025-07-25,7,38.064369361235,-84.519693595443
119275,MONARCA AUTHENTIC MEXICAN RESTAURANT,841 LANE ALLEN ROAD,40504,RESTAURANT,2023-07-27,2025-09-11,6,38.028498105633,-84.537760637891
119276,ALFALFA CATERING,428 SOUTHLAND DRIVE,40505,605,2023-07-28,2023-07-28,2,38.018889195276,-84.527412852303
119282,BEAR'S CHICKEN SHACK,815 EUCLID AVE,40502,605,2023-07-20,2025-09-19,7,38.030146686001,-84.491056349494
119301,CHARLES YOUNG SPLASH PAD HILTON GARDEN INN LEXINGTON-,,40508,HILTON GARDEN INN LEXINGTON-,2025-08-19,2025-08-19,1,,
119314,TRAILA LA CATRACHITA,2001 VERSAILLES RD,40504,605,2023-07-24,2023-09-07,6,,
119324,HYDERABAD HOUSE LEXINGTON,2220 NICHOLASVILLE RD SUITE 160,40503,605,2023-08-28,2025-11-06,3,38.008008586798,-84.517638342533
119330,TACO STOP TAQUERIA,1474 ANNISTON DRIVE,40505,11,2023-08-15,2025-10-15,6,38.056834584225,-84.438261020188
119347,SQUIRES CORNER KITCHEN,468 SQUIRES RD,40515,605,2023-08-11,2025-09-17,4,37.991089798024,-84.448388596801
119381,NEBUTORI - THE VOID LLC,949 NATIONAL AVE #190,40502,605,2023-08-02,2023-08-02,2,38.03821483548,-84.474311934977
119397,SNOWFRUIT 352 INSIDE KROGER,150 W. LOWRY LANE STE 190,40503,KROGER,2023-08-15,2025-10-20,3,38.007179134654,-84.522224568922
119398,SNOWFRUIT 359 INSIDE KROGER,1650 BRYAN STATION RD.,40505,KROGER,2023-08-18,2025-09-04,4,38.060545619244,-84.46321099488
119399,SNOWFRUIT 361 INSIDE KROGER,1808 ALEXANDRIA DRIVE,40504,KROGER,2023-08-29,2025-07-31,3,38.03622771842,-84.551163003833
119400,SNOWFRUIT 371 INSIDE KROGER,3650 BOSTON ROAD,40514,KROGER,2023-08-11,2025-09-03,3,37.98048457978,-84.551138754078
119401,SNOWFRUIT 721 INSIDE KROGER,4750 HARTLAND PKWY,40515,KROGER,2023-08-10,2025-10-27,4,37.960989548405,-84.480744164403
119402,SNOWFRUIT 737 INSIDE KROGER,1060 CHINOE ROAD STE 190,40502,KROGER,2023-08-15,2025-10-13,4,37.997769521367,-84.48071491237
119406,BLUEGRASS SPICE AND TEA MERCHANTS,807 EUCILD AVENUE,40502,TEA MERCHANTS,2023-08-16,2025-09-24,4,38.030227576548,-84.491146072898
119410,DULCE Y SALADO KITCHEN,101 LOUDON,40508,605,2023-08-10,2023-08-10,2,38.057365606284,-84.481536626574
119411,TOSSIN THA SAUCE WINGS LLC,543 S LIMESTONE,40508,605,2023-08-23,2023-08-23,2,38.039105445096,-84.506804500916
119412,EL CHARRO TACOS AND TEQUILA BAR,561 S BROADWAY STE 110,40508,TEQUILA BAR,2023-09-15,2025-11-26,3,38.044863486384,-84.505781831025
119419,HOLY CREPE DBA BACKROADS BAKERY,109 W 6TH,40505,605,2023-08-07,2023-08-08,4,,
119425,BLUE AGAVE GRILL,440 HILLTOP AVE,40506,605,2023-08-11,2025-11-12,4,,
119485,DAMIANO,503 S. UPPER STREET,40508,605,2023-08-21,2023-08-21,2,38.043454560051,-84.503407516922
119514,RAMSEYS DINER MASTERSON STATION,112 LUCILLE DR SUITE 110,40511,STATION,2023-08-18,2025-12-15,5,38.088176288919,-84.548525719405
119525,L8NITE,401 SOUTH LIMESTONE #104,40508,11,2023-08-23,2024-05-02,4,38.041529582561,-84.503946762656
119532,TAQUERIA EL BOCA DITO,1424 VERSAILLES ROAD,40504,605,2023-08-29,2023-10-04,9,38.049349403437,-84.527259940332
119538,COUNTER CLOCKS EXACTA GRILL,207 LEGENDS LANE,40505,605,2023-08-15,2023-08-15,2,38.064057019028,-84.478400964329
119539,BIG CITY PIZZA,207 LEGENDS LANE,40505,605,2023-08-15,2023-08-15,4,38.064057019028,-84.478400964329
119540,TRIFECTA,207 LEGENDS LANE,40505,605,2023-08-15,2023-08-15,4,38.064057019028,-84.478400964329
119562,JAVA JUKE BOX STATEWIDE MOBILE,640 W MAXWELL STE 130,40508,605,2023-08-18,2023-08-18,2,38.048135264031,-84.506691789509
119565,BELLA CAFE & GRILL 2 LLC,3901 FOUNTAIN BLUE LANE,40513,605,2023-09-12,2025-10-17,3,,
119576,CAMACHO'S KITCHEN #2,3313 TAHOE ROAD,40515,605,2023-08-24,2023-08-24,2,37.980668401613,-84.455039841805
119585,DUTCH BROS COFFEE,234 E. NEW CIRCLE ROAD,40505,605,2023-08-29,2025-11-07,3,38.061661850166,-84.466634833951
119593,POPPY & POMELO LLC,,40502,,2025-09-10,2025-09-10,1,,
119649,SOUTHERN MIDDLE SCHOOL - YUM BIG BLUE WIENER YUM SHOP,400 WILSON DOWNING RD,40517,BIG BLUE WIENER YUM SHOP,2023-08-31,2025-10-22,6,37.981003315254,-84.513837118601
119655,TUK TUK SNACK SHOP,124 MALABU DRIVE SUITE 110,40503,605,2023-09-11,2025-08-21,3,38.00279794787,-84.518006520499
119666,BARZELONA,4371 OLD HARRODSBURG RD SUITE 105,40513,605,2023-09-01,2023-09-01,2,37.996305876542,-84.58463320306
119673,THE SALAD BAR,2051 RICHMOND ROAD SUITE 115,40502,605,2023-09-01,2024-02-13,3,,
119682,EUREST DINING LEXMARK BUILDING 32,1101 RUSSELL CAVE RD,40511,BUILDING,2023-08-05,2025-11-17,6,38.066422392744,-84.483595182069
119688,EUREST DINING LEXMARK MAIN BUILDING,740 W NEW CIRCLE ROAD,40511,MAIN BUILDING,2023-09-05,2025-12-16,8,38.073357419009,-84.487867818728
119711,JUST DAWGS,2955 MCBRAYER RD,40313,603,2023-08-31,2023-08-31,2,38.149411921245,-83.471417935057
119719,DOMINIC'S EATERY,215 EAST 7TH STREET,40508,605,2023-09-12,2023-09-20,4,38.053067362661,-84.481515181267
119759,NANNY BEE'S,428 SOUTHLAND DRIVE,40503,605,2023-09-15,2023-09-15,2,38.018889195276,-84.527412852303
119764,CECI'S GRILL HOUSE,3220 NICHOLASVILLE ROAD UNIT D70,40503,605,2023-09-07,2025-09-19,4,37.992592127852,-84.522818025143
119777,CASEY'S MARKETING COMPANY DBA MINIT MART #4439,101 LEXINGTON GREEN CIRCLE,40503,DBA MINIT MART,2023-09-13,2025-09-05,2,37.99268567872,-84.523124984942
119778,CASEY'S MARKETING COMPANY DBA MINIT MART,,40511,DBA MINIT MART,2025-11-11,2025-11-11,1,,
119779,CASEY'S MARKETING COMPANY DBA MINIT MART #4441,109 TOWN CENTER DR,40511,DBA MINIT MART,2023-09-12,2025-10-21,9,38.067004850529,-84.530715948541
119780,CASEY'S MARKETING COMPANY DBA MINIT MART #4442,1949 NORTH BROADWAY,40505,DBA MINIT MART,2023-09-14,2025-09-18,4,38.075068123719,-84.457778623849
119781,CASEY'S MARKETING COMPANY DBA MINIT MART #4443,1975 NICHOLASVILLE RD,40503,DBA MINIT MART,2023-09-11,2025-12-09,7,38.011824493738,-84.516593856051
119782,CASEY'S MARKETING COMPANY DBA MINIT MART #4444,1998 HARRODSBURG RD,40503,DBA MINIT MART,2023-09-11,2025-10-20,5,38.026523027785,-84.534744100293
119783,CASEY'S MARKETING COMPANY DBA MINIT MART #4445,2297 THUNDERSTRICK DR,40505,DBA MINIT MART,2023-09-18,2025-11-04,5,38.041626247677,-84.425795529656
119784,CASEY'S MARKETING COMPANY DBA MINIT MART #4446,2300 VERSAILLES RD,40504,DBA MINIT MART,2024-02-06,2025-09-30,2,38.046673831061,-84.551982403759
119785,CASEY'S MARKETING COMPANY DBA MINIT MART #4447,2420 RICHMOND RD,40502,DBA MINIT MART,2024-02-06,2025-10-03,3,38.014134041221,-84.460315111657
119786,CASEY'S MARKETING COMPANY DBA MINIT MART #4448,3110 RICHMOND RD,40509,607,2024-02-01,2024-02-01,1,38.002784704971,-84.447813463313
119787,CASEY'S MARKETING COMPANY DBA MINIT MART #4449,3790 PALOMAR CENTRE  DR,40513,DBA MINIT MART,2024-02-02,2025-09-09,3,38.006285492735,-84.573091735205
119788,CASEY'S MARKETING COMPANY DBA MINIT MART #4450,4096 NICHOLS PARK,40503,DBA MINIT MART,2023-09-11,2025-10-21,3,37.977832792988,-84.533814400941
119789,CASEY'S MARKETING COMPANY DBA MINIT MART #4451,4201 SARON DR,40515,DBA MINIT MART,2023-11-08,2025-07-22,3,37.967950646226,-84.502518501793
119790,CASEY'S MARKETING COMPANY DBA MINIT MART,,40511,DBA MINIT MART,2025-12-19,2025-12-19,1,,
119791,CASEY'S MARKETING COMPANY DBA MINIT MART #4453,4560 IRON WORKS PIKE,40511,DBA MINIT MART,2023-09-18,2025-10-22,5,38.148860108166,-84.540521612156
119792,CASEY'S MARKETING COMPANY DBA MINIT MART #4454,5521 ATHENS-BOONESBORO,40509,DBA MINIT MART,2024-02-01,2025-11-14,2,37.961589844519,-84.386626047404
119793,CASEY'S MARKETING COMPANY DBA MINIT MART #4455,905 S LIMESTONE,40503,DBA MINIT MART,2023-11-09,2025-07-11,6,38.032303293759,-84.509288952309
119809,OKOME ASIAN GRILL,341 S. LIMESTONE,40508,605,2023-09-28,2025-08-01,7,38.042513727068,-84.502580489474
119820,DADDIOS PIZZA,333 S LIMESTONE ST,40508,605,2023-09-21,2023-09-21,1,38.042722718834,-84.502290854928
119829,KENTUCKY BIG BLUE BBQ,500 EUCLID STREET,40502,605,2023-09-15,2023-09-15,2,38.034272928699,-84.495896436278
119831,WILSON'S GROCERY,1010 CRAMER AVENUE,40502,607,2024-01-12,2025-09-04,3,38.035556417454,-84.477413251586
119867,I WANT TACOS 3,224 MCCONNELLS TRACE,40511,605,2023-08-24,2023-09-14,4,38.086797021458,-84.560651749314
119873,PEPPER'S MEXICAN GRILL,4750 HARTLAND PARKWAY STE 162,40515,605,2023-09-21,2025-11-24,3,37.960989548405,-84.480744164403
119883,TATS BY TRXSH,,40509,,2025-12-15,2025-12-15,1,,
119907,SALLIE JANE BERT'S SPEAKCHEEZY MOBILE #2,161 E. REYNOLDS ROAD,40517,BERT'S SPEAKCHEEZY MOBILE #2,2023-09-26,2025-11-21,3,37.990420125629,-84.521064090357
119913,CHURRERIA & ANTOJITOS MEXICANOS LA CONEJA MOBILE,394 WINTON RD,40383,605,2023-09-21,2023-09-21,2,38.038473794025,-84.698077087941
119915,GREENHOUSE 17,4400 BRIAR HILL ROAD,40516,605,2023-09-20,2023-09-20,1,38.066777478766,-84.360631832919
119918,TAQUERIA EL TENAMPA,2575 KNIGHTSBRIDGE,40509,605,2023-09-21,2023-10-03,4,38.02932430564,-84.447347221181
119933,DELICIA Y SABOS CATRACHO,300 QUINTON CT. 22103,40509,605,2023-09-21,2023-09-22,4,38.012864124627,-84.455204411868
119934,CLOUD CANDY,645 ESTRELLA DR,40511,603,2023-09-30,2023-09-30,2,38.095841227726,-84.53342425489
119990,LEXINGTON ACADAMY OF MARTIAL ARTS,,40502,MARTIAL ARTS,2025-11-13,2025-11-13,1,,
119997,STARBUCKS COFFEE #71107,1433 NEWTOWN CENTER WAY,40511,605,2023-09-28,2025-10-15,4,38.083759510412,-84.489146846429
120004,SWEET WALLY'S,3401 NICHOLASVILLE RD BOOTH FC-09,40503,11,2023-10-06,2024-05-31,4,37.98845683202,-84.525168704428
120006,LA PETITE DELICAT,250 WALTON AVE SUITE 160,40502,43,2023-12-18,2025-12-02,3,38.040350219155,-84.480789427163
120023,BEAU'S CAFE,3191 BEAUMONT CENTRE CIRCLE,40513,11,2023-10-13,2025-07-16,5,38.01967524537,-84.559572548698
120024,A SWEETER KENTUCKY,3273 HUNTING HILLS DRIVE,40515,603,2023-09-30,2023-09-30,2,37.971992958443,-84.456469957374
120033,M & M SMOKEHOUSE LLC,100 VALVOLINE WAY,40509,607,2023-10-03,2023-10-03,4,,
120068,FRUTA MIX LLC,1993 HARRODSBURG ROAD,40503,605,2023-11-22,2023-11-22,1,,
120155,SLIM CHICKENS,2897 RICHMOND ROAD,40509,605,2024-01-25,2025-11-03,2,38.006364631965,-84.449781687397
120156,BISCUIT BELLY,112 LUCILLE DRIVE #150,40511,11,2023-11-15,2024-05-14,3,38.088176288919,-84.548525719405
120192,ZUMOS,1677 KONNER WOODS DRIVE,40511,52,2023-10-19,2025-10-04,4,38.085412542424,-84.512507485403
120235,RISE AND BRINE,331 ROMANY RD,40502,11,2023-12-06,2025-07-17,3,38.020033111139,-84.485801346778
120246,MR. TACO N&B,2304 CABOT DRIVE,40505,605,2023-10-24,2023-10-24,1,38.087075168739,-84.457099226369
120292,EL SAZON OAXAQUENO,107 TRAFTON SUITE 2190,40504,605,2023-10-26,2023-10-26,1,38.051788759531,-84.525797331777
120293,TAQUERIA LA COSTA,2040 LARKSPUR,40504,52,2023-10-26,2024-06-20,3,38.027528059798,-84.544014432294
120299,RANCHO MORENAL,941 DETROIT AVE,40505,605,2023-10-26,2023-10-26,1,38.040971341716,-84.470671666399
120318,EVERYTHING SPUDS LLC,1070 CHINOE UNIT 140,40502,11,2024-06-04,2025-07-17,3,37.996964005745,-84.481101771874
120335,LA ESQUINA CHILANGA,413 W NEW CIRCLE RD,40511,11,2023-11-16,2025-12-11,3,38.071046318221,-84.476898517746
120341,HILTON GARDEN INN LEXINGTON,1973 PLAUDIT PL,40509,607,2024-02-06,2025-10-13,3,38.019735396573,-84.414419134262
120346,CHENTE TACOS,376 REDDING ROAD #3,40517,605,2023-11-02,2023-11-02,1,37.989200679238,-84.506485669297
120358,RISE UP! PIZZA,131 CHEAPSIDE,40507,605,2023-11-05,2023-11-05,2,38.048006892173,-84.498386807715
120374,EL TENAMPA RESTORAN EN BAR,1914 OXFORD CIRCLE,40504,EN BAR,2023-11-22,2025-12-04,3,38.049780489669,-84.54196859256
120389,2ND HOME ADULT DAY HEALTH CARE LLC,2432 REGENCY ROAD  SUITE #200,40503,CARE LLC,2023-12-11,2025-07-29,4,38.00381938108,-84.525061893554
120417,GHC LEXINGTON TENNIS OPERATOR,410 REDDING RD,40517,OPERATOR,2023-11-22,2025-12-23,4,37.985891677293,-84.499680685006
120427,C & P MARKET / GRILL,1000 MANCHESTER STREET,40508,607,2023-11-22,2023-11-22,2,38.053525111818,-84.511452547482
120438,CHUPIS,910 CHRIS DRIVE,40356,605,2023-11-15,2023-11-15,1,37.926377847186,-84.478845849523
120442,EL POBIANO,3349 HARSTON DR,40515,605,2023-08-30,2023-08-30,1,37.974156516666,-84.459037810918
120453,BIG BLUE WIENER,337 S MILL ST APT 7,40517,603,2023-11-17,2023-11-17,1,38.046268868629,-84.501695473165
120465,PADDOCK BOURBON CLUB,1011 SOUTH BROADWAY AVENUE,40504,11,2023-11-28,2025-07-17,3,38.03841045707,-84.515991083513
120520,HONEY J'S,1474 ANNISTON DR,40505,11,2023-11-30,2025-11-26,4,38.056834584225,-84.438261020188
120521,TROPICAL SMOOTHIE CAFE,385 ROSE STREET,40508,11,2023-11-27,2025-07-08,9,38.03818795647,-84.499374560598
120536,KEARNEY RIDGE APARTMENTS- OUTDOOR,,40511,OUTDOOR,2025-08-12,2025-08-12,1,,
120543,CINCO DE MAYO TATES CREEK,4101 TATES CREEK CENTRE DRIVE  UNIT 162,40517,CREEK,2024-01-12,2025-12-09,2,37.96993417395,-84.497580956576
120558,CLARK'S PUMP-N-SHOP #79,2670 SANDERSVILLE ROAD,40511,#79,2023-12-06,2025-11-26,3,38.089253912797,-84.536736457289
120559,RAIDERS SUBS LLC DBA SUBWAY,360 SOUTHLAND DRIVE,40503,DBA SUBWAY,2024-05-13,2025-11-24,2,38.017068144594,-84.525364065782
120569,TROPICAL SMOOTHIE CAFE,3090 HELMSDALE PL SUITE 390,40509,11,2023-12-08,2025-12-05,4,38.012333175486,-84.420828362787
120593,TEDDY'S LLC,161 E. REYNOLDS ROAD,40517,605,2023-12-11,2023-12-13,2,37.990420125629,-84.521064090357
120601,FUEL UP NUTRITION,128 BURT RD,40503,11,2023-12-12,2025-07-29,3,38.007428224475,-84.519547405285
120605,EASTLAND VAPE & GROCERY,1907 VERSAILLES RD STE B,40504,610,2023-12-20,2024-01-25,5,38.048296079609,-84.5374719872
120607,MI GUSTO ES,826 EAST SEVENTH STREET,40505,605,2023-12-07,2023-12-07,1,38.043651979818,-84.470837694755
120622,SEOUL ASIAN MARKET,1085 E. NEW CIRCLE ROAD,40505,610,2023-12-22,2025-12-04,2,38.035489899082,-84.453870937453
120623,EL CIDS MEXICAN BIRRIERIA,701 NATIONAL AVE,40502,11,2023-12-15,2024-06-28,2,38.041125258654,-84.480023072579
120666,GOLDFISH SWIM SCHOOL - NICHOLASVILLE HAMPTON INN (INDOOR POOL),,40503,HAMPTON INN (INDOOR POOL),2025-12-10,2025-12-10,1,,
120697,GREASY ART SUPPLY,,40507,,2025-12-10,2025-12-10,1,,
120699,STARBUCKS,3880 FOUNTAIN BLUE LANE,40513,605,2024-01-08,2025-07-28,2,,
120701,BIG BLUE NUTRITION,1030 SOUTH BROADWAY STE. 7,40504,605,2024-01-10,2025-09-29,2,38.03808243971,-84.516279575827
120703,CALLE HIDALGO LLC DBA EL JEFE MEXICAN GRILL,2369 RICHMOND ROAD SUITE 110,40502,EL JEFE MEXICAN,2024-01-05,2025-09-11,3,,
120704,THE BURL DBA BURL BREW,371 THOMPSON ROAD,40508,11,2024-01-04,2025-08-14,4,38.057415595617,-84.518153052737
120708,BLUE STALLION BREWING,610 WEST 3RD ST.,40508,605,2023-12-27,2025-08-21,4,38.057074136993,-84.501057176489
120711,CHOCOLATE HOLLER,400 OLD VINE STREET SUITE 104,40507,605,2024-01-03,2024-01-03,1,,
120712,OLD SAN JUAN CUBAN AND LATIN CUISINE,247 SURFSIDE DRIVE,40503,LATIN CUISINE,2023-12-29,2025-08-11,3,38.001315094219,-84.517363620512
120726,STONE SOUP & SALAD,428 SOUTHLAND DRIVE,40503,605,2024-01-09,2024-01-09,1,38.018889195276,-84.527412852303
120727,GOLDEN FLAME HOT WINGS,141 ROJAY DRIVE,40503,605,2023-12-29,2025-08-04,3,37.984601449747,-84.528485203315
120735,"ESTEPP'S FRIENDLY SHELL, INC DBA WINCHESTER ROAD",768 WINCHESTER ROAD,40505,INC DBA WINCHESTER,2024-01-04,2025-11-14,10,38.041208385948,-84.475704490124
120758,TACOS EL POTRO,2417 NICHOLASVILLE ROAD,40503,11,2024-01-30,2024-06-25,4,38.002985326435,-84.519720863035
120763,HAMPTON INN,2251 ELKHORN ROAD,40505,607,2024-01-09,2025-09-05,3,38.043075605026,-84.423232216315
120764,LYNDON HOUSE BED & BREAKFAST,507 N. BROADWAY,40508,605,2024-01-16,2025-10-29,2,38.055185488417,-84.491091480311
120774,END LINE CAFE,3025 BLAKE JAMES DRIVE,40509,605,2024-01-23,2025-11-19,2,38.008230964485,-84.435807907357
120777,ANTOJITOS LA PASADITA,1918 OXFORD CIRCLE,40504,605,2024-01-09,2024-01-09,1,38.049741951579,-84.542128274363
120785,FERNANDO'S FOOD TRUCK,225 PREAKNESS DRIVE,40516,605,2024-01-09,2024-01-09,1,38.074354043644,-84.446618259044
120795,THE OBSTINATE SONS,829 CHEVY CHASE PLACE,40502,605,2024-01-17,2025-08-20,2,38.028996886209,-84.491780878159
120814,ROCK HOUSE BREWING,119 LUIGART COURT,40508,605,2024-01-18,2024-01-18,1,38.056540264795,-84.48235553865
120818,FIZZY FOX,633 DARDONELLES DRIVE,40503,605,2024-01-12,2025-10-04,2,38.008592672359,-84.543842375535
120821,YAKY ENTERPRISES INC. PDQ KWIK STOP,456 E. NEW CIRCLE ROAD,40505,PDQ KWIK STOP,2024-01-31,2025-09-03,3,38.055463078942,-84.460630624337
120822,ASIAN BISTRO J2C,561 S. BROADWAY STE #140,40508,605,2024-01-22,2025-08-20,4,38.044863486384,-84.505781831025
120834,DAIRY QUEEN #70870,5350 ATHENS BOONESBORO ROAD,40509,11,2024-05-16,2025-11-25,3,37.96441846759,-84.391814432032
120839,DIP N CREPE,3801 MALL RD SUITE 135,40503,605,2024-01-26,2025-08-06,2,37.985253300986,-84.530712605953
120862,BRAZILIAN GOURMET LLC,424 EAST NEW CIRCLE ROAD,40505,607,2024-01-29,2025-09-10,3,38.056414838512,-84.461522929867
120873,CLARK'S PUMP-N-SHOP #87,,40511,#87,2025-08-27,2025-08-27,1,,
120898,SIR PIZZA OF KY INC,3325 KEITHSHIRE WAY,40503,605,2024-02-02,2024-02-02,1,37.995942552221,-84.550361730637
120913,KYHP - MR. GYROS - ALLTECH ARENA STAND,,40511,ARENA STAND,2025-10-27,2025-10-27,1,,
120920,WILD LAB BAKERY,,40502,,2025-11-20,2025-11-20,1,,
120948,NOODLES AND COMPANY,2468 NICHOLASVILLE RD,40503,605,2024-02-13,2025-10-14,2,38.00199913509,-84.51975945499
120977,PALI MARKET,,40508,,2025-12-15,2025-12-15,1,,
120995,LEXINGTON LEGENDS KY ALE TAP ROOM,,40505,ALE TAP ROOM,2025-11-21,2025-11-21,1,,
121000,LEXINGTON LEGENDS 1ST BASE,,40505,BASE,2025-11-21,2025-11-21,1,,
121004,TSAOCHA,,40504,,2025-09-22,2025-09-22,1,,
121007,MAZUNTE BODEGA,,40508,,2025-12-19,2025-12-19,1,,
121008,LUCY'S KITCHEN,375 THOMPSON ROAD,40508,11,2024-06-18,2025-08-14,3,38.057315809651,-84.518218409066
121009,FUTILE BAKERY (FUTILE LLC),399 WALLER AVENUE,40504,LLC),2024-02-01,2025-10-23,2,38.031652580064,-84.521124622023
121010,TAQUERIA EL SOL,416 SHAWNEE AVENUE,40505,605,2024-02-07,2024-02-08,2,38.058331819129,-84.46863182946
121019,HANGKHIM BUBBLE TEA,157 E REYNOLDS RD STE C,40517,11,2024-05-13,2024-05-13,1,37.990476210843,-84.521224420874
121021,CHEF LI'S PRIVATE KITCHEN,,40508,,2025-12-05,2025-12-05,1,,
121026,"GENEVA-NICOLE COOKING, BAKING & CATERING",,40508,BAKING & CATERING,2025-10-20,2025-10-20,1,,
121031,SIDEBAR,,40507,,2025-09-10,2025-09-10,1,,
121038,LA CABANA,,40505,,2025-11-21,2025-11-21,1,,
121047,THE VOID SAKE COMPANY,819 NATIONAL AVENUE #120,40502,11,2024-05-01,2025-12-09,2,38.039413344824,-84.477221572104
121087,CHARLIE'S SEAFOOD,,40505,,2025-10-03,2025-10-03,1,,
121138,OSAKA,,40511,,2025-11-12,2025-11-12,1,,
121145,BEVERLY ANN'S COOKIE TRUCK,,41042,TRUCK,2025-10-11,2025-10-11,1,,
121155,BAPTIST CAFE NORTH,1720 NICHOLASVILLE RD,40503,32,2024-05-29,2025-12-11,2,38.019213123081,-84.51371657933
121157,BAPTIST CAFE CENTRAL,1720 NICHOLASVILLE RD,40503,32,2024-05-29,2025-12-11,3,38.019213123081,-84.51371657933
121200,TEMPUR CAFE,,40511,,2025-10-06,2025-10-06,1,,
121204,ROUGE COSMETIC TATTOO,,40503,,2025-12-11,2025-12-11,1,,
121208,SPRINGHILL SUITES LEXINGTON FRITZ,,40517,FRITZ,2025-10-14,2025-10-14,1,,
121226,"THE ACADEMY, LLC",,40502,,2025-08-18,2025-08-18,1,,
121228,EVERHOME SUITES LEXINGTON NORTH,,40511,NORTH,2025-08-26,2025-08-26,1,,
121229,BESPOKEN SPIRITS,,40508,,2025-12-05,2025-12-05,1,,
121239,CIBON,,40508,,2025-11-20,2025-11-20,1,,
121286,ETHIOPIAN FAMILY KITCHEN,,40508,,2025-12-30,2025-12-30,1,,
121350,KYHP - ME AND YOU EVENTS - COMMISSARY,,40511,- COMMISSARY,2025-10-28,2025-10-28,1,,
121353,KYHP - ME AND YOU EVENTS - ALLTECH ARENA,,40511,- ALLTECH ARENA,2025-10-27,2025-10-27,1,,
121406,LIMA DRIVE SEVENTH-DAY ADVENTIST MCALISTER'S DELI CHURCH,,40511,MCALISTER'S DELI CHURCH,2025-12-29,2025-12-29,1,,
121426,BAPTIST HEALTH CAFE HAMBURG,3000 BAPTIST HEALTH BLVD,40509,HAMBURG,2024-05-28,2025-12-04,7,,
121427,HAMPTON INN SOUTH KEENELAND-AIRPORT FOOD,,40513,FOOD,2025-09-25,2025-09-25,1,,
121453,TRU BY HILTON LEXINGTON HAMBURG,,40509,HAMBURG,2025-11-11,2025-11-11,1,,
121456,BLUE DOOR SMOKEHOUSE,,40502,,2025-11-19,2025-11-19,1,,
121459,CHIPOTLE MEXICAN GRILL,3900 FOUNTAIN BLUE LANE,40513,11,2024-05-16,2025-07-07,2,,
121473,KENTUCKY FOODS INC DBA CINNABON,,40503,CINNABON,2025-11-10,2025-11-10,1,,
121491,LEXINGTON TEA & BRIE,219 NORTH LIMESTONE,40507,11,2024-06-05,2025-12-04,2,38.048574697486,-84.493985478723
121536,SMOOTHIE KING,,40509,,2025-12-03,2025-12-03,1,,
121537,THE FAMILY BUSINESS TATTOO PARLOUR,,40503,TATTOO PARLOUR,2025-09-30,2025-09-30,1,,
121540,RANOUSH,2308 SIR BARTON WAY #130,40509,11,2024-05-13,2025-12-04,2,,
121621,BOARD & CO.,101 W. LOUDON AVENUE,40508,11,2024-06-28,2025-07-07,2,38.057365606284,-84.481536626574
121625,"GOD'S PANTRY FOOD BANK, INC",,40511,INC,2025-12-29,2025-12-29,1,,
121626,LAGNIAPPE BEER CHEESE,223 ROSEMONT GARDEN,40503,54,2024-05-06,2025-11-19,2,38.019505530168,-84.522136133925
121639,"FIRSTHAND CARE OF KENTUCKY, LLC",,40505,LLC,2025-11-17,2025-11-17,1,,
121664,NEWS AND GIFTS #0592,4000 TERMINAL DRIVE,40510,62,2024-05-16,2024-05-16,1,38.03904167707,-84.598385282452
121677,SHAKE N CRAVE EIFFEL PIZZA,,40508,EIFFEL PIZZA,2025-11-20,2025-11-20,1,,
121716,HIGH PROOF HIDEAWAY LLC,,40507,LLC,2025-07-24,2025-07-24,1,,
121748,GOOD FORTUNE TATTOO,,40508,,2025-12-15,2025-12-15,1,,
121815,AYAME JAPANESE MARKET,115 CODELL DRIVE STE 120,40509,62,2024-05-08,2024-05-10,2,38.012047932246,-84.451764745375
121817,ROWAN INC,,40517,,2025-09-15,2025-09-15,1,,
121859,SHAZI MART LLC,771 NEWTOWN PIKE,40511,54,2024-05-20,2025-10-20,6,38.068241095303,-84.498033866355
121860,MOODY MIKE'S,802 LIMESTONE,40505,11,2024-06-10,2025-12-19,2,,
121926,ANGIE B'S,559 OHIO STREET,40508,52,2024-05-03,2024-05-03,1,38.049552719235,-84.483077958268
121929,INFINITY: ROOFTOP RESTAURANT + BAR,150 W. MAIN ST,40507,+ BAR,2024-05-15,2025-12-23,3,38.046931009644,-84.497748846659
121952,HYATT PLACE LEXINGTON,2001 BRYANT ROAD,40509,11,2024-05-02,2025-11-07,3,38.018622771525,-84.411230207133
121960,CANTEEN @ LOWES #2345 BREAKROOM,,40509,BREAKROOM,2025-08-22,2025-08-22,1,,
121961,CANTEEN @ LOWES #0607 BREAKROOM,4055 NICHOLS PARK DRIVE,40503,BREAKROOM,2024-06-18,2025-07-22,3,37.979705191685,-84.532826133835
121962,AMAZON-DKY5-FRONT-MARKET C,1180 NEWTOWN PIKE,40511,62,2024-06-17,2024-06-17,1,38.081030204909,-84.49225192956
121963,AMAZON-DKY5-BACK-MARKET C,1180 NEWTOWN PIKE,40511,62,2024-06-17,2024-06-17,1,38.081030204909,-84.49225192956
121967,CHI-LEX PIZZERIA LLC DBA ROSATI'S CHURRERIA LA CONEJA 2 PIZZA,"148 MALABU DR, SUITE 160",40503,CHURRERIA LA CONEJA 2 PIZZA,2024-05-16,2025-12-02,3,38.002308533149,-84.517234085405
122012,TRIPLE B-BUBBLE TEA,101 W. LOUDON AVE 138/140,40508,11,2024-05-16,2024-05-16,1,38.057365606284,-84.481536626574
122034,JD'S KITCHEN AND CATERING,161 E. REYNOLDS ROAD,40517,11,2024-05-13,2025-07-22,2,37.990420125629,-84.521064090357
122036,SAV'S GOURMET ICE CREAM,819 NATIONAL AVENUE SUITE 130,40502,11,2024-05-09,2025-11-21,2,38.039413344824,-84.477221572104
122041,SHANE'S SHACK,2323 WOODHILL DRIVE,40509,52,2024-06-03,2024-06-03,1,38.017642086945,-84.455714866189
122076,BISCUIT DADDIES LLC,101 W LOUDON AVE STE 138,40508,11,2024-05-16,2024-05-16,1,38.057365606284,-84.481536626574
122082,BUMBLE BITES,3735 PALOMAR CENTRE DRIVE #230,40513,11,2024-06-06,2025-11-11,2,38.003459531439,-84.571166851002
122143,PINAS LOCAS,1465 VILLAGE DRIVE,40504,52,2024-05-16,2024-05-16,1,38.047516341692,-84.549100229936
122169,SKY ZONE,3644 BOSTON ROAD STE 130,40514,11,2024-05-28,2025-07-23,2,37.980650759999,-84.551039045942
122172,CLAYS MILL CARES DAYCARE & PRESCHOOL,,40503,& PRESCHOOL,2025-07-08,2025-07-08,1,,
122174,THE FAMILY BUSINESS TATTOO PARLOUR (PIERCING),,40503,TATTOO PARLOUR (PIERCING),2025-09-18,2025-09-18,1,,
122272,MARISCOS TIJUAS,110 CYNTHIA DRIVE,40356,52,2024-05-28,2024-05-28,1,37.956836229859,-84.536168282682
122284,IRIE FLAVORS LLC,428 SOUTHLAND DRIVE,40503,42,2024-05-31,2024-05-31,1,38.018889195276,-84.527412852303
122295,RADIANT SKIN AND BROWS,,40503,,2025-12-11,2025-12-11,1,,
122323,JACK'S SANDBAR,2536 LARKIN ROAD,40503,11,2024-06-14,2025-08-11,2,37.999683414232,-84.516832287996
122324,"CARSON'S FOOD & DRINK #2, LLC",3450 TODDS ROAD,40509,"#2, LLC",2024-06-14,2025-08-20,2,38.00293916993,-84.414561899389
122365,EL MEZQUITAL,107 TRAFTON SUITE 2140,40504,52,2024-06-05,2024-06-05,1,38.051788759531,-84.525797331777
122396,ICE & FRUITS,,40504,,2025-08-18,2025-08-18,1,,
122413,TAQUERIA LA CHIQUIS #2,703 ISAAC SHELBY CIRCLE W.,40601,52,2024-06-10,2024-06-10,1,38.189574628469,-84.810696741784
122429,HOLLIS BAR-B-QUE,428 SOUTHLAND DR,40503,42,2024-06-24,2024-06-24,1,38.018889195276,-84.527412852303
122459,EL JAIBO 2 (NOT OPEN),63 IMPERIAL AVE,40511,52,2024-06-20,2024-06-20,1,38.072300572388,-84.499358799526
122482,LANSDOWNE GROVE APARTMENTS-OUTDOOR COURTYARD LEXINGTON NORTH- INDOOR,,40517,COURTYARD LEXINGTON NORTH- INDOOR,2025-08-21,2025-08-21,1,,
122497,DOUGLASS PARK CONCESSIONS,726 GEORGETOWN STREET,40511,11,2024-06-21,2025-07-02,2,38.067989638717,-84.503654260243
122527,EL MILAGRO,1073 CAMELLIA DRIVE,40504,52,2024-06-18,2024-06-18,1,38.030525991071,-84.550993524961
122543,MAX FUEL,,40503,,2025-07-18,2025-07-18,1,,
122584,NOIR NAILS COFFEE & BAR,,40509,BAR,2025-08-11,2025-08-11,1,,
122646,2 FISTED WILLIE'S,,40508,,2025-10-21,2025-10-21,1,,
122696,PLAYA BOWLS,,40513,,2025-10-21,2025-10-21,1,,
122699,FOOD TRUCK LA JAROCHITA,,40511,,2025-10-30,2025-10-30,1,,
122730,PAPA JOHN'S #32,,40505,,2025-09-11,2025-09-11,1,,
122731,PANERA BREAD #6373,,40509,,2025-08-19,2025-08-19,1,,
122871,DHL SUPPLY CHAIN SMUCKERS WH-MARKET C,,40511,WH-MARKET C,2025-10-20,2025-10-20,1,,
122872,MBM AFRICAN MARKET,,40503,,2025-09-03,2025-09-03,1,,
122883,MINT MARKET LLC,,40504,,2025-11-11,2025-11-11,1,,
122884,WATAN MEDITERRANEAN GRILL,,40503,GRILL,2025-08-19,2025-08-19,1,,
122928,SHEPHERDS HOUSE,,40505,,2025-11-20,2025-11-20,1,,
122929,ATHENIAN GRILL,,40503,,2025-08-14,2025-08-14,1,,
122950,THE GREENERY,,40507,,2025-09-18,2025-09-18,1,,
122957,TENEBROUS TATTOO,,40503,,2025-12-09,2025-12-09,1,,
122966,HELADO OAXACA,,40517,,2025-09-12,2025-09-12,1,,
122983,VIVA MEXICO KOUTCHEN LLC,,40507,KOUTCHEN LLC,2025-11-17,2025-11-17,1,,
123044,HIBACHI GRILL BUFFET 99 INC,,40505,99 INC,2025-10-02,2025-10-02,1,,
123047,TOLLY HO,,40508,,2025-09-09,2025-09-09,1,,
123056,UKY DEPT DIETETICS & HUMAN NUTRITION,,40506,HUMAN NUTRITION,2025-09-22,2025-09-22,1,,
123060,LCH TRAILER,,40511,,2025-08-16,2025-08-16,1,,
123069,BLENZ BOWLS,,40508,,2025-09-17,2025-09-17,1,,
123072,LEXINGTON GRIFFIN GATE MARRIOT GOLF KITCHEN,,40511,MARRIOT GOLF KITCHEN,2025-09-26,2025-09-26,1,,
123073,LEXINGTON GRIFFIN GATE MARRIOT RESORT,,40511,MARRIOT RESORT,2025-10-02,2025-10-02,1,,
123075,"PERMANENT MAKEUP ROOM, LLC",,40503,LLC,2025-11-11,2025-11-11,1,,
123089,MAPLE GROVE MOBILE HOME PARK,,40511,PARK,2025-10-14,2025-10-14,1,,
123101,DOVA'S KITCHEN,,40503,,2025-10-29,2025-10-29,1,,
123127,SASSY BLEU,,40507,,2025-07-16,2025-07-16,1,,
123144,LA CARRETA,,40504,,2025-11-05,2025-11-05,1,,
123166,SONIC #83209 VALLITA'S SWEET AND SALTY,,40504,VALLITA'S SWEET AND SALTY,2025-07-07,2025-07-07,1,,
123179,MILETA,,40503,,2025-11-19,2025-11-19,1,,
123197,MEMORIAL COLISEUM WEST GRAB AND GO,,40508,GRAB AND GO,2025-11-03,2025-11-03,1,,
123198,MEMORIAL COLISEUM EAST GRAB AND GO,,40508,GRAB AND GO,2025-11-03,2025-11-03,1,,
123265,SELMA'S CATERING AND EVENTS,,40505,EVENTS,2025-09-08,2025-09-08,1,,
123271,BAYOU BLUEGRASS CATERING,,40508,,2025-11-19,2025-11-19,1,,
123272,INK ADDICTION TATTOOS,,40509,,2025-12-29,2025-12-29,1,,
123273,INK ADDICTION TATTOOS (PIERICING),,40509,(PIERICING),2025-12-10,2025-12-10,1,,
123274,THE HILL,,40508,,2025-10-08,2025-10-08,1,,
123275,FEEL GOOD NUTRITION,,40509,,2025-10-15,2025-10-15,1,,
123294,THE HONEY BAKED HAM COMPANY,,40509,COMPANY,2025-11-11,2025-11-11,1,,
123341,BREWER DUDE,,40502,,2025-11-06,2025-11-06,1,,
123363,FUNKY ROOSTER COFFEE,,40508,,2025-10-09,2025-10-09,1,,
123377,BK'S COOKIES & MORE,,40503,,2025-11-17,2025-11-17,1,,
123382,DINGBATS,,40508,,2025-10-02,2025-10-02,1,,
123394,PARLOUR,,40504,,2025-08-14,2025-08-14,1,,
123415,OSAKA KANGEI INC,,40509,,2025-11-07,2025-11-07,1,,
123431,STARBUCKS COFEE #71235,,40511,,2025-10-15,2025-10-15,1,,
123480,LEXINGTON LATIN UPPER SCHOOL,,40514,SCHOOL,2025-09-23,2025-09-23,1,,
123508,THE GALLINERO GRILL CHICKEN,,40504,CHICKEN,2025-09-25,2025-09-25,1,,
123521,JAMES PEPPER DISTILLERY CO. LLC,,40504,CO. LLC,2025-12-01,2025-12-01,1,,
123534,"THAI HOUSE LEXINGTON, LLC",,40505,LLC,2025-11-10,2025-11-10,1,,
123549,BELLE'S COCKTAIL BAR DBA BELLE'S 152-156 MARKET STREET COCKTAIL,,40507,152-156 MARKET STREET COCKTAIL,2025-10-30,2025-10-30,1,,
123555,JJ BURGERS AND FRIES,,40509,,2025-11-25,2025-11-25,1,,
123570,POPPYS FLOWER BAR,,40502,,2025-11-13,2025-11-13,1,,
123592,SUNSHINE NUTRITION,,40511,,2025-10-15,2025-10-15,1,,
123606,BLACK SOIL KY,,40504,,2025-12-09,2025-12-09,1,,
123610,JESSE'S SLOOO GOOD CATERING INC.,,40505,INC.,2025-11-14,2025-11-14,1,,
123641,WORLD OF GOURMET,,40508,,2025-11-24,2025-11-24,1,,
123660,POPEYES,,40503,,2025-11-21,2025-11-21,1,,
123705,DAIRY QUEEN JASMINE RICE THAI & VIETNAM,,40517,JASMINE RICE THAI & VIETNAM,2025-11-19,2025-11-19,1,,
123731,PARTEE'S KITCHEN,,40508,,2025-12-09,2025-12-09,1,,
123769,CASEY'S #4662,,40509,,2025-11-20,2025-11-20,1,,
123770,CASEY'S #4664,,40511,,2025-12-09,2025-12-09,1,,
123771,CASEY'S #4665,,40511,,2025-11-26,2025-11-26,1,,
123773,CHICK FIL A FAYETTE MALL,,40503,MALL,2025-10-06,2025-10-06,1,,
123811,NAILS'N LASHES,,40509,,2025-11-26,2025-11-26,1,,
123812,LEXINGTON MEDICAL TATTOOING AND SCAR,,40509,AND SCAR,2025-10-29,2025-10-29,1,,
123845,THE CLERESTORY,,40508,,2025-12-11,2025-12-11,1,,
123850,NAZ'S HALAL FOOD,,40508,,2025-10-30,2025-10-30,1,,
123863,BRIGHT FUTURES ACADEMY OF LEXINGTON,,40505,OF LEXINGTON,2025-12-01,2025-12-01,1,,
123864,STINGING NETTLE TATTOO,,40508,,2025-11-20,2025-11-20,1,,
123903,SO PRETTY IT HURTS,,40503,,2025-12-15,2025-12-15,1,,
123944,TIJUANA FLATS #5550,,40505,,2025-12-05,2025-12-05,1,,
123960,RESTAURANTE LA BENDISIO PUPUSERIA RICHMOND PLACE SENIOR LIVING,,40509,RICHMOND PLACE SENIOR LIVING,2025-11-17,2025-11-17,1,,
123973,CHIPOTLE MEXICAN GRILL,,40509,,2025-12-04,2025-12-04,1,,
123976,TROPICAL SMOOTHIE CAFE,,40503,,2025-07-08,2025-07-08,1,,
123990,BOURBON N' TOULOUSE,,40511,,2025-09-05,2025-09-05,1,,
124014,DOWNTOWN MART LLC DBA RUBY'S SUPERMARKET,,40507,RUBY'S SUPERMARKET,2025-12-09,2025-12-09,1,,
124020,3TEN LLC,,40507,,2025-07-10,2025-07-10,1,,
124025,"RICHMOND ROAD ROD, LLC - DUNKIN DONUTS",,40509,- DUNKIN DONUTS,2025-07-15,2025-07-15,1,,
124028,"BOURBON BARREL BARBECUE, LLC DBA ""LX",,40502,"LLC DBA ""LX",2025-09-17,2025-09-17,1,,
124029,STELLA'S KIDS DAYCARE,,40508,,2025-12-05,2025-12-05,1,,
124079,EL SABOR OAXAQUENO #2,,40503,,2025-12-01,2025-12-01,1,,
124080,ROSE GOLD BEAUTY LLC,,40503,,2025-11-13,2025-11-13,1,,
124101,TOTS LANDING BEAVER PLACE,,40503,PLACE,2025-08-06,2025-08-06,1,,
124135,ATHENS LUNCHROOM,,40515,,2025-11-18,2025-11-18,1,,
124150,ZENSHI HANDCRAFTED SUSHI @ KROGER 759-777 NEWTOWN SPRINGS #797,,40511,759-777 NEWTOWN SPRINGS #797,2025-09-16,2025-09-16,1,,
124173,OMAKASE SUSHI & GRILL,,40513,,2025-08-13,2025-08-13,1,,
124183,TIMMYS CLAYS MILL - TIMMY TWO TIMES,,40503,TIMMY TWO TIMES,2025-08-14,2025-08-14,1,,
124203,CROWN AFRICAN CUISINE LLC,,40503,LLC,2025-07-22,2025-07-22,1,,
124205,CAMEL CLUB,,40508,,2025-10-28,2025-10-28,1,,
124234,"PUBLIX SUPER MARKETS, INC #1887",,40513,INC #1887,2025-11-24,2025-11-24,1,,
124236,"PUBLIX SUPER MARKETS, INC #2051",,40511,INC #2051,2025-09-10,2025-09-10,1,,
124237,PUBLIX LIQUOR STORE #3651,,40511,#3651,2025-09-17,2025-09-17,1,,
124238,JEFF'S DONUTS,,40504,,2025-08-26,2025-08-26,1,,
124248,TOT'S LANDING LEARNING CENTERS,,40504,CENTERS,2025-08-22,2025-08-22,1,,
124249,TOT'S LANDING LEARNING CENTERS,,40509,CENTERS,2025-07-15,2025-07-15,1,,
124269,LEX PANTRY LLC,,40507,,2025-09-26,2025-09-26,1,,
124273,"MYRIAD BY MTB, LLC",,40502,,2025-08-21,2025-08-21,1,,
124294,BETTER BLEND LEXINGTON,,40503,,2025-09-10,2025-09-10,1,,
124295,BIG KAHUNA HAWAIIAN BBQ,,40503,BBQ,2025-09-09,2025-09-09,1,,
124307,BLACK - TYPE BREWING,,40504,,2025-10-15,2025-10-15,1,,
124315,SAI SUPER BAZAR GOGA JAHAR VEER - RESIDENCE,,40509,GOGA JAHAR VEER - RESIDENCE,2025-09-11,2025-09-11,1,,
124347,GOGA JAHAR VEER - RESIDENCE INN LEXINGTON,,40511,INN LEXINGTON,2025-10-30,2025-10-30,1,,
124349,MINTON'S,,40502,,2025-10-09,2025-10-09,1,,
124350,GOGA JAHAR VEER - RESIDENCE INN LEXINGTON,,40511,INN LEXINGTON,2025-08-05,2025-08-05,1,,
124354,"JOE BOLOGNAS RESTAURANT, L.L.C. SERENOS EL CUARTEL DE VILLA",,40508,SERENOS EL CUARTEL DE VILLA,2025-12-03,2025-12-03,1,,
124360,COFFEE TIMES INC,,40503,,2025-09-12,2025-09-12,1,,
124377,NORTHEAST FOOD PANTRY,,40509,,2025-09-09,2025-09-09,1,,
124382,BIG BLUE DELI,,40507,,2025-09-08,2025-09-08,1,,
124390,CLUB HALO,,40507,,2025-10-14,2025-10-14,1,,
124410,AJ'S WINGS & THINGS,,40504,,2025-09-25,2025-09-25,1,,
124412,LEXINGTON HEARING & SPEECH CENTER,,40502,SPEECH CENTER,2025-10-07,2025-10-07,1,,
124456,BLEED BLUE INK (PIERCING),,40507,,2025-09-24,2025-09-24,1,,
124464,CRUST LLC,,40513,,2025-10-09,2025-10-09,1,,
124488,MEDINA BUTCHER AND SPICE SHOP,,40517,SHOP,2025-09-23,2025-09-23,1,,
124489,THE WILLOW - A BLOOMING COLLECTIVE (THE,,40502,COLLECTIVE (THE,2025-09-15,2025-09-15,1,,
124518,PENNY'S AT POMEGRANATE,,40502,,2025-12-19,2025-12-19,1,,
124519,HELLO FALAFEL 1,,40517,,2025-09-24,2025-09-24,1,,
124527,AFC ZENSHI @ PUBLIX #2051,,40511,#2051,2025-09-10,2025-09-10,1,,
124536,PURPLE YUM BAKERY,,40509,,2025-09-18,2025-09-18,1,,
124537,CWK KY LEXINGTON RICHMOND LLC DBA WINGSTOP,,40509,LLC DBA WINGSTOP,2025-10-29,2025-10-29,1,,
124560,FRUTAMIXLEX,,40505,,2025-10-09,2025-10-09,1,,
124564,SAINT'S INKK LLC,,40509,,2025-11-25,2025-11-25,1,,
124570,LEXINGTON CURRY HOUSE,,40503,,2025-09-26,2025-09-26,1,,
124599,WIKI - LICIOUS LEXINGTON,,40502,,2025-10-21,2025-10-21,1,,
124600,THE LEARNING ADVENTURE CHILD DEVELOPMENT,,40511,CHILD DEVELOPMENT,2025-10-03,2025-10-03,1,,
124673,SO TASTY,,40505,,2025-10-22,2025-10-22,1,,
124683,CATHEDRAL COLLECTIVE,,40513,,2025-09-12,2025-09-12,1,,
124687,POLLO AZUL,,40508,,2025-11-07,2025-11-07,1,,
124688,KETCH,,40503,,2025-11-21,2025-11-21,1,,
124698,WING ZONE,,40509,,2025-10-27,2025-10-27,1,,
124716,REVERIE STUDIO,,40511,,2025-11-18,2025-11-18,1,,
124746,LATITUDE LEXINGTON - 524/525 ANGLIANA,,40508,524/525 ANGLIANA,2025-08-27,2025-08-27,1,,
124748,LATITUDE LEXINGTON WADE 524/525 ANGLIANA,,40508,524/525 ANGLIANA,2025-08-27,2025-08-27,1,,
124749,TAPSTER : KY SELF POUR LLC,,40507,LLC,2025-10-31,2025-10-31,1,,
124750,TACO CHILANGO,,40502,,2025-12-30,2025-12-30,1,,
124804,HELL HOUND HOT DOGS,,40508,,2025-10-10,2025-10-10,1,,
124840,"LEXINGTON RESCUE MISSION, INC",,40508,INC,2025-12-02,2025-12-02,1,,
124841,OASIS MEDITERRANEN RESTAURANT,,40502,,2025-10-20,2025-10-20,1,,
124845,NANI'S KITCHEN,,40508,,2025-10-20,2025-10-20,1,,
124886,POPCORN PARADISE,,40502,,2025-11-06,2025-11-06,1,,
124904,SEASONS CATERING,,40502,,2025-11-07,2025-11-07,1,,
124997,HARTLAND PARK HEALTH AND REHABILITATION,,40515,AND REHABILITATION,2025-11-21,2025-11-21,1,,
125003,B.G. CONCESSIONS @ LEGENDS BALL AGUAS FRESCAS PARK,,40515,AGUAS FRESCAS PARK,2025-11-21,2025-11-21,1,,
125005,CWK KY TATES CREEK LLC DBA WINGSTOP,,40511,DBA WINGSTOP,2025-12-09,2025-12-09,1,,
125012,WE ALL BOSSES KITCHEN,,40511,,2025-10-23,2025-10-23,1,,
125014,OLD SCHOOL COFFEE RISE UP! PIZZA TRUCK,,40502,RISE UP! PIZZA TRUCK,2025-11-17,2025-11-17,1,,
125063,RD1 DISTILLERY AND TASTING ROOM,,40508,ROOM,2025-11-05,2025-11-05,1,,
125064,JASMINE RICE THAI RESTAURANT INC,,40511,INC,2025-10-10,2025-10-10,1,,
125066,AFC SUSHI @ PUBLIX #1887,,40513,,2025-11-24,2025-11-24,1,,
125074,TEPPAN JAPANESE KITCHEN,,40504,,2025-11-14,2025-11-14,1,,
125084,THE MELROY,,40507,,2025-10-30,2025-10-30,1,,
125107,SALOONIVERSITY OF LEXINGTON LLC,,40508,LLC,2025-12-18,2025-12-18,1,,
125127,BLACK LABEL TATTOO STUDIO,,40509,,2025-11-20,2025-11-20,1,,
125144,RISE UP! PIZZA TRUCK COMMISSARY,,40505,COMMISSARY,2025-11-19,2025-11-19,1,,
125182,BRIAR HILL MARKET @ AVON,,40516,AVON,2025-08-11,2025-08-11,1,,
125198,SHAILY LLC,,40509,,2025-12-03,2025-12-03,1,,
125200,KWENCH JUICE CAFE,,40517,,2025-12-08,2025-12-08,1,,
125212,"DARK ARTS WHISKEY HOUSE, LLC",,40508,LLC,2025-12-03,2025-12-03,1,,
125223,SA ROSEBUD,,40508,,2025-11-05,2025-11-05,1,,
125225,WILDCAT MARKET,,40505,,2025-07-25,2025-07-25,1,,
125228,PRIME ALEXANDRA LLC,,40504,,2025-08-11,2025-08-11,1,,
125235,THE HILL CULINARY ARTS PROGRAM,,40508,PROGRAM,2025-07-15,2025-07-15,1,,
125272,CWK KY WOODLAND LLC WINGSTOP,,40508,WINGSTOP,2025-11-19,2025-11-19,1,,
125286,BLUEGRASS THYME & TABLE,,40504,,2025-07-08,2025-07-08,1,,
125287,FRESHIE'S POOLSIDE - RESTRICTED,,40515,RESTRICTED,2025-07-21,2025-07-21,1,,
125393,UMAMI RAMEN AND GRILL,,40502,,2025-11-24,2025-11-24,1,,
125396,GORDITAS LUPITA,,40509,,2025-10-24,2025-10-24,1,,
125438,SOULFUL CREATIONS,,40508,,2025-12-01,2025-12-01,1,,
125446,BISCUIT DADDY'S,,40504,,2025-12-17,2025-12-17,1,,
125454,PETE'S CHILL ZONE,,40509,,2025-07-02,2025-07-02,1,,
125517,COOPER HAUS LLC - INSIDE CANNABUZZ,,40508,CANNABUZZ,2025-12-17,2025-12-17,1,,
125526,HONEY J'S SOUTHERN EATERY II,,40515,II,2025-11-24,2025-11-24,1,,
125527,WOODHILL NUTRITION LLC BLUEGRASS CARIBBEAN CHEFS LLC,,40509,BLUEGRASS CARIBBEAN CHEFS LLC,2025-11-24,2025-11-24,1,,
125537,BELA INK TATTOOS,,40509,,2025-12-23,2025-12-23,1,,
125549,FRESHIE'S POOLSIDE - RETAIL,,40515,RETAIL,2025-07-21,2025-07-21,1,,
125566,CHAR,,40502,,2025-12-10,2025-12-10,1,,
125577,PATCHEN OAKS APARTMENTS,,40517,,2025-07-22,2025-07-22,1,,
125578,ONE HOLLAND FW -TOWNLEY- FIRST WATCH,,40511,FIRST WATCH,2025-12-11,2025-12-11,1,,
125582,KROGER - L797,,40511,,2025-09-16,2025-09-16,1,,
125663,JAGGER'S,,40503,,2025-07-11,2025-07-11,1,,
125664,KUNG FU NOODLE UK,,40508,,2025-08-07,2025-08-07,1,,
125681,BB LEXINGTON LLC DBA BETTER BLEND LEXINGTON,,40503,BETTER BLEND LEXINGTON,2025-08-26,2025-08-26,1,,
125683,JAVA JUKEBOX BREAKFAST AND COFFEE SCHIFFMAN'S JEWELERS,,40504,SCHIFFMAN'S JEWELERS,2025-12-10,2025-12-10,1,,
125706,ANDINA LLC DBA PONCHO,,40503,,2025-07-07,2025-07-07,1,,
125738,BIG BLUE KITCHEN,,40507,,2025-07-10,2025-07-10,1,,
125740,COUNTRY BOY BREWING,,40502,,2025-07-14,2025-07-14,1,,
125766,COCA COLA CONSOLIDATED-LEXTINGTON MARKET,,40511,MARKET,2025-07-08,2025-07-08,1,,
125767,TAT2 GURU LLC,,40513,,2025-07-08,2025-07-08,1,,
125768,PAPA JOHNS #88,,40503,,2025-11-26,2025-11-26,1,,
125805,SABORES Y DELICIAS DE HONDURAS #1,,40324,HONDURAS #1,2025-07-02,2025-07-02,1,,
125828,KINDRED LEMONADE,,40511,,2025-07-07,2025-07-07,1,,
125841,IRIE FLAVORS,,40508,,2025-10-03,2025-10-03,1,,
125842,DAY'S INN LEXINGTON,,40505,,2025-08-26,2025-08-26,1,,
125843,DAY'S INN LEXINGTON HOME2 SUITES BY HILTON LEXINGTON,,40505,HOME2 SUITES BY HILTON LEXINGTON,2025-08-26,2025-08-26,1,,
125930,FLOATING LOTUS KITCHEN,,40513,,2025-07-22,2025-07-22,1,,
125931,SUBCITY MARKET; BLUE BLOOD LIQUOR 500-502 E SEVENTH STREET,,40505,500-502 E SEVENTH STREET,2025-07-21,2025-07-21,1,,
125938,HOME2 SUITES BY HILTON LEXINGTON UNIVERSITY,,40503,LEXINGTON UNIVERSITY,2025-10-23,2025-10-23,1,,
125939,HOME2 SUITES BY HILTON LEXINGTON UNIVERSITY,,40503,LEXINGTON UNIVERSITY,2025-07-17,2025-07-17,1,,
125943,SON OF A BURGER JESSE'S SLOOO GOOD BBQ,,40508,JESSE'S SLOOO GOOD BBQ,2025-10-17,2025-10-17,1,,
125957,HARTLAND GRILL DBA J.B.STEELE'S,,40515,,2025-07-21,2025-07-21,1,,
126034,SOUTHERN COOKHOUSE AND BAR,,40509,BAR,2025-09-03,2025-09-03,1,,
126058,PANCHITOS ICE CREAM,,40511,,2025-07-25,2025-07-25,1,,
126074,THE V,,40507,,2025-08-27,2025-08-27,1,,
126091,WISE HANDS,,40505,,2025-09-12,2025-09-12,1,,
126118,RIVER STONE HOSPITALITY GROUP,,40508,GROUP,2025-09-04,2025-09-04,1,,
126125,LA FONDITA,,40502,,2025-09-05,2025-09-05,1,,
126127,THE FOOD MAKER,,40503,,2025-09-09,2025-09-09,1,,
126129,PLAYA BOWLS FRENCH QUARTER,,40509,,2025-10-28,2025-10-28,1,,
126131,LA GOURMET,,40504,,2025-09-03,2025-09-03,1,,
126133,BAD ASS COFFEE OF HAWAII,,40513,,2025-09-05,2025-09-05,1,,
126136,TACOS DONA JUANITA,,40505,,2025-10-23,2025-10-23,1,,
126138,"SABOR LATINO OF KY, LLC",,40511,LLC,2025-08-28,2025-08-28,1,,
126149,ESTEPPS SHELL LITTLE CAESARS,,40509,CAESARS,2025-10-07,2025-10-07,1,,
126151,QUE TACO FLORA AND BLOOM NUTRITION LLC,,40515,FLORA AND BLOOM NUTRITION LLC,2025-08-22,2025-08-22,1,,
126158,CHICKEN SALAD CHICK,,40509,,2025-10-16,2025-10-16,1,,
126173,MILLS COMPANIES 1. LLC DBA STARBUCKS,,40507,DBA STARBUCKS,2025-11-11,2025-11-11,1,,
126178,BERTS SPEAKCHEEZY,,40509,,2025-10-17,2025-10-17,1,,
126186,PDQ SAM'S DELI,,40505,,2025-09-08,2025-09-08,1,,
126198,CITY BARBEQUE,,40511,,2025-08-27,2025-08-27,1,,
126204,ESTRADA CUISINE,,40503,,2025-08-15,2025-08-15,1,,
126206,SOUND BITES FOOD SERVICE,,40507,,2025-08-15,2025-08-15,1,,
126230,"MAJOR DUKES SERVICES, INC",,40509,INC,2025-07-31,2025-07-31,1,,
126246,DOUGLAS AQUATIC CENTER MAIN,,40508,MAIN,2025-08-12,2025-08-12,1,,
126247,DOUGLAS AQUATIC CENTER SLIDE,,40508,SLIDE,2025-08-12,2025-08-12,1,,
126249,DOUGLAS AQUATIC CONCESSION,,40508,,2025-08-12,2025-08-12,1,,
126251,MOMMA LINDAS CHICKEN,,40517,,2025-08-22,2025-08-22,1,,
126253,NEW CHINA HUT LLC,,40504,,2025-08-18,2025-08-18,1,,
126269,WILD EGGS,,40515,,2025-08-18,2025-08-18,1,,
126272,28 LOUNGE,,40508,,2025-08-26,2025-08-26,1,,
126274,DLS EVENTS LLC-COMMISSARY KITCHEN,,40508,KITCHEN,2025-08-11,2025-08-11,1,,
126275,CHIPOLTE MEXICAN GRILL 5091,,40511,5091,2025-09-22,2025-09-22,1,,
126276,K-LAIR,,40506,,2025-08-15,2025-08-15,1,,
126283,SNOWFRUIT LV 797 OMG DONUTS 1 LLC,,40511,OMG DONUTS 1 LLC,2025-09-16,2025-09-16,1,,
126285,MARY E. BRITTON MIDDLE SCHOOL,,40509,SCHOOL,2025-08-11,2025-08-11,1,,
126292,TOWN BRANCH PARK DBA GATTON GENESIS HEALTH CLUBS PARK,,40508,GENESIS HEALTH CLUBS PARK,2025-07-31,2025-07-31,1,,
126305,PADDOCK BUILDING-THE OLD LIBRARY BAR,,40510,OLD LIBRARY BAR,2025-10-07,2025-10-07,1,,
126350,STARBUCK'S COFFEE SHOP,,40509,,2025-09-08,2025-09-08,1,,
126351,GRIFFITHS MARKET,,40508,,2025-09-03,2025-09-03,1,,
126362,SABOR HISPANIA LEXINGTON LLC,,40511,LLC,2025-11-12,2025-11-12,1,,
126371,BLESSED DOGS CART AND CATERING,,40475,CATERING,2025-07-29,2025-07-29,1,,
126387,BIG ONA'S HOTDOGS,,40509,,2025-08-20,2025-08-20,1,,
126392,FIT FUEL LEX,,40503,,2025-09-17,2025-09-17,1,,
126400,DSL EVENTS LLC BOX CAR CONCESSIONS,,40508,CONCESSIONS,2025-09-12,2025-09-12,1,,
126488,RICO ARTORIA,,40504,,2025-09-16,2025-09-16,1,,
126562,GIOVANNIS-NAAMA LLC HELLO FALFEL,,40502,HELLO FALFEL,2025-09-18,2025-09-18,1,,
126563,LEX INTERNATIONAL SUPERMARKET LLC,,40509,LLC,2025-10-10,2025-10-10,1,,
126648,LITTLE CAESARS,,40503,,2025-09-30,2025-09-30,1,,
126708,VERITAS CLASSICAL ACADEMY-EASTLAND CAMPUS,,40509,CAMPUS,2025-11-06,2025-11-06,1,,
126709,VERITAS CLASSICAL ACADEMY-NORTHEAST CAMPUS,,40509,CAMPUS,2025-11-06,2025-11-06,1,,
126719,TIN LIZZIE LEXINGTON LLC DBA FORD GARAGE,,40503,LLC DBA FORD GARAGE,2025-10-15,2025-10-15,1,,
126726,WILD GLIZZY-A HOT DOG STAND,,40505,STAND,2025-09-26,2025-09-26,1,,
126765,UKRAINIAN PENTECOSTAL CHURCH,,40503,CHURCH,2025-10-09,2025-10-09,1,,
126769,MI PEQUENA HOCIENDA #2 FOOD TRUCK,,40517,#2 FOOD TRUCK,2025-10-06,2025-10-06,1,,
126778,PANDA EXPRESS #3941,,40511,,2025-11-14,2025-11-14,1,,
126786,GYROZ EATERY,,40504,,2025-10-08,2025-10-08,1,,
126787,LUCAS LARA,,40504,,2025-10-07,2025-10-07,1,,
126789,A6 FLAME KISSED RESTRICTED FOOD CONCESSION,,40356,RESTRICTED FOOD CONCESSION,2025-10-07,2025-10-07,1,,
126794,KROGER FIELD CONCESSION #104,,40506,#104,2025-10-11,2025-10-11,1,,
126795,KROGER FIELD CONCESSION #138,,40506,#138,2025-10-11,2025-10-11,1,,
126819,NOTHING BUNDT CAKES-HAMBURG,,40509,,2025-12-11,2025-12-11,1,,
126822,PAPIS CITATION LLC,,40511,,2025-12-18,2025-12-18,1,,
126826,MARCOS PIZZA,,40508,,2025-10-23,2025-10-23,1,,
126836,CAROLS SOULFUL CATERING,,40505,,2025-10-16,2025-10-16,1,,
126846,BUBBLE HOUSE NUTRITION,,40503,,2025-11-11,2025-11-11,1,,
126860,RIVER STONE HOSPITALITY GROUP,,40505,GROUP,2025-10-16,2025-10-16,1,,
126861,CENTREPOINT GRILL,,40517,,2025-10-20,2025-10-20,1,,
126869,THE HILL,,40508,,2025-11-03,2025-11-03,1,,
126872,CAFE PATACHOU AT FRITZ FARM,,40517,FARM,2025-11-11,2025-11-11,1,,
126873,NEW CREATION CHILD CARE KIDS,,40505,KIDS,2025-10-30,2025-10-30,1,,
126877,CHARLIE G'S BBQ AND GRILL,,40509,GRILL,2025-12-18,2025-12-18,1,,
126881,EL NOPALITO LLC,,40508,,2025-11-05,2025-11-05,1,,
126907,MILLSTONE,,40508,,2025-12-11,2025-12-11,1,,
126909,THE FRESH MARKET,,40509,,2025-11-21,2025-11-21,1,,
126952,THE TATTOO LOUNGE,,40504,,2025-10-28,2025-10-28,1,,
126976,HOT DIGGITY DOGS MOBILE CART,,40509,MOBILE CART,2025-10-07,2025-10-07,1,,
126980,LOCKBOX,,40507,,2025-11-18,2025-11-18,1,,
126990,BURGER JOINT HULAL MUNCHIES,,40503,HULAL MUNCHIES,2025-11-03,2025-11-03,1,,
127010,THE BARKING DRAGON CO DBA GRAZE CRAZE,,40509,DBA GRAZE CRAZE,2025-11-05,2025-11-05,1,,
127014,DUTCH BROTHERS LLC DREAM CARE LEARNING CENTER 2,,40503,DREAM CARE LEARNING CENTER 2,2025-11-13,2025-11-13,1,,
127040,BELLA CAFE AND GRILL 3,,40509,3,2025-11-13,2025-11-13,1,,
127062,CASEYS,,40511,,2025-11-11,2025-11-11,1,,
127064,CASEYS,,40511,,2025-11-18,2025-11-18,1,,
127065,CASEYS,,40503,,2025-11-25,2025-11-25,1,,
127066,PATHWAYS LEARNING ACADEMY,,40509,,2025-11-24,2025-11-24,1,,
127079,RESTAURANT AGUASCALIETES,,40504,,2025-11-12,2025-11-12,1,,
127099,SUSHI WITTH GUSTO@ THE FRESH MARKET,,40509,FRESH MARKET,2025-12-08,2025-12-08,1,,
127102,PATCHEN PUB,,40517,,2025-11-21,2025-11-21,1,,
127105,EXTENDED STAY AMERICA-TATES CREEK,,40517,CREEK,2025-12-09,2025-12-09,1,,
127132,TAQUERIA NARA,,40504,,2025-11-14,2025-11-14,1,,
127133,VELVET LEAF TEA CO,,40444,,2025-11-14,2025-11-14,1,,
127137,LA MORENITA MEXICANA STORE LLC,,40505,STORE LLC,2025-12-03,2025-12-03,1,,
127168,GENSIS HEALTH CLUBS,,40513,,2025-12-23,2025-12-23,1,,
127173,TACOS MADRES,,40475,,2025-11-21,2025-11-21,1,,
127184,HANGKHIM LLC,,40517,,2025-12-08,2025-12-08,1,,
127191,MORNING GLOW COFFEE LLC,,40505,LLC,2025-11-25,2025-11-25,1,,
127193,TACOS BY EL PELON,,40509,,2025-11-25,2025-11-25,1,,
127208,LUNAR STUDIOS TATTOO,,40509,,2025-12-08,2025-12-08,1,,
127218,WINGSTOP,,40511,,2025-12-05,2025-12-05,1,,
127226,BRASA'S ANTIGUA GUATEMALA,,40505,,2025-12-11,2025-12-11,1,,
127239,NORMAN LANE ROD,,40503,,2025-12-15,2025-12-15,1,,
127247,MUNCHIEZZZ (MARKET KITCHEN0 LEXINGTON ONE LLC,,40508,LEXINGTON ONE LLC,2025-12-15,2025-12-15,1,,
127249,BISHOP'S SMASH BURGERS,,40508,,2025-12-05,2025-12-05,1,,
127254,WATER TOWER OUTDOOR CAFE,,40508,CAFE,2025-12-08,2025-12-08,1,,
127256,LAFAYETTE WRESTLING BOOSTER CLUB CONCESSIONS,,40503,BOOSTER CLUB CONCESSIONS,2025-12-16,2025-12-16,1,,
127304,TACO BUS EL QUERETANO,,40511,,2025-12-09,2025-12-09,1,,
127321,ZILLAH SMITH TATTOES,,40505,,2025-12-08,2025-12-08,1,,
127363,PALI MARKET,,40508,,2025-12-30,2025-12-30,1,,
127381,NOURISH SOCIETY LLC MOTHER EARTH DBA ALL SOUL IN,,40508,MOTHER EARTH DBA ALL SOUL IN,2025-12-30,2025-12-30,1,,
27377,CITY BBQ,3292 RICHMOND RD.,40509,605,2010-06-14,2019-04-29,3,37.999764857967,-84.444621813386
30497,ARLINGTON ELEMENTARY SCHOOL,928 N. LIMESTONE,40505,SCHOOL,2005-02-04,2025-09-11,49,38.059006053633,-84.478987207891
30498,ASHLAND ELEMENTARY,,40510,,2025-09-23,2025-09-23,1,,
30499,SUMMIT CHRISTIAN SCHOOL,,40503,,2025-09-08,2025-09-08,1,,
30501,BOOKER T WASHINGTON ELEMENTARY,,40508,ELEMENTARY,2025-11-03,2025-11-03,1,,
30502,BEAUMONT MIDDLE SCHOOL,,40504,,2025-09-23,2025-09-23,1,,
30506,THE LEARNING CENTER,,40508,,2025-10-23,2025-10-23,1,,
30507,BRECKINRIDGE ELEMENTARY,,40502,,2025-09-08,2025-09-08,1,,
30509,BRYAN STATION MIDDLE SCHOOL,,40505,SCHOOL,2025-10-21,2025-10-21,1,,
30510,BRYAN STATION SENIOR HIGH,,40505,HIGH,2025-11-13,2025-11-13,1,,
30511,CARDINAL VALLEY ELEMENTARY,,40504,,2025-09-05,2025-09-05,1,,
30512,CASSIDY ELEMENTARY,,40502,,2025-10-30,2025-10-30,1,,
30514,BRYAN STATION INN,,40505,,2025-12-23,2025-12-23,1,,
30517,THE CAMPBELL HOUSE,,40504,,2025-12-05,2025-12-05,1,,
30523,CHRIST THE KING SCHOOL,,40502,,2025-09-10,2025-09-10,1,,
30524,CLAYS MILL ELEMENTARY,,40505,,2025-10-28,2025-10-28,1,,
30527,CRAWFORD MIDDLE SCHOOL,,40505,,2025-10-24,2025-10-24,1,,
30529,DAY TREATMENT CENTER,,40504,,2025-10-07,2025-10-07,1,,
30530,LITTLE ONE'S LEARNING CENTER,235 WALTON AVE,40508,605,2019-06-07,2022-04-18,22,38.040364128481,-84.480960414432
30532,DIXIE ELEMENTARY MAGNET SCHOOL,,40505,SCHOOL,2025-10-24,2025-10-24,1,,
30533,ECONO LODGE,,40509,,2025-11-24,2025-11-24,1,,
30540,THE SIRE,,40507,,2025-12-10,2025-12-10,1,,
30544,CATALINA MOTEL CLARION HOTEL,,40505,CLARION HOTEL,2025-12-30,2025-12-30,1,,
30545,PROVIDENCE MIDDLE SCHOOL,,40508,,2025-10-23,2025-10-23,1,,
30552,GLENDOVER ELEMENTARY,,40503,,2025-09-16,2025-09-16,1,,
30553,GOOD SHEPHERD DAY SCHOOL,,40508,,2025-10-16,2025-10-16,1,,
30555,GARDEN SPRINGS ELEMENTARY,,40504,,2025-10-07,2025-10-07,1,,
30556,HENRY CLAY HIGH SCHOOL,,40505,,2025-10-29,2025-10-29,1,,
30558,HARRISON ELEMENTARY,,40508,,2025-10-20,2025-10-20,1,,
30563,JESSIE CLARK MIDDLE SCHOOL,,40503,SCHOOL,2025-10-14,2025-10-14,1,,
30566,LEXINGTON HEARING AND SPEECH CENTER,,40502,SPEECH CENTER,2025-10-07,2025-10-07,1,,
30568,JAMES LANE ALLEN ELEMENTARY SCHOOL,,40504,SCHOOL,2025-10-09,2025-10-09,1,,
30570,JULIUS MARKS ELEMENTARY,,40502,,2025-09-19,2025-09-19,1,,
30572,HYATT REGENCY HOTEL,,40507,,2025-12-11,2025-12-11,1,,
30573,KIDS-N-KAPERS NURSERY,1896 COURTLAND,40505,605,2005-04-05,2024-01-30,104,38.055103887975,-84.443128836983
30585,LEXINGTON CATHOLIC HIGH SCHOOL,,40503,SCHOOL,2025-09-16,2025-09-16,1,,
30587,LANSDOWNE ELEMENTARY,,40517,,2025-10-29,2025-10-29,1,,
30588,LA QUINTA INN,,40511,,2025-11-05,2025-11-05,1,,
30589,RISE STEM ACADEMY FOR GIRLS,,40511,GIRLS,2025-09-15,2025-09-15,1,,
30592,GRIFFIN GATE MARRIOTT RESORT AND SPA,,40511,RESORT AND SPA,2025-12-09,2025-12-09,1,,
30596,LEESTOWN MIDDLE SCHOOL,,40510,,2025-09-10,2025-09-10,1,,
30598,LEXINGTON TRADITIONAL MAGNET SCHOOL,,40508,MAGNET SCHOOL,2025-09-24,2025-09-24,1,,
30599,LEX. JUNIOR ACADEMY,,40504,,2025-09-03,2025-09-03,1,,
30602,LAFAYETTE HIGH SCHOOL,,40503,,2025-10-13,2025-10-13,1,,
30604,MOTEL 6,,40511,,2025-12-05,2025-12-05,1,,
30605,HILTON LEXINGTON DOWNTOWN RED ROOF INN #10044,,40507,RED ROOF INN #10044,2025-11-04,2025-11-04,1,,
30610,BLUEGRASS EXTENDED STAY,,40509,,2025-12-03,2025-12-03,1,,
30619,MAXWELL ELEMENTARY,,40508,,2025-10-29,2025-10-29,1,,
30621,MEADOWTHORPE ELEMENTARY,,40505,,2025-10-16,2025-10-16,1,,
30627,EASTLAND MOBILE HOME PARK,,40505,PARK,2025-11-24,2025-11-24,1,,
30629,MILLCREEK ELEMENTARY,,40517,,2025-10-09,2025-10-09,1,,
30630,FAIRVIEW MOBILE HOME PARK,,40505,PARK,2025-11-26,2025-11-26,1,,
30631,MORTON MIDDLE SCHOOL,,40502,,2025-10-30,2025-10-30,1,,
30632,REDWOOD COOPERATIVE SCHOOL,,40503,SCHOOL,2025-09-08,2025-09-08,1,,
30635,MARY QUEEN HOLY ROSARY SCHOOL,,40503,SCHOOL,2025-10-16,2025-10-16,1,,
30636,MARY TODD ELEMENTARY,,40505,,2025-09-17,2025-09-17,1,,
30639,IMPERIAL ESTATES,,40505,,2025-11-04,2025-11-04,1,,
30640,NORTHERN ELEMENTARY,,40505,,2025-09-18,2025-09-18,1,,
30643,SPORTSMAN MOBILE HOME PARK,,40505,PARK,2025-12-09,2025-12-09,1,,
30645,PICADOME ELEMENTARY,,40504,,2025-09-08,2025-09-08,1,,
30647,PROVIDENCE MONTESSORI,,40508,,2025-09-23,2025-09-23,1,,
30650,RUSSELL CAVE ELEMENTARY,,40511,,2025-10-24,2025-10-24,1,,
30653,SOUTHERN ELEMENTARY,,40517,,2025-10-07,2025-10-07,1,,
30655,STONEWALL ELEMENTARY,,40517,,2025-09-16,2025-09-16,1,,
30657,SAYRE HIGH SCHOOL,,40507,,2025-10-20,2025-10-20,1,,
30659,SOUTHERN MIDDLE SCHOOL,,40517,,2025-10-22,2025-10-22,1,,
30662,SAYRE LOWER SCHOOL,,40507,,2025-10-20,2025-10-20,1,,
30664,SAYRE MIDDLE SCHOOL,,40507,,2025-10-20,2025-10-20,1,,
30671,SIR PIZZA @ BUCKHORN  # 33,3429 BUCKHORN DR.,40515,605,2005-01-26,2015-02-03,22,37.976161101173,-84.458018205325
30678,CHARLIE'S SEAFOOD,926 WINCHESTER ROAD,40505,607,2005-01-25,2023-09-28,115,38.041708990266,-84.469856250854
30679,TATES CREEK ELEMENTARY,,40517,,2025-09-23,2025-09-23,1,,
30680,TATES CREEK HIGH SCHOOL,,40517,,2025-10-17,2025-10-17,1,,
30681,TATES CREEK MIDDLE SCHOOL,,40517,,2025-09-09,2025-09-09,1,,
30683,THE LEXINGTON SCHOOL,,40504,,2025-09-24,2025-09-24,1,,
30686,WINBURN MIDDLE SCHOOL,,40511,,2025-10-23,2025-10-23,1,,
30687,YATES ELEMENTARY,,40505,,2025-09-11,2025-09-11,1,,
30688,BLUE GRASS CHRISTIAN YOUTH CAMP,,40509,YOUTH CAMP,2025-07-14,2025-07-14,1,,
30689,LEXINGTON DINER,841 LANE ALLEN DR,40504,605,2005-01-27,2023-01-18,92,38.028498105633,-84.537760637891
30690,KEENELAND 2ND FLOOR CLUB KITCHEN,4201 VERSAILLES RD.,40510,CLUB KITCHEN,2005-04-14,2025-10-08,94,38.042657946848,-84.60702556961
30691,LEXINGTON GRIFFIN GATE MARRIOTT MAIN KITCHEN,1800 NEWTOWN PIKE,40511,MARRIOTT MAIN,2005-01-27,2025-12-16,141,38.093151772206,-84.487008625878
30695,PHILLIP'S GROCERY & DELI,553 SOUTH LIMESTONE,40508,DELI,2005-03-08,2025-10-16,214,38.039101679345,-84.506807387992
30698,SAVE A LOT VERSAILLES ROAD,2189 VERSAILLES RD,40504,61,2005-01-18,2024-05-01,48,,
30703,WILDCAT CAFE @ UK HOSPITAL,1000 S LIMESTONE,40536,605,2005-02-22,2025-10-27,89,,
30739,MINGLEWOOD,159 NORTH LIMESTONE,40507,605,2005-01-13,2025-12-05,113,38.04741765544,-84.495671112127
30740,AP SUGGINS,345 ROMANY RD,40502,11,2005-01-26,2025-07-18,112,38.019652545553,-84.485905839601
30742,"GRILLFISH LEXINGTON, LLC",265 N LIMESTONE ST,40507,605,2005-06-22,2020-02-20,62,38.049389001795,-84.492866975393
30743,SILVER STREAK MARKET,5584 VERSAILLES ROAD,40510,607,2005-06-07,2025-12-01,140,38.041175886793,-84.643031476989
30744,DESHA'S,BLUEGRASS AIRPORT 2ND FL,40510,605,2005-03-08,2011-12-01,19,,
30745,AL'S BAR,601 NORTH LIMESTONE,40508,11,2005-01-04,2025-12-10,93,38.053963579322,-84.486377984416
30755,DUNKIN DONUTS,316 E NEW CIRCLE RD,40505,607,2005-03-03,2025-11-05,92,38.059511564119,-84.464504325271
30756,ARBY'S #1128,540 NEW CIRCLE RD S-4,40511,11,2005-02-01,2025-07-21,135,38.07227807889,-84.480937729018
30757,ARBY'S #1339,507 S LIMESTONE ST,40508,605,2005-05-03,2019-07-11,65,38.039119001801,-84.506794107442
30758,ARBY'S OF LEXINGTON #1952,2270 ELKHORN DR,40515,#1952,2005-02-17,2025-08-15,97,38.042831177655,-84.423186652081
30759,ARBY'S #1092,2649 RICHMOND RD,40509,11,2005-04-25,2025-11-20,105,38.010146933218,-84.454941269383
30760,ARBY'S #784,1228 S BROADWAY,40504,11,2005-03-28,2025-08-21,123,38.035026242059,-84.521024932559
30761,ARBY'S #1299,3261 NICHOLASVILLE RD,40503,605,2005-05-26,2024-02-07,117,37.991732430868,-84.52358631216
30762,ARBY'S #159,212 SOUTHLAND DR,40503,605,2005-01-04,2019-02-05,70,38.012966339157,-84.520454354875
30763,ARBY'S RESTAURANT,3391 TATES CREEK RD,40502,605,2005-01-05,2025-08-18,104,37.992937700049,-84.495298724874
30764,ARLINGTON ELEMENTARY SCHOOL,928 N LIMESTONE ST,40505,SCHOOL,2005-02-04,2025-09-11,77,38.059006053633,-84.478987207891
30766,ASHLAND ELEMENTARY SCHOOL,195 N ASHLAND AVE,40502,605,2005-04-14,2025-09-23,84,38.037520521591,-84.481143294046
30767,ASHLAND CHEMICAL - LEXINGTON,3499 BLAZER PARKWAY,40509,605,2005-06-22,2016-10-13,82,37.998856439035,-84.434467870963
30768,ASHLAND TERRACE,475 S ASHLAND AVE,40502,32,2005-01-20,2025-07-25,82,38.028876277781,-84.492691102769
30769,ATHENS LUNCHROOM,6270 ATHENS WALNUT HILL RD,40515,605,2005-05-03,2024-02-09,12,37.950111228283,-84.367418659137
30771,BLUEGRASS CAFE @ BCTC,470 COOPER DRIVE,40546,605,2005-05-23,2021-11-05,67,38.025319526004,-84.500765768381
30773,AUSTIN CITY SALOON,2350 WOODHILL DR #100,40509,605,2005-01-27,2022-02-01,103,38.017345140045,-84.454949084827
30774,AVON SERVICE MART AND GRILL,5569 BRIAR HILL ROAD,40361,607,2005-02-11,2014-06-24,21,38.070461831497,-84.323336912099
30775,"KETCH, THE",2012 REGENCY RD,40503,605,2005-02-10,2023-05-24,86,38.013375823887,-84.522104433049
30776,O'NEILL'S,2051 RICHMOND ROAD,40502,605,2005-02-18,2025-10-06,92,,
30777,THE BAR INC,224 E MAIN ST,40507,605,2005-01-13,2021-05-07,68,38.044403313733,-84.494926277545
30781,BASKIN ROBBINS,1771 ALEXANDRIA DR,40504,605,2005-06-17,2012-08-22,19,38.038846343598,-84.552609982642
30782,BASKIN ROBBINS,3383 TATES CREEK RD,40502,605,2005-05-24,2025-11-24,96,37.99451390824,-84.495524894516
30783,BURGERFI,391 ROSE ST,40508,605,2005-04-27,2021-09-09,78,38.038164214079,-84.499408804432
30784,BEST FRIENDS BAR,500 EUCLID AVENUE,40502,605,2005-03-03,2020-01-29,61,38.034272928699,-84.495896436278
30785,BEAUMONT MIDDLE SCHOOL,2080 GEORGIAN WAY,40504,605,2005-04-25,2025-09-23,82,,
30789,BIG BLUE BIRD EARLY CHILDHOOD CTR,1945 EASTLAND PKWY,40505,605,2005-01-26,2024-01-29,88,38.054159161863,-84.437669387045
30790,GAY BREWER JR CRS @ PICADOME,469 PARKWAY DR,40504,605,2005-02-25,2024-01-17,83,,
30791,TAQUERIA SAN PANCHO'S,481 WEST NEW CIRCLE RD #8,40511,605,2005-01-25,2013-11-07,31,38.071111764426,-84.477029410128
30792,JOELLA'S HOT CHICKEN,101 COCHRAN RD,40502,11,2005-04-05,2025-08-25,128,38.027524153072,-84.490423217626
30794,ARAMARK CAFETERIA / BLACKBURN CORR COMPLEX,3111 SPURR ROAD,40511,605,2005-03-07,2023-10-31,84,38.110386187212,-84.539764211305
30796,BLUE GRASS CHRISTIAN CAMP,7463 ATHENS-BOONESBORO ROAD,40509,CAMP,2005-05-11,2025-07-14,84,37.932519736831,-84.341081804463
30797,THE LEARNING CENTER,475 PRICE ROAD,40508,605,2005-04-27,2025-10-23,92,38.069800856858,-84.506095407146
30798,SABOR LATINO PUPUSAS,1479 BOARDWALK,40511,11,2005-03-24,2024-06-14,127,38.072000248697,-84.48296395356
30799,BOB EVANS RESTAURANT #53,2566 RICHMOND RD,40509,#53,2005-02-02,2025-09-16,82,38.011486102633,-84.457336315395
30800,SONNY'S BBQ,2341 BUENA VISTA RD,40505,605,2005-03-07,2025-11-14,121,38.041654172744,-84.422174902509
30802,WAFFLE HOUSE # 1099,1000 GEORGETOWN ROAD,40511,605,2005-05-09,2025-08-06,130,38.076455093306,-84.506587791417
30804,BOOKER T WASHINGTON ELEMENTARY,707 HOWARD STREET,40508,ELEMENTARY,2005-04-20,2025-10-17,79,,
30808,BRECKINRIDGE ELEMENTARY SCHOOL,2101 ST MATILDA DR,40502,SCHOOL,2005-03-31,2025-10-07,94,38.02346260933,-84.462015581042
30812,OFF THE HOOKAH,504 EUCLID AVENUE,40502,605,2011-10-26,2020-09-01,83,38.034264976614,-84.495887333358
30813,TAQUERIA SAN MIGUEL,684 E NEW CIRCLE RD,40505,605,2005-04-06,2017-09-29,38,38.048606663987,-84.454548775017
30815,BRYAN STATION MIDDLE SCHOOL,1865 WICKLAND DR,40505,SCHOOL,2005-01-05,2025-10-21,103,38.067022990708,-84.45290881685
30816,BRYAN STATION HIGH SCHOOL,1866 EDGEWORTH DR,40505,605,2005-03-29,2025-10-30,82,38.069124946381,-84.45567666335
30817,MARIA'S KITCHEN #2,805 N BROADWAY,40508,605,2005-06-01,2025-10-20,146,38.05990651935,-84.484286237741
30818,THE ROSE BUD,121 NORTH MILL STREET,40507,605,2005-06-25,2025-10-28,90,38.048336528451,-84.498710454518
30819,TACO BELL #23279,2917 RICHMOND RD,40509,605,2007-03-01,2025-09-22,119,38.005621741882,-84.449003837637
30821,FREDDY'S FROZEN CUSTARD & STEAKBURGERS,2217 NICHOLASVILLE RD,40503,& STEAKBURGERS,2005-05-31,2025-11-26,99,38.008136650557,-84.517903846741
30822,RICHIES,771 E NEW CIRCLE ROAD,40505,605,2005-01-10,2025-09-24,72,38.047154030083,-84.453819955918
30824,BURGER KING #1923,451 NEW CIRCLE RD,40505,605,2005-02-15,2025-08-07,126,38.055634630846,-84.460423041923
30827,C & P RESTAURANT,1000 MANCHESTER ST,40508,607,2005-06-16,2023-12-06,126,38.053525111818,-84.511452547482
30830,CAMELOT EAST,2606 RICHMOND RD,40509,605,2005-03-25,2016-02-02,21,38.011438385432,-84.457283092374
30831,CAMELOT WEST,1761 ALEXANDRIA DR,40504,605,2005-01-26,2015-12-15,25,38.039072937021,-84.552604947217
30832,THE CAMPBELL HOUSE,1375 S BROADWAY,40504,54,2005-01-21,2025-12-04,248,38.033824183109,-84.523588922564
30833,CROWNE PLAZA/STARTING GATE,1375 HARRODSBURG RD,40503,605,2005-03-11,2013-08-08,21,,
30842,CONCESSION #104 PAPA JOHNS #2277,1540 UNIVERSITY DR,40506,605,2005-10-29,2020-11-14,90,38.020735764383,-84.509953367431
30843,KROGER FIELD CONCESSION #123,1540 UNIVERSITY DR,40506,#123,2005-10-29,2025-10-18,89,38.020735764383,-84.509953367431
30844,KROGER FIELD KITCHEN SUITE #549 UPPER LEVEL,1540 UNIVERSITY DR,40506,SUITE #549 UPPER,2005-10-29,2025-10-18,82,38.020735764383,-84.509953367431
30845,KROGER FIELD KITCHEN SUITE #409 UPPER LEVEL,1540 UNIVERSITY DR,40506,SUITE #409 UPPER,2005-10-29,2025-10-18,71,38.020735764383,-84.509953367431
30847,KROGER FIELD CONCESSION # 259,1540 UNIVERSITY DR,40506,# 259,2005-10-29,2025-10-18,75,38.020735764383,-84.509953367431
30848,KROGER FIELD CONCESSION #165,1540 UNIVERSITY DR,40506,#165,2005-10-29,2025-10-18,82,38.020735764383,-84.509953367431
30849,KROGER FIELD CONCESSION #171,1540 UNIVERSITY DR,40506,#171,2005-10-29,2025-10-18,77,38.020735764383,-84.509953367431
30850,KROGER FIELD MAIN KITCHEN #179,1540 UNIVERSITY DR,40506,#179,2005-10-12,2025-10-22,101,38.020735764383,-84.509953367431
30851,KROGER FIELD FUNNEL CAKE #1 GATE 3 LOWER LEVEL,1540 UNIVERSITY DR,40506,CAKE #1 GATE 3 LOWER,2005-10-29,2025-10-18,69,38.020735764383,-84.509953367431
30852,KROGER FIELD CONCESSION #173,1540 UNIVERSITY DR,40506,#173,2005-10-29,2025-10-18,85,38.020735764383,-84.509953367431
30853,KROGER FIELD KITCHEN SUITE #435 UPPER LEVEL,1540 UNIVERSITY DR,40506,SUITE #435 UPPER,2005-10-29,2025-10-18,68,38.020735764383,-84.509953367431
30854,KROGER FIELD CONCESSION #223,1540 UNIVERSITY DR,40506,#223,2005-10-29,2025-10-18,68,38.020735764383,-84.509953367431
30856,FUNNEL CAKE #3 - GATE 1 UPPER LEVEL,1540 UNIVERSITY DR,40506,605,2005-10-29,2022-11-19,57,38.020735764383,-84.509953367431
30857,KROGER FIELD CONCESSION #217,1540 UNIVERSITY DR,40506,#217,2005-10-29,2025-10-18,81,38.020735764383,-84.509953367431
30858,FUNNEL CAKE #4 - GATE 9 UPPER LEVEL,1540 UNIVERSITY DR,40506,605,2005-10-29,2019-09-14,46,38.020735764383,-84.509953367431
30859,KROGER FIELD CONCESSION #161,1540 UNIVERSITY DR,40506,#161,2005-10-29,2025-10-18,109,38.020735764383,-84.509953367431
30860,CONCESSION # 265 @ KROGER FIELD,1540 UNIVERSITY DRIVE,40506,605,2005-10-29,2019-09-14,40,38.020735764383,-84.509953367431
30861,KROGER FIELD CONCESSION #267,1540 UNIVERSITY DRIVE,40506,#267,2005-10-29,2025-10-18,90,38.020735764383,-84.509953367431
30862,KROGER FIELD RECRUITING DINING LOWER LEVEL,1540 UNIVERSITY DRIVE,40506,DINING LOWER,2005-10-29,2025-10-18,74,38.020735764383,-84.509953367431
30863,KROGER FIELD CONCESSION #275,1540 UNIVERSITY DR,40506,#275,2005-10-29,2025-10-18,81,38.020735764383,-84.509953367431
30864,KROGER FIELD CONCESSION #211,1540 UNIVERSTIY DRIVE,40506,#211,2005-10-29,2025-10-18,78,38.020735764383,-84.509953367431
30865,CONCESSION PREP AREA,@ COMMONWEALTH STADIUM,40506,605,2005-10-29,2013-09-07,11,,
30868,PAPI'S MEXICAN RESTAURANT & BAR,818 EUCLID AVE,40502,& BAR,2005-04-20,2025-11-05,114,38.030030845681,-84.491121042125
30869,CAPTAIN D'S CAPTAIN D'S,245 NEW CIRCLE ROAD,40505,CAPTAIN D'S,2005-02-10,2025-11-25,132,,
30870,CAPTAIN D'S,167 EAST REYNOLDS ROAD,40503,605,2005-03-28,2023-10-06,98,37.990335997808,-84.52082359458
30871,CAPTAIN D'S,125 NORTH MT TABOR ROAD,40509,605,2005-04-20,2025-11-06,118,38.006746371991,-84.449392796327
30872,CARDINAL HILL REHABILITATION HOSPITAL,2050 VERSAILLES RD,40504,HOSPITAL,2005-05-23,2025-12-22,107,38.04755635786,-84.54215829836
30873,CARDINAL VALLEY ELEM. SCHOOL,218 MANDALEY ROAD,40504,SCHOOL,2005-04-11,2025-09-05,93,38.054747879955,-84.54380726507
30874,LINKBELT,2651 PALUMBO DRIVE,40509,11,2005-06-21,2025-12-02,86,38.012113739677,-84.437811150421
30875,CHERISH THE CHILD,102 DENNIS DR,40503,605,2005-01-20,2019-12-18,82,38.003338203547,-84.522495454642
30881,CASSIDY ELEMENTARY SCHOOL,1125 TATES CREEK RD,40502,605,2005-02-22,2025-10-30,82,38.025204695649,-84.490987390634
30883,LEXINGTON TENNIS CLUB SNACKBAR,410 REDDING ROAD,40517,605,2005-01-04,2023-05-11,80,37.985891677293,-84.499680685006
30885,CAFE CENTRAL @ BAPTIST HEALTH HOSPITAL,1740 S LIMESTONE ST,40503,605,2005-03-15,2023-10-19,87,,
30889,CHARLIE BROWN'S,816 EUCLID AVE,40502,605,2005-04-20,2022-11-02,81,38.030051068317,-84.491143472976
30890,SAWYER'S BAR & GRILL,325 W MAIN ST,40507,605,2005-06-20,2021-03-02,80,38.04836728495,-84.499135991981
30891,RIDGE BEHAVIORAL HEALTH,3050 RIO DOSA DR,40509,32,2005-01-12,2025-11-12,81,38.005200332805,-84.441672017346
30893,HORSE & JOCKEY PUB & KITCHEN,131 CHEAPSIDE,40507,KITCHEN,2005-06-15,2025-12-17,105,38.048006892173,-84.498386807715
30894,THE MOUSE TRAP,3323 TATES CREEK ROAD,40502,607,2005-01-03,2025-11-10,169,37.996969860594,-84.495819071162
30896,CHEVY CHASE INN,833 E. EUCLID AVENUE,40502,11,2005-07-21,2025-11-18,74,38.02996468227,-84.490854471837
30898,CHICK-FIL-A  - FAYETTE MALL,3401 NICHOLASVILLE RD STE FC-5A,40503,605,2005-07-07,2022-02-02,70,37.98845683202,-84.525168704428
30899,EARLY LEARNING CENTER,736 W MAIN ST,40508,605,2005-02-25,2025-11-21,110,38.053835523946,-84.505478542623
30904,ARIRANG GARDEN,109 MT TABOR RD,40517,11,2005-04-28,2025-09-04,85,38.005006863421,-84.451552194834
30906,CHRIST THE KING SCHOOL,412 COCHRAN RD,40502,605,2005-03-18,2025-09-10,73,38.023292827235,-84.487400628068
30907,CHURCH OF GOD CAMP,3500 VERSAILLES RD,40510,34,2017-06-23,2024-06-17,37,38.043981422739,-84.579177359286
30909,CLAYS MILL ELEMENTARY SCHOOL,2319 CLAYS MILL RD,40503,SCHOOL,2005-04-13,2025-10-28,75,38.017930391336,-84.535663527589
30911,KAWAMA BAR / DISCO,941 WINCHESTER ROAD,40505,605,2009-01-07,2011-07-07,2,38.041864950117,-84.469385780445
30915,COLUMBIA STEAK HOUSE,201 NORTH LIMESTONE,40507,605,2005-06-09,2025-10-14,141,38.048293548493,-84.494387324374
30925,COMMUNITY ACTION COUNCIL,913 GEORGETOWN RD,40508,605,2005-01-14,2025-08-18,89,38.072263022023,-84.505233060109
30931,WOODHILL FOOD MART,"2360 WOODHILL DR., STE. 100",40509,610,2005-04-04,2025-11-17,34,38.017278403734,-84.454660885066
30941,CIRCLE K #3214,3469 BUCKHORN DR,40515,607,2005-04-28,2025-10-10,124,37.976282260882,-84.458976672545
30942,FAST STOP,1392 TRENT BLVD,40517,610,2005-02-03,2025-11-21,143,37.969935554615,-84.479970609081
30944,CIRCLE K #3302,3130 PIMLICO PARKWAY,40517,607,2005-06-17,2025-10-29,136,37.986858277476,-84.461595802107
30946,REYNOLDS RD. FOOD MART,155 EAST REYNOLDS ROAD,40503,610,2005-04-08,2025-09-04,47,37.99050425345,-84.521304586133
30947,GARDEN SPRINGS MARATHON,2034 GARDEN SPRINGS DR,40504,610,2005-04-11,2022-01-26,34,38.028315577614,-84.542429873895
30948,S&V CONVENIENT,1511 RUSSELL CAVE RD,40505,610,2005-02-10,2021-07-21,56,38.071357082411,-84.476418958314
30949,ALLEN'S FOODMART,1918 OXFORD CIRCLE,40504,607,2005-07-18,2025-08-01,141,38.049741951579,-84.542128274363
30950,JIMMY JOHN'S,1397 W MAIN STREET,40508,605,2005-04-07,2025-10-03,113,38.063613179195,-84.520433578399
30956,COLUMBIA STEAKHOUSE GRILLE,2750 RICHMOND RD,40517,GRILLE,2005-01-05,2025-11-25,142,38.007320653685,-84.452576979901
30960,COURTYARD LEXINGTON NORTH,775 NEWTOWN CT,40511,607,2005-04-11,2024-02-06,197,38.077101791522,-84.493232495067
30961,COWBOY'S,1515 RUSSELL CAVE RD,40505,605,2005-01-03,2025-11-11,86,38.071485243162,-84.476246523848
30963,CRACKER BARREL OLD COUNTRY STORE #19,1927 STANTON WAY,40511,STORE #19,2005-02-10,2025-12-11,147,,
30965,CRAWFORD MIDDLE SCHOOL,1813 CHARLESTON DR,40505,605,2005-02-14,2025-10-24,86,,
30966,CRESTWOOD CHRISTIAN CHILDCARE CENTER,1882 BELLEFONTE DR,40502,CHILDCARE CENTER,2005-03-22,2025-10-24,88,38.011566107496,-84.502593673034
30971,"CURBSIDE BAR, LLC",2314 PARIS PIKE,40505,605,2005-02-08,2022-09-08,84,38.078589488264,-84.450491285658
30978,SCHER ENTERPRISES INC DBA DAIRY QUEEN,3509 LANSDOWNE DRIVE,40517,605,2005-01-12,2023-10-19,85,37.988043756372,-84.515340862962
30980,JIGZY'S,987 WINCHESTER RD,40505,605,2005-03-24,2016-11-07,10,38.041985851814,-84.467987525442
30982,RICHMOND PLACE REHAB & HEALTH,2770 PALUMBO DR,40509,605,2005-01-05,2022-05-19,60,38.00726700447,-84.436241083527
30990,DEEP SPRINGS SCHOOL,1919 BRYNELL DR,40505,605,2005-04-13,2025-09-17,76,38.060903904241,-84.445549602725
30995,MARATHON DELI MART,1009 GEORGETOWN ROAD,40511,607,2005-06-01,2022-02-23,143,38.076490444432,-84.506756020703
30997,MARATHON FOOD MART,1150 VERSAILLES ROAD,40504,607,2005-04-07,2013-06-04,40,38.050013921372,-84.517664633703
31000,DESHA'S,101 N. BROADWAY,40507,605,2005-08-02,2013-12-23,26,38.049013547008,-84.499859290072
31006,DIXIE ELEMENTARY SCHOOL,1940 EASTLAND PKWY,40505,605,2005-03-28,2025-10-24,89,38.054620699965,-84.436925723144
31007,LA UNICA,1429 VILLAGE DR,40504,54,2005-06-14,2025-08-28,161,38.047924017879,-84.549140997522
31008,DOMINO'S PIZZA,3101 CLAYS MILL RD,40503,605,2005-03-31,2025-08-04,99,38.003933324905,-84.544211718628
31012,EL SABOR DE MEXICO RESTAURANT & TAYUENA,1505 RUSSELL CAVE RD.,40505,& TAYUENA,2005-01-03,2025-08-14,105,38.071164841286,-84.476677610014
31014,DOMINO'S PIZZA,3130 PIMLICO PKWY,40517,605,2005-05-06,2015-06-25,22,37.986858277476,-84.461595802107
31016,DOMINO'S PIZZA,801 EUCLID AVE,40502,605,2005-05-16,2025-09-09,90,38.030288244458,-84.491213365451
31018,DONUT DAYS,185 SOUTHLAND DRIVE,40503,11,2005-02-07,2025-07-18,112,38.012412078647,-84.519322241847
31021,DAIRY QUEEN,2300 PALUMBO DRIVE,40509,11,2005-04-11,2025-09-22,123,38.022599520567,-84.454569349704
31022,CHINA HUT,850 LANE ALLEN RD,40504,605,2005-01-12,2023-08-29,129,38.030499188015,-84.542996017838
31023,OLD SCHOOL COFFEE,380 S. MILL STE 201,40508,11,2005-07-06,2025-07-30,48,38.045423402249,-84.502671974799
31024,CICI'S PIZZA,1315 WINCHESTER RD #321,40505,605,2005-01-10,2015-03-30,44,38.042860844562,-84.458257677781
31040,300 GRILL EASTLAND,750 EAST NEW CIRCLE RD,40505,605,2005-02-16,2016-12-22,38,38.047142371604,-84.454163480561
31044,EDUCARE LEARNING CENTER,2832 SNOW ROAD,40502,605,2005-02-04,2025-09-10,79,37.99345425251,-84.457911495953
31046,SHAW'S CHILD CARE,2813 SNOW ROAD,40502,605,2005-02-04,2021-09-21,86,37.993921380044,-84.458359730389
31054,ESTEPP'S SHELL FOOD MART DELI,1951 STANTON WAY,40511,MART DELI,2005-01-12,2025-10-22,205,38.102391303182,-84.483726840037
31064,TAQUERIA LAS HUASTECAS,919 WINCHESTER RD,40505,605,2005-03-10,2013-04-23,35,38.041756852156,-84.470659789497
31067,LEE'S FAMOUS RECIPE CHICKEN #7470,1487 BOARDWALK DRIVE,40511,605,2005-01-03,2019-06-04,135,38.072240958404,-84.482906183218
31069,LEE'S FAMOUS RECIPE CHICKEN,3014 RICHMOND ROAD,40509,CHICKEN,2005-03-01,2025-09-29,124,38.005141577846,-84.450264453335
31070,FASIG-TIPTON MAIN DINING,2400 NEWTOWN PIKE,40511,11,2005-02-03,2025-12-15,100,38.109195682761,-84.482197165649
31072,FASIG-TIPTON COFFEE SHOP,2400 NEWTOWN PIKE,40511,SHOP,2005-03-23,2025-07-07,80,38.109195682761,-84.482197165649
31073,FASIG-TIPTON BAR,2400 NEWTOWN PIKE,40511,605,2005-03-23,2025-12-15,81,38.109195682761,-84.482197165649
31086,FLORENCE CRITTENTON HOME,519 WEST 4TH STREET,40508,605,2005-03-22,2013-09-09,21,38.057830822209,-84.497997460013
31099,TACO BELL #29739,2323 VERSAILLES RD,40504,605,2005-03-24,2025-07-10,129,,
31101,FRISCH'S #148,1927 HARRODSBURG RD,40504,605,2005-03-09,2023-12-05,150,,
31104,FAZOLI'S #1605,2195 RICHMOND ROAD,40502,605,2005-02-16,2025-10-02,121,,
31107,CLAMATO'S,2304 VERSAILLES RD,40504,11,2005-03-08,2025-10-01,146,38.046629515135,-84.552528967099
31114,SOUTHERN COUNTRYLICIOUS,4300 WINCHESTER RD,40509,605,2005-06-02,2020-08-10,183,38.029621888315,-84.35627362724
31127,GARDEN SPRINGS CHILD DEVELOPMENT CENTER,2033 GARDEN SPRINGS DRIVE,40504,605,2005-01-25,2021-03-15,88,38.028562782341,-84.54244875694
31129,GARDEN SPRINGS ELEMENTARY SCHOOL,2151 GARDEN SPRINGS DR,40504,SCHOOL,2005-04-21,2025-09-11,68,38.025249725441,-84.548209906384
31132,EL PATRON MEXICAN RESTAURANT,1765 ALEXANDRIA DR,40504,11,2005-02-23,2025-09-29,81,38.038982299652,-84.552606961387
31133,GEORGE'S DELI AND GROCERY,161 NORTH LIMESTONE,40507,607,2005-02-18,2020-02-21,75,38.047492459595,-84.495560264852
31135,FIRST STEPS DAY CARE,1854 AUGUSTA DR,40505,605,2005-04-08,2012-02-09,22,38.055156587473,-84.439700357801
31137,EL TAQUERO,1395 WEST MAIN ST,40508,605,2005-04-08,2022-01-31,107,38.063581147866,-84.520385747844
31138,BLUEFIRE BAR & GRILL,401 W. HIGH STREET,40507,605,2005-02-03,2025-11-20,119,38.048257585488,-84.50220008191
31140,LEXINGTON RESCUE MISSION,444 GLEN ARVIN AVE,40508,605,2016-10-27,2023-09-08,37,38.064979919407,-84.504487795753
31144,GLENDOVER ELEMENTARY SCHOOL,710 GLENDOVER RD,40503,SCHOOL,2005-04-11,2025-09-16,78,38.00855548296,-84.502227888447
31152,TARGET STORES T-366,131 WEST REYNOLDS ROAD,40503,607,2005-04-20,2025-09-22,121,37.991649421783,-84.52499089867
31157,5-STAR CHILI,2320 PALUMBO DR - SUITE B,40509,605,2005-04-13,2013-03-13,21,38.022375011652,-84.453594959265
31159,UK GOOD SAMARITAN HOSPITAL,310 S LIMESTONE ST,40508,605,2005-03-23,2025-09-03,108,38.043249942311,-84.501378749128
31169,"GRAPEVINE, THE",4101 TATES CREEK CTR #3,40517,605,2005-04-28,2012-05-01,19,37.96993417395,-84.497580956576
31171,THE SIRE,120 WEST SECOND STREET,40507,605,2005-08-04,2020-08-11,109,38.048361875101,-84.494657971248
31180,GREAT CHINA,944 WINCHESTER ROAD,40505,605,2005-01-25,2017-07-17,48,38.04181839316,-84.468590982061
31181,BD'S MONGOLIAN GRILL,672 BLUE SKY PARKWAY,40509,605,2005-06-23,2014-07-24,28,37.958625093357,-84.377442222586
31184,CAFE 240,240 EAST 7TH STREET,40508,605,2005-01-26,2017-06-16,24,38.052519747317,-84.481073581113
31187,GREENBRIER COUNTRY CLUB,2179 BAHAMA ROAD,40509,11,2005-05-20,2025-07-17,67,38.02652988507,-84.384789415539
31193,MIDWAY FOOD MART,3895 WINCHESTER ROAD,40509,607,2005-03-15,2025-11-07,217,38.031659546546,-84.368659296954
31196,"LITTLE TOT'S LEARNING CTR, LLC",3580 CAULDER RD,40517,"CTR, LLC",2005-03-08,2025-10-29,81,37.978346280741,-84.482601315028
31197,HARDEE'S,2990 RICHMOND RD,40509,11,2005-02-23,2025-09-15,144,38.005870222408,-84.451020347436
31198,HARDEE'S,1125 WINCHESTER ROAD,40505,605,2005-02-23,2025-11-05,121,38.042359541199,-84.463841115914
31232,QDOBA MEXICAN GRILL #2086,265 EUCLID AVENUE,40508,605,2005-03-17,2023-02-17,110,,
31247,LA QUINTA INN #560 - OUTDOOR BELMONT RUN APTS - OUTDOOR,,40511,BELMONT RUN APTS - OUTDOOR,2025-08-21,2025-08-21,1,,
31256,LEXINGTON COUNTRY CLUB - OUTDOOR,,40511,- OUTDOOR,2025-08-06,2025-08-06,1,,
31257,BAR-Y-RANCH CAMP - OUTDOOR,,40510,,2025-07-24,2025-07-24,1,,
31258,LEXINGTON COUNTRY CLUB - OUTDOOR,,40511,- OUTDOOR,2025-08-06,2025-08-06,1,,
31262,LEXINGTON POLO CLUB - OUTDOOR,,40502,- OUTDOOR,2025-09-05,2025-09-05,1,,
31269,BRECKINRIDGE COURT APARTMENTS - OUTDOOR,,40517,- OUTDOOR,2025-07-03,2025-07-03,1,,
31272,LEXINGTON ATHLETIC CLUB - INDOOR LEXINGTON ATHLETIC CLUB - INDOOR,,40503,LEXINGTON ATHLETIC CLUB - INDOOR,2025-09-22,2025-09-22,1,,
31280,THE COLONY AT THE OAKS - OUTDOOR,,40517,- OUTDOOR,2025-08-08,2025-08-08,1,,
31284,HARDEE'S,202 NEW CIRCLE RD,40505,605,2005-02-03,2025-12-11,147,,
31287,HARRISON ELEMENTARY SCHOOL,161 BRUCE ST,40507,SCHOOL,2005-04-28,2025-10-20,77,38.052419116011,-84.500407008627
31293,PUDDLE JUMPERS LEARNING CENTER,1940 CAMBRIDGE DR.,40504,CENTER,2005-06-03,2025-07-11,109,38.050620099677,-84.545321006068
31295,HENRY CLAY HIGH SCHOOL,2100 FONTAINE RD,40502,605,2005-04-28,2025-10-29,78,38.017317123837,-84.469170471137
31300,PAPER PLATE,100 MIDLAND AVENUE,40508,605,2005-02-24,2016-12-20,27,38.041403600293,-84.488797327617
31309,EMBASSY SUITES BY HILTON LEXINGTON GREEN,245 LEXINGTON GREEN CIRCLE,40503,605,2005-06-29,2022-10-30,135,37.994162993177,-84.526453215042
31310,WAGON BONES GRILL,255 WEST NEW CIRCLE RD,40505,605,2005-05-10,2021-05-13,41,38.068774656681,-84.473830798216
31312,CLARION HOTEL,1950 NEWTOWN PIKE,40511,54,2005-02-04,2025-12-15,267,38.096031127543,-84.486164630773
31350,HOMESTEAD NURSING HOME,1608 VERSAILLES RD,40504,32,2005-03-18,2025-09-09,102,38.048717938747,-84.532985617237
31361,KY GRILL & HORSESHOE SALOON,1983 NORTH BROADWAY,40511,605,2005-04-04,2023-03-02,153,38.075197533758,-84.457568890333
31364,QUIZNOS SUB,BLUEGRASS AIRPORT 1ST FL,40510,605,2005-03-08,2011-12-01,26,,
31365,ST. JOSEPH EAST-DIETARY DEPT.,150 NORTH EAGLE CREEK,40509,605,2005-03-31,2022-10-04,90,38.000247360465,-84.440220284166
31367,HUNAN RESTAURANT,115 SOUTHLAND DRIVE,40503,605,2005-03-16,2017-03-20,47,38.011703900552,-84.517773015554
31369,HYATT REGENCY MAIN KITCHEN,401 W  HIGH ST,40507,605,2005-02-03,2025-11-05,109,38.048257585488,-84.50220008191
31370,SUPER MARKET INC,"2220 NICHOLASVILLE RD, STE 118",40503,605,2005-02-03,2017-08-28,40,38.008008586798,-84.517638342533
31408,THE WOK,537 A WALLER AVENUE,40504,605,2005-03-17,2025-08-04,108,38.033016721323,-84.522748966635
31454,BURGER & SHAKE,219 E NEW CIRCLE RD,40505,605,2005-01-28,2025-09-04,118,38.061996811796,-84.466595511456
31459,"LEXMARK-AVI FOODSYSTEMS, BLDG #3",740 NEW CIRCLE RD,40511,605,2005-03-10,2023-07-17,78,38.073357419009,-84.487867818728
31465,IDLE HOUR COUNTRY CLUB,1815 RICHMOND RD,40502,605,2005-03-24,2025-11-21,126,,
31467,IDLE HOUR SNACK BAR,1815 RICHMOND ROAD,40502,11,2005-05-17,2025-07-24,78,,
31469,IMMANUEL BAPTIST CHURCH,3100 TATES CREEK ROAD,,,2016-10-17,2019-11-01,29,38.005099933697,-84.495734112419
31473,MINIT MART #672,1949 NORTH BROADWAY,40505,607,2005-01-04,2023-03-17,197,38.075068123719,-84.457778623849
31476,IROQUOIS HUNT CLUB,7496 GRIMES MILL ROAD,40509,605,2005-06-21,2025-12-09,72,37.915895179854,-84.340372313637
31483,PARISA INTERNATIONAL SUPERMARKET,2626 RICHMOND ROAD,40509,610,2005-06-16,2021-11-23,30,38.010529775988,-84.456239315621
31486,JAMES LANE ALLEN ELEM SCHOOL,1901 APPOMATTOX RD,40504,SCHOOL,2005-03-22,2025-10-09,90,38.036657391223,-84.547969622742
31491,DENNY'S #8766,1880 NEWTOWN PIKE,40511,605,2005-04-25,2020-02-20,138,38.095016318778,-84.486401869048
31494,DENNY'S #8770,1949 NICHOLASVILLE RD,40503,605,2005-05-27,2020-02-20,105,38.012372936489,-84.516377487777
31497,LEX EXPRESS,176 NEW CIRCLE RD,40505,607,2005-04-25,2025-10-23,181,,
31499,JESSIE CLARK MIDDLE SCHOOL,3341 CLAYS MILL RD,40517,SCHOOL,2005-04-26,2025-10-14,81,37.997016266676,-84.54833764719
31504,STEAK FEST,1408 MERCER ROAD,40511,605,2005-05-04,2015-10-08,31,38.075717982658,-84.525286080235
31506,STEAM ACADEMY,123 E SIXTH ST,,,2016-09-28,2019-10-14,37,38.053074671547,-84.485390631869
31508,JOYLAND BOWL,2361 PARIS PIKE,40505,605,2005-01-12,2016-10-05,31,38.079179759889,-84.449893425728
31510,BOONE DOGS,5902 OLD RICHMOND ROAD,40515,607,2005-01-13,2025-12-15,219,37.939212097689,-84.405312194821
31519,JULIUS MARKS ELEMENTARY SCHOOL,3277 PEPPERHILL RD,40502,SCHOOL,2005-04-27,2025-09-19,77,37.999020371864,-84.490348370346
31524,K MART #4232,2520 NICHOLASVILLE ROAD,40503,607,2005-01-06,2017-07-12,68,37.999616237619,-84.520569354664
31526,KEENELAND STAND 213,4201 VERSAILLES RD,40510,605,2005-04-14,2025-10-08,95,38.042657946848,-84.60702556961
31527,KEENELAND STAND 114,4201 VERSAILLES RD.,40510,605,2005-04-14,2025-10-08,102,38.042657946848,-84.60702556961
31528,KEENELAND STAND 311,4201 VERSAILLES RD.,40510,605,2005-04-14,2025-10-08,71,38.042657946848,-84.60702556961
31529,KEENELAND STAND 310,4201 VERSAILLES RD.,40510,605,2005-04-14,2025-10-08,90,38.042657946848,-84.60702556961
31530,KEENELAND 3RD FLOOR CLUB KITCHEN,4201 VERSAILLES RD.,40510,CLUB KITCHEN,2005-04-14,2025-10-08,83,38.042657946848,-84.60702556961
31531,KEENELAND STAND 122,4201 VERSAILLES RD.,40510,605,2005-04-14,2025-10-08,96,38.042657946848,-84.60702556961
31532,KEENELAND STAND 111,4201 VERSAILLES RD.,40510,605,2005-04-14,2025-10-09,70,38.042657946848,-84.60702556961
31533,KEENELAND MAIN KITCHEN - GRANDSTAND,4201 VERSAILLES RD.,40510,- GRANDSTAND,2005-04-14,2025-10-08,104,38.042657946848,-84.60702556961
31534,KEENELAND LEX KY ROOM,4201 VERSAILLES RD.,40510,605,2005-04-14,2025-10-08,117,38.042657946848,-84.60702556961
31536,KEENELAND STAND 115,4201 VERSAILLES RD.,40510,605,2005-04-14,2025-10-08,69,38.042657946848,-84.60702556961
31537,STAND 119,4201 VERSAILLES RD.,40510,605,2005-04-14,2018-10-10,46,38.042657946848,-84.60702556961
31538,KEENELAND STAND 117,4201 VERSAILLES RD.,40510,605,2005-04-14,2025-10-08,91,38.042657946848,-84.60702556961
31539,KEENELAND STAND 211,4201 VERSAILLES RD,40510,605,2005-04-14,2025-10-08,73,38.042657946848,-84.60702556961
31540,KEENELAND STAND 214,4201 VERSAILLES RD,40510,605,2005-04-14,2025-10-08,91,38.042657946848,-84.60702556961
31541,KEENELAND STAND 312,4201 VERSAILLES RD,40510,605,2005-04-14,2025-10-08,77,38.042657946848,-84.60702556961
31542,KEENELAND STAND 314 & BLUEGRASS ROOM,4201 VERSAILLES RD,40510,605,2005-04-14,2023-10-11,88,38.042657946848,-84.60702556961
31543,KEENELAND TRACK KITCHEN,4201 VERSAILLES RD,40510,605,2005-01-19,2025-10-08,88,38.042657946848,-84.60702556961
31546,SAKURA 12,1015 WINCHESTER ROAD,40505,605,2005-05-02,2025-09-24,141,38.042039257494,-84.467330725675
31547,KENTUCKY FRIED CHICKEN,2205 VERSAILLES ROAD,40504,605,2005-04-01,2016-10-25,53,,
31548,MI MEXICO,818 NEW CIRCLE RD,40505,605,2005-01-13,2014-04-24,48,38.039040063825,-84.454643136994
31549,KENTUCKY FRIED CHICKEN,1494 BOARDWALK,40511,605,2005-02-03,2025-10-28,119,38.072460393829,-84.482705382748
31553,KINDER CARE LEARNING CTR #963,3199 CUSTER DRIVE,40517,CTR #963,2005-01-21,2025-11-18,98,37.987855053832,-84.459847372207
31554,KINDER CARE LEARNING CTR #936,2611 WILHITE DR,40504,CTR #936,2005-03-14,2025-11-14,81,37.997182813768,-84.517660886775
31555,KINDERCARE LEARNING CTR  #304,3600 APPIAN WAY,40517,605,2005-02-18,2014-04-10,22,37.978814873136,-84.486523898399
31556,KINDERCARE NURSERY,628 WELLINGTON WAY,40503,605,2005-02-14,2025-09-29,88,38.002008820248,-84.547225938232
31557,MUMBAI MASALA LLC,102 WEST HIGH STREET,40507,605,2005-03-22,2018-12-30,94,38.045171447005,-84.498891998404
31561,KROGER L-784,704 EUCLID AVE,40502,55,2005-05-17,2024-06-18,169,38.031433015383,-84.492693181187
31562,KROGER L-352,2335 NICHOLASVILLE RD,40503,55,2005-04-29,2025-07-29,132,38.00496511661,-84.519022870425
31564,KROGER L-347,4014 TATES CREEK RD,40517,55,2005-03-16,2025-07-07,138,37.97279300272,-84.497479960555
31565,KROGER L-361,1808 ALEXANDRIA DR,40504,55,2005-05-25,2025-08-12,167,38.03622771842,-84.551163003833
31582,KENTUCKY FRIED CHICKEN,2401 NICHOLASVILLE ROAD,40503,11,2005-01-19,2025-07-15,131,38.003416104628,-84.519566711997
31583,CAFE EXPRESS @ KU,1 QUALITY ST,40507,605,2005-01-26,2012-10-31,17,38.042943531407,-84.495119247922
31585,KENTUCKY FRIED CHICKEN,3030 RICHMOND ROAD,40509,605,2005-04-13,2025-10-14,121,38.004745046143,-84.449855720745
31590,PALMER'S FRESH GRILL,161 LEXINGTON GREEN CIRCLE #C8,40503,11,2005-06-16,2025-07-17,93,37.992954800994,-84.523973904593
31592,IPALAPA'S,102 W VINE ST,40507,605,2005-05-18,2019-02-01,68,38.045749101862,-84.498089015563
31595,LAFAYETTE AT COUNTRY PLACE,690 MASON HEADLEY ROAD,40504,605,2005-04-08,2022-09-27,131,38.035686246651,-84.528539788259
31597,LAFAYETTE CHILD CARE,1836 CLAYS MILL ROAD,40503,605,2005-05-04,2025-11-17,75,38.02643979442,-84.530764127562
31599,DUPREE CATERING & EVENTS,201 E MAIN ST 15TH FL,40507,42,2005-05-31,2025-12-09,60,38.045031928439,-84.495456720533
31600,LAFAYETTE HIGH SCHOOL,400 REED LN,40503,605,2005-04-11,2025-10-13,75,38.024964120555,-84.525408806241
31602,LAKESIDE GOLF COURSE SNACK BAR,3725 RICHMOND ROAD,40509,605,2005-05-10,2025-12-03,78,,
31605,LANSDOWNE ELEMENTARY SCHOOL,336 REDDING RD,40502,SCHOOL,2005-04-25,2025-10-29,78,37.989918647618,-84.510309016342
31610,LEE'S FAM. RECI. CHICKEN #7474,1318 VERSAILLES ROAD,40504,605,2005-01-04,2019-05-20,106,38.049732534018,-84.523292838129
31612,LEESTOWN MIDDLE SCHOOL,2010 LEESTOWN RD,40511,605,2005-02-17,2025-09-10,77,38.072167882142,-84.533467728805
31613,FUSION @ ERICKSON HALL,135 GRAHAM AVE,40506,605,2005-04-21,2025-12-01,75,38.035336281992,-84.5054938945
31615,"BLUEGRASS FOODS, INC.",825 LANE ALLEN,40504,605,2005-02-07,2019-03-06,68,38.028356274971,-84.537455393711
31617,KID'S HOUSE CHILDCARE CENTER,1451 BRYAN AVENUE,40505,605,2005-02-15,2017-09-22,47,38.059300394455,-84.467517299798
31619,LEXINGTON CATHOLIC CAFETERIA,2250 CLAYS MILL RD,40503,605,2016-10-04,2025-09-16,37,38.018212649984,-84.535354710569
31623,CENTRAL BANK CENTER - EAST 4,430 W VINE ST,40507,- EAST 4,2005-06-25,2025-11-07,72,38.049432604464,-84.500968150647
31624,CENTRAL BANK CENTER - EXPRESS 11,430 W VINE ST,40507,- EXPRESS,2005-06-25,2025-11-07,100,38.049432604464,-84.500968150647
31625,CENTRAL BANK CENTER - EXPRESS 28,430 W VINE ST,40507,- EXPRESS,2005-06-25,2025-11-07,96,38.049432604464,-84.500968150647
31626,CENTRAL BANK CENTER - NORTH 3,430 W VINE ST,40507,- NORTH 3,2005-06-25,2025-11-07,68,38.049432604464,-84.500968150647
31628,MAIN EXPOSITION (EAST),430 W. VINE STREET,40507,605,2005-06-25,2020-02-21,70,38.049432604464,-84.500968150647
31630,CENTRAL BANK CENTER - WEST 4,430 W VINE ST,40507,- WEST 4,2005-06-25,2025-11-07,79,38.049432604464,-84.500968150647
31631,CENTRAL BANK CENTER - EAST 3,430 WEST VINE ST,40507,- EAST 3,2005-06-25,2025-11-07,77,38.049432604464,-84.500968150647
31632,CENTRAL BANK CENTER - WEST 3,430 W VINE ST,40507,- WEST 3,2005-06-25,2025-11-07,84,38.049432604464,-84.500968150647
31634,CENTRAL BANK CENTER - SOUTH 3,430 W VINE ST,40507,- SOUTH 3,2005-06-25,2025-11-07,68,38.049432604464,-84.500968150647
31635,CENTRAL BANK CENTER - RUPP COMMISSARY,430 W VINE ST,40507,- RUPP COMMISSARY,2005-06-25,2025-11-07,99,38.049432604464,-84.500968150647
31636,LEX CNTR CORP MAIN EXPOSITION CENTER,430 WEST VINE STREET,40507,605,2005-06-25,2020-02-21,63,38.049432604464,-84.500968150647
31637,CENTRAL BANK CENTER - EXPRESS 17,430 W VINE ST,40507,- EXPRESS,2005-06-25,2025-11-07,75,38.049432604464,-84.500968150647
31638,LEXINGTON CLUB,170 THE ESPLANADE,40507,11,2005-05-09,2025-12-16,23,38.044644864342,-84.493994225021
31639,LEXINGTON COUNTRY CLUB,2550 PARIS PIKE,40505,11,2005-04-04,2025-08-06,146,38.083593085499,-84.442244715689
31640,LEXINGTON COUNTRY PLACE,700 MASON HEADLEY ROAD,40504,605,2005-04-08,2022-10-11,88,38.035762829503,-84.528695957178
31641,LEXINGTON ICE CENTER,560 EUREKA SPRINGS DRIVE,40517,11,2005-06-02,2025-07-15,73,37.996133589439,-84.457336763346
31643,THE LEXINGTON SCHOOL,1050 LANE ALLEN RD,40504,605,2016-09-27,2025-09-24,41,38.033583138571,-84.554342041712
31644,THE TULIP BISTRO & BAR,355 ROMANY RD,40502,11,2005-05-05,2025-12-09,102,38.019363629128,-84.486029821705
31647,PLAYERS LOUNGE,230 W MAIN STREET,40507,605,2005-05-20,2013-11-18,18,38.047505320114,-84.49837047675
31648,LEXINGTON C.C. SUMMER HOUSE,2550 PARIS PIKE,40511,HOUSE,2005-06-30,2025-07-22,72,38.083593085499,-84.442244715689
31649,LEXINGTON TRADITIONAL MAGNET SCHOOL,350 N LIMESTONE ST,40508,MAGNET SCHOOL,2005-01-05,2025-09-24,87,38.050250705514,-84.491442797355
31651,HANNA'S ON LIME,214 SOUTH LIMESTONE STREET,40508,605,2005-05-10,2019-05-22,63,38.044933222857,-84.498979743664
31652,RISE STEM ACADEMY FOR GIRLS,2420 SPURR ROAD,40511,GIRLS,2005-04-21,2025-09-15,72,38.10429417655,-84.515613922805
31690,LIQUOR BARN,3040 RICHMOND ROAD,40509,607,2005-05-13,2025-11-11,121,38.004497807891,-84.449598639501
31693,FITZ'S SPORTS BAR,209 OLD GEORGETOWN STREET,40508,605,2009-07-01,2020-11-02,68,38.055798944283,-84.502670483261
31695,ROSE & JIM'S,2461 GEORGETOWN RD,40511,605,2005-01-10,2025-08-27,91,38.100889902516,-84.514208235678
31701,LONG JOHN SILVER'S #12,2197 VERSAILLES ROAD,40504,605,2005-04-04,2022-05-04,94,,
31708,NOODLES AND COMPANY,2468 NICHOLASVILLE ROAD,40503,605,2005-02-23,2023-09-19,91,38.00199913509,-84.51975945499
31710,BISCUIT BELLY,652 E MAIN STREET,40508,605,2005-03-09,2025-10-23,87,38.036562772899,-84.486059178159
31711,LONG JOHN SILVER'S #11,4151 TATES CREEK CENTER,40517,605,2005-03-07,2016-03-16,37,37.969054633353,-84.500345088029
31724,LORADALE MARKET,6888 RUSSELL CAVE RD.,40511,11,2005-03-07,2025-11-12,286,38.194675073562,-84.397980170563
31725,LOUDON SQUARE BUFFET,801 NORTH BROADWAY,40508,605,2005-02-03,2022-01-13,151,38.059876539894,-84.484329707954
31736,LYNAGH'S,384 WOODLAND AVENUE,40507,605,2005-01-04,2022-11-02,101,38.034757654997,-84.49557494789
31740,OLD SAN JUAN CUBAN AND LATIN CUISINE,247 SURFSIDE DR.,40503,607,2005-01-27,2023-12-28,109,38.001315094219,-84.517363620512
31744,MALABU PUB AND GRILLE,239 SURFSIDE DR,40503,53,2005-05-17,2025-07-21,98,38.001358108333,-84.517492445577
31760,LITTLE WONDER'S DAYCARE OF LEXINGTON,1961 CAMBRIDGE DRIVE,40504,605,2014-07-31,2016-01-29,5,38.051335653022,-84.546058194724
31761,MARINO'S DAY CARE CENTER,130 WEST FIFTH STREET,40508,605,2005-03-09,2022-10-28,84,38.052901237177,-84.489086560688
31763,MARY TODD ELEMENTARY SCHOOL,551 PARKSIDE DR,40505,SCHOOL,2005-03-28,2025-10-08,82,38.082421663721,-84.453746500612
31765,MAXWELL ELEMENTARY SCHOOL,333 WOODLAND AVE,40508,605,2005-04-12,2025-10-29,82,38.035805759209,-84.494303051529
31766,WEE CARE DAYCARE,455 E MAXWELL ST,40508,605,2005-04-01,2025-11-24,95,38.037226884707,-84.494207910987
31768,MAYFAIR MANOR,3300 TATES CREEK ROAD,40502,605,2005-04-05,2025-12-01,81,37.997990468539,-84.495576985772
31769,MAYFAIR VILLAGE,3310 TATES CREEK ROAD,40502,605,2005-04-05,2025-09-08,127,37.997674602221,-84.495548509327
31770,HARVEY'S,200 W MAIN ST,40507,53,2005-07-19,2025-10-29,70,38.047166005423,-84.498002078022
31771,MCDONALD'S RESTAURANT #4819,357 SOUTH LIMESTONE,40508,#4819,2005-05-03,2025-09-22,112,38.04220558947,-84.503010240669
31772,MCDONALD'S RESTAURANT #989,2321 VERSAILLES RD,40504,#989,2005-01-10,2025-09-29,119,,
31773,MCDONALD'S RESTAURANT #1231,2483 NICHOLASVILLE ROAD,40503,#1231,2005-06-29,2025-07-22,101,38.001278028906,-84.520320638643
31774,MCDONALD'S RESTAURANT #2045,1499 RUSSELL CAVE RD.,40505,#2045,2005-03-11,2025-08-07,148,38.070873442081,-84.477067955211
31775,MCDONALD'S #2918,2359  RICHMOND ROAD,40502,605,2005-06-28,2014-03-25,35,,
31776,MCDONALD'S RESTAURANT #5758,2271 ELKHORN DRIVE,40505,#5758,2005-04-12,2025-09-09,114,38.042188601328,-84.423896331065
31777,MCDONALD'S RESTAURANT #6111,1114 E NEW CIRCLE RD,40505,#6111,2005-03-16,2025-11-10,146,38.034278329491,-84.453808491167
31778,MCDONALD'S,4131 TATES CREEK CTR,40517,605,2005-04-28,2025-08-28,105,37.96950473254,-84.499274254168
31779,CAMBRIDGE PLACE,2020 CAMBRIDGE DRIVE,40504,32,2005-02-07,2025-12-15,85,38.053130031638,-84.549167291545
31780,BAD WOLF BURGERS,1415 LEESTOWN RD,40511,605,2005-06-28,2017-10-04,62,38.064004385888,-84.52099327929
31781,MEADOWTHORPE ELEM SCHOOL,1710 FORBES RD,40511,605,2005-04-26,2025-10-16,78,38.073219438919,-84.526068739989
31782,TRINITY HILLS FOOD SERVICE,3600 TATES CREEK RD,40517,605,2005-05-02,2019-08-06,60,37.982830565434,-84.494645791639
31848,RESERVE AT MERRICK - OUTDOOR,,40502,OUTDOOR,2025-08-29,2025-08-29,1,,
31852,LEXINGTON GRIFFIN GATE MARRIOTT LEXINGTON GRIFFIN GATE MARRIOTT RESORT,,40511,LEXINGTON GRIFFIN GATE MARRIOTT RESORT,2025-07-21,2025-07-21,1,,
31860,MERRICK PLACE COMMODORE - OUTDOOR,,40502,- OUTDOOR,2025-08-19,2025-08-19,1,,
31861,MERRICK PLACE COMMODORE - OUTDOOR THE OAKS CONDOMINIUM - OUTDOOR WADE,,40502,THE OAKS CONDOMINIUM - OUTDOOR WADE,2025-08-19,2025-08-19,1,,
31866,THE METROPOLITAN LEXINGTON - OUTDOOR,,40517,- OUTDOOR,2025-09-12,2025-09-12,1,,
31867,THE METROPOLITAN LEXINGTON - INDOOR,,40517,- INDOOR,2025-09-22,2025-09-22,1,,
31869,PARK HILL APARTMENTS - OUTDOOR,,40502,- OUTDOOR,2025-08-19,2025-08-19,1,,
31875,PATCHEN PLACE APARTMENTS - OUTDOOR,,40517,- OUTDOOR,2025-08-20,2025-08-20,1,,
31877,PINEBROOK APARTMENTS - OUTDOOR,,40502,- OUTDOOR,2025-08-26,2025-08-26,1,,
31878,QUAIL RUN TOWNHOUSES - OUTDOOR HILTON LEXINGTON DOWNTOWN -,,40513,HILTON LEXINGTON DOWNTOWN -,2025-08-27,2025-08-27,1,,
31883,RAINTREE APARTMENTS - OUTDOOR,,40509,- OUTDOOR,2025-08-20,2025-08-20,1,,
31884,RAINTREE APARTMENTS - INDOOR SPA,,40509,- INDOOR SPA,2025-09-03,2025-09-03,1,,
31885,RAINTREE APARTMENTS - INDOOR,,40509,- INDOOR,2025-09-03,2025-09-03,1,,
31892,RICHMOND PLACE - OUTDOOR,,40509,,2025-08-27,2025-08-27,1,,
31902,SOUTHLAND PARK - OUTDOOR WADING,,40508,WADING,2025-08-25,2025-08-25,1,,
31903,SOUTHLAND PARK CITY POOL - OUTDOOR HILL N DALE,,40508,HILL N DALE,2025-08-25,2025-08-25,1,,
31904,SPINDLETOP - OUTDOOR FIXTURE,,40511,FIXTURE,2025-07-23,2025-07-23,1,,
31914,SPINDLETOP - OUTDOOR LANE,,40511,LANE,2025-07-23,2025-07-23,1,,
31917,SPINDLETOP - OUTDOOR DIVING,,40511,DIVING,2025-07-23,2025-07-23,1,,
31920,SPRINGHOUSE APARTMENTS - OUTDOOR,,40503,- OUTDOOR,2025-08-19,2025-08-19,1,,
31930,TABORLAKE SUBDIVISION ASSOCIATION - OUTDOOR,,40502,ASSOCIATION - OUTDOOR,2025-08-28,2025-08-28,1,,
31931,TABORLAKE TOWNHOUSES - OUTDOOR TATES CREEK MANSIONETTES - OUTDOOR WADING,,40502,TATES CREEK MANSIONETTES - OUTDOOR WADING,2025-08-28,2025-08-28,1,,
31935,TATES CREEK PARK - OUTDOOR LAP,,40502,LAP,2025-07-07,2025-07-07,1,,
31953,CASTLEWOOD PARK POOL - OUTDOOR,,40505,- OUTDOOR,2025-08-07,2025-08-07,1,,
31955,THE ELEMENT - OUTDOOR,,40517,,2025-08-19,2025-08-19,1,,
31960,CHINOE CREEK APARTMENTS - OUTDOOR,,40502,- OUTDOOR,2025-09-09,2025-09-09,1,,
31964,TRIPLE CROWN OF TATES CREEK - OUTDOOR,,40517,CREEK - OUTDOOR,2025-08-29,2025-08-29,1,,
31972,CONTINENTAL TOWERS CONDOMINIUM HARRODSHILL ESTATE - OUTDOOR,,40517,HARRODSHILL ESTATE - OUTDOOR,2025-08-21,2025-08-21,1,,
31973,MEALS ON WHEELS,460 E. MAIN STREET,40507,605,2016-11-16,2025-09-30,48,38.041748483447,-84.491907446513
31976,MERRICK INN,1074 MERRICK DRIVE,40502,605,2005-04-27,2021-05-11,87,37.992123652925,-84.492204100018
31980,COVE LAKE APARTMENTS - OUTDOOR CUMBERLAND HILLS SWIMMING POOL,,40502,CUMBERLAND HILLS SWIMMING POOL,2025-08-20,2025-08-20,1,,
31983,MILLCREEK ELEMENTARY SCHOOL,3660 APPIAN WAY,40517,SCHOOL,2005-03-29,2025-10-09,72,37.976618436599,-84.488625715784
31984,CITGO FOOD MART,705 LOUDON AVENUE,40505,607,2005-02-23,2025-11-07,212,38.047633879494,-84.468762001568
31985,LANSDOWNE MARATHON LLC,3527 LANSDOWNE DRIVE,40502,607,2005-05-02,2025-11-03,117,37.986848163207,-84.516235677999
31986,LEXINGTON FOOD MART,100 TIVERTON WAY,40517,610,2005-01-26,2025-11-21,43,37.98019134595,-84.528320296785
31988,G MART,2353 PARIS PIKE,40505,607,2005-02-08,2018-08-20,181,38.079133084779,-84.449975271522
31991,EASTLAND FOOD MART,1541 EASTLAND PARKWAY,40505,610,2005-01-12,2024-01-16,35,38.046105205979,-84.452628398563
31994,BLUEGRASS MART,464 SQUIRES CIRCLE,40515,610,2005-02-03,2025-12-30,380,37.991243072394,-84.448240800734
31995,ATHENS FOOD MART,5522 ATHENS-BOONESBORO ROAD,40509,607,2005-05-13,2023-12-06,278,37.963773025708,-84.390735242169
31999,THE YARD CAFE,375 LISLE INDUSTRIAL RD,40511,605,2005-05-10,2015-10-12,32,38.059767665103,-84.52354956937
32000,HARRODSBURG SQUARE CONDOMINIUM - OUTDOOR,,40504,- OUTDOOR,2025-09-10,2025-09-10,1,,
32011,MORTON MIDDLE SCHOOL,1225 TATES CREEK RD,40502,605,2005-03-30,2025-11-13,71,38.024098337629,-84.491261203523
32018,MIMI'S SOUTHERN STYLE COOKING,126 E NEW CIRCLE ROAD,40505,COOKING,2005-04-22,2025-11-20,180,38.064474900851,-84.469472096119
32019,HARTLAND CLUBHOUSE - OUTDOOR SPA,,40515,OUTDOOR SPA,2025-08-19,2025-08-19,1,,
32022,DURANGO'S MEXICAN RESTAURANT,"2121 RICHMOND ROAD, SUITE 150",40502,11,2005-05-27,2025-10-28,159,,
32034,NORTHERN ELEMENTARY SCHOOL,340 ROOKWOOD PKWY,40505,SCHOOL,2005-02-24,2025-09-18,103,38.062495036283,-84.462507418812
32037,O'CHARLEY'S #209,2895 RICHMOND ROAD,40509,605,2005-05-16,2020-02-24,100,38.006385452582,-84.449825581799
32038,O'CHARLEY'S #212,2270 NICHOLASVILLE ROAD,40503,605,2005-03-10,2019-10-02,81,38.006877728857,-84.518039136277
32040,OFFICE LOUNGE,1533 EASTLAND PARKWAY,40505,605,2005-03-03,2025-10-15,136,38.046065782715,-84.452856814792
32041,HARTLAND CLUBHOUSE - OUTDOOR WADING,,40515,OUTDOOR WADING,2025-08-19,2025-08-19,1,,
32042,OLEIKA SHRINE TEMPLE,326 SOUTHLAND DRIVE,40503,605,2005-01-19,2025-10-07,79,38.016337638064,-84.524488415128
32043,HARTLAND CLUB HOUSE - OUTDOOR,,40515,- OUTDOOR,2025-08-19,2025-08-19,1,,
32044,COMEDY OFF BROADWAY,161 LEXINGTON GRN CIRCLE #C-4,40503,605,2005-06-17,2025-10-21,85,37.992954800994,-84.523973904593
32046,ORIGINAL GREAT AMERICAN COOKIES,3401 NICHOLASVILLE ROAD #134,40503,COOKIES,2005-02-10,2025-08-01,100,37.98845683202,-84.525168704428
32049,YESTERDAYS,828 LANE ALLEN ROAD #150,40504,605,2005-06-30,2025-08-08,36,38.030115838,-84.541417838
32050,PAISANO'S RESTAURANT,2417 NICHOLASVILLE ROAD,40503,11,2005-02-28,2025-07-17,98,38.002985326435,-84.519720863035
32052,DOLLAR TREE #3293,"3120 PIMLICO PKWY, STE. 154",40502,610,2006-07-03,2025-11-06,26,37.986437602225,-84.46117919731
32054,PARKETTE,1230 NEW CIRCLE RD NE,40505,605,2005-01-28,2022-03-04,111,38.031179027101,-84.452860902088
32063,THE POPS APARTMENTS - OUTDOOR,,40509,- OUTDOOR,2025-07-29,2025-07-29,1,,
32071,GREENBRIER COUNTRY CLUB - OUTDOOR,,40509,- OUTDOOR,2025-08-07,2025-08-07,1,,
32072,SADDLEBROOK APARTMENTS - OUTDOOR GRIFFIN GATE - OUTDOOR,,40502,GRIFFIN GATE - OUTDOOR,2025-07-18,2025-07-18,1,,
32077,CLARION HOTEL - INDOOR,,40511,,2025-12-02,2025-12-02,1,,
32082,DAYS INN LEXINGTON - OUTDOOR HYATT REGENCY - INDOOR,,40505,HYATT REGENCY - INDOOR,2025-07-04,2025-07-04,1,,
32086,IDLE HOUR COUNTRY CLUB - OUTDOOR,,40502,- OUTDOOR,2025-09-05,2025-09-05,1,,
32088,TOWNHOMES AT FONTAINE - OUTDOOR,,40502,- OUTDOOR,2025-08-26,2025-08-26,1,,
32097,THE CREEKS ON KIRKLEVINGTON MAA LAKEPOINTE - OUTDOOR,,40517,MAA LAKEPOINTE - OUTDOOR,2025-07-15,2025-07-15,1,,
32103,LAKESHORE VILLAGE - OUTDOOR,,40502,OUTDOOR,2025-08-22,2025-08-22,1,,
32107,LANSDOWNE APARTMENTS - OUTDOOR,,40502,- OUTDOOR,2025-07-23,2025-07-23,1,,
32161,PEPPERHILL PRE-SCHOOL,2104 EASTWAY DRIVE,40503,605,2005-03-30,2021-08-18,70,38.015044914554,-84.52427918338
32163,CHEVRON,4195 TATES CREEK ROAD,40517,610,2005-04-06,2011-05-18,11,37.969817616346,-84.497046812479
32164,PICADOME ELEMENTARY SCHOOL,1642 HARRODSBURG RD,40503,SCHOOL,2005-03-18,2025-09-08,75,38.031284505409,-84.527299247403
32167,BLUESKY BP LLC,3334 CLAYS MILL ROAD,40503,610,2005-05-05,2019-09-18,39,37.996863197986,-84.548270113657
32171,SUBWAY,386 WOODLAND AVENUE,40508,11,2005-01-21,2025-11-05,102,38.034719913917,-84.495626841875
32174,THE WEST INDIES FRIED CHICKEN,2213 VERSAILLES ROAD,40504,605,2005-02-01,2018-01-24,64,,
32181,PIZZA HUT #2971,4157 TATES CREEK ROAD,40517,605,2005-04-11,2012-03-26,29,37.970374921622,-84.497184802045
32182,PIZZA HUT #2967,418 NEW CIRCLE ROAD,40505,605,2005-04-07,2017-08-10,44,38.056587404704,-84.461687706577
32187,NASH'S SOUTHERN TABLE & BAR,286 SOUTHLAND DR,40503,605,2005-06-07,2019-08-23,71,38.015017908512,-84.522920402051
32192,"CENTRO, LOLA II LLC DBA",113 CHEAPSIDE PARK,40507,DBA,2005-06-15,2025-10-28,163,38.047925126482,-84.498501702611
32196,HILTON LEXINGTON MAIN KITCHEN/BAR,369 W. VINE STREET,40507,KITCHEN/BAR,2005-08-03,2025-12-18,197,38.048109322524,-84.500372707066
32198,RAFFERTY'S RESTAURANT & BAR,2420 NICHOLASVILLE RD,40503,605,2005-02-23,2013-12-27,21,38.003002899751,-84.519409554492
32199,TRANSYLVANIA UNIVERSITY CAFE,300 N BROADWAY,40508,605,2005-09-07,2020-09-18,63,38.047618767492,-84.501662211584
32201,RALLY'S #22,1214 SOUTH BROADWAY,40504,605,2005-04-27,2018-06-22,70,38.035775407897,-84.519856154829
32204,KROGER L-720,344 ROMANY RD,40502,607,2005-01-05,2015-02-25,52,38.019667968554,-84.48604997405
32207,FAZOLI'S #1606,130 WINSLOW STREET,40508,605,2005-04-07,2016-10-18,34,38.042058056091,-84.50453434101
32210,EL CENTENARIO,1914 OXFORD CIRCLE,40504,605,2005-03-10,2023-09-01,50,38.049780489669,-84.54196859256
32211,RED LOBSTER #0188,2550 NICHOLASVILLE RD,40503,11,2005-01-10,2025-11-25,109,37.999388692438,-84.520651486366
32213,RED MILE - WAGERS,1101 WINBAK WAY,40504,605,2005-04-01,2025-10-24,109,,
32214,RED MILE FINISH LINE,1101 WINBAK WAY,40504,605,2005-02-14,2019-09-24,56,,
32215,BAYOU BLUEGRASS CATERING@,861 S BROADWAY,40504,42,2005-02-01,2024-06-18,101,38.039903787171,-84.513642196845
32217,SPEARMINT RHINO,5539 ATHENS-BOONESBORO ROAD,40509,605,2005-02-25,2025-09-25,123,37.961488708578,-84.386435590511
32219,RICHMOND PLACE,3051 RIO DOSA DRIVE,40509,11,2005-01-14,2024-05-13,131,38.005594269075,-84.441949533401
32222,BAD WOLF BURGERS,350 FOREMAN AVE,40508,605,2005-12-13,2023-03-16,82,38.040392781047,-84.511198879549
32224,ROSE MANOR,3057 N. CLEVELAND ROAD,40516,605,2005-02-01,2020-02-27,78,38.031354081901,-84.356282887977
32225,BAKERY BLESSINGS & BOOKSTORE @ THE BAR,1999 HARRODSBURG RD,40504,605,2005-05-06,2015-06-06,28,,
32226,JAX,161 LEXINGTON GREEN CIRCLE,40503,605,2005-01-25,2019-12-12,53,37.992954800994,-84.523973904593
32230,RUSSELL CAVE ELEMENTARY,3375 RUSSELL CAVE RD,40511,605,2005-03-07,2025-10-24,87,38.120178110862,-84.445307903667
32234,TRANSYLVANIA UNIVERSITY CAFE,300 NORTH BROADWAY,40508,605,2005-02-07,2021-03-02,76,38.047618767492,-84.501662211584
32239,SALVATION ARMY SHELTER,736 W MAIN ST,40508,605,2005-02-25,2025-12-30,101,38.053835523946,-84.505478542623
32242,SAYRE HEALTHCARE CENTER,3775 BELLEAU WOOD DR.,40517,605,2005-03-07,2025-09-04,90,37.972937311622,-84.505377232988
32244,SAYRE SCHOOL CAFETERIA,194 N LIMESTONE ST,40507,605,2016-09-23,2025-10-20,46,38.048207434487,-84.494291321544
32246,SAYRE CHRISTIAN VILLAGE,3816 CAMELOT DR,40517,605,2005-02-08,2024-01-11,92,37.974236773171,-84.507429782484
32252,CITY BUFFET,262 W  NEW CIRCLE RD,40505,605,2005-01-11,2015-01-21,43,38.068742384661,-84.474206328873
32256,CHUCK E CHEESE,1555 NEW CIRCLE RD,40509,605,2005-02-17,2023-10-04,157,38.018893877591,-84.455940323671
32257,SHRINERS HOSPITAL,1900 RICHMOND ROAD,40502,605,2005-02-24,2016-10-13,31,38.022629172393,-84.470178774156
32258,SIGEE'S,2143 NORTH BROADWAY,40505,605,2005-03-28,2023-03-29,174,38.07742244148,-84.453741701764
32259,SHORT STREET CAFE,219 E SHORT ST,40507,605,2005-05-23,2015-03-31,38,38.044860023624,-84.493692781132
32260,SIR PIZZA,131 EAST REYNOLDS ROAD,40503,11,2005-01-25,2025-08-14,114,37.990802884976,-84.522293718798
32261,MARIKKA'S RESTAURANT,411 SOUTHLAND DRIVE,40503,605,2005-05-24,2025-07-17,71,38.018506943422,-84.526862697687
32262,PIZZA HUT #6006025,393 WALLER AVE,40504,11,2005-03-21,2025-10-16,85,38.030873637403,-84.520059372389
32264,SIR PIZZA COMMISSARY,2604 RICHMOND ROAD,40509,605,2005-03-15,2025-09-29,165,38.011440771292,-84.457285753525
32266,BANGKOK HOUSE,275 AVENUE OF CHAMPIONS - BASEMENT,40508,11,2005-01-31,2025-10-20,124,38.038310780403,-84.500235041955
32267,JOSIE'S GRAB N GO,821 CHEVY CHASE PLACE,40502,11,2005-01-20,2025-12-05,110,38.029097051647,-84.491910066445
32269,1 2 3 EARLY CHILDHOOD CENTER,518 ASH STREET,40508,605,2005-03-24,2012-06-18,15,38.064760392152,-84.501820211594
32277,SOUTHERN ELEMENTARY SCHOOL,340 WILSON DOWNING RD,40517,605,2005-04-15,2025-10-11,90,37.981991191353,-84.515984631265
32278,SOUTHERN MIDDLE SCHOOL,400 WILSON DOWNING RD,40517,605,2005-04-18,2025-10-22,75,37.981003315254,-84.513837118601
32279,300 GRILL SOUTHLAND,205 SOUTHLAND DRIVE,40503,11,2005-01-11,2025-08-19,85,38.012549076224,-84.519564357213
32284,SPEEDWAY #9394,1001 GEORGETOWN RD,40511,607,2005-03-28,2025-08-14,171,,
32285,SPINDLETOP RESTAURANT,3414 IRON WORKS PIKE,40511,11,2005-03-09,2025-12-18,122,38.136444802471,-84.500874386783
32286,SPINDLETOP SNACK BAR,3414 IRON WORKS PIKE,40511,11,2005-05-31,2024-06-11,62,38.136444802471,-84.500874386783
32289,SPRING VALLEY GOLF CLUB,2300 SANDERSVILLE ROAD,40511,605,2005-06-24,2020-07-08,72,38.086702388869,-84.523789626717
32292,SPUDS TAVERN,"3130 PIMLICO PARKWAY, STE. 101",40517,605,2005-04-11,2025-08-13,113,37.986858277476,-84.461595802107
32293,SCHNEIDER ELECTRIC CANTEEN,@ SQUARE D COMPANY,40511,610,2005-01-10,2016-04-19,58,,
32294,R & R ENTERTAINMENT DBA SQUIRES TAVERN,3429 BUCKHORN DR #3,40515,605,2005-01-04,2025-10-03,80,37.976161101173,-84.458018205325
32295,ST. JOSEPH HOSPITAL,1 ST. JOSEPH DRIVE,40504,605,2005-04-20,2022-09-28,97,38.031314711935,-84.521900526356
32299,ST. PETER AND PAUL SCHOOL DAY CARE FOOD,133 BARR ST,40507,605,2016-10-26,2025-10-13,44,38.046947081298,-84.49494634024
32300,COOKOUT,855 S BROADWAY,40504,11,2005-12-16,2025-08-29,93,38.040123310045,-84.5133113563
32302,STELLA'S KY DELI,143 JEFFERSON STREET,40508,605,2005-05-02,2025-11-03,133,38.05274479817,-84.501849692216
32303,STONEWALL ELEMENTARY SCHOOL,3251 CORNWALL DR,40517,605,2005-05-04,2025-09-16,80,37.997860404608,-84.555428528519
32304,BEAR AND THE BUTCHER,815 EUCLID AVE,40502,11,2005-05-13,2025-07-18,94,38.030146686001,-84.491056349494
32307,ZK SUSHI & THAI CUISINE,"115 N. LOCUST HILL, STE. 105",40509,605,2005-01-24,2017-10-10,47,38.00430215422,-84.446092742275
32309,SURVIVORS,161 E. REYNOLDS ROAD,40517,605,2005-03-03,2022-12-15,67,37.990420125629,-84.521064090357
32311,RED STATE BBQ,4020 GEORGETOWN RD,40511,607,2005-03-25,2025-12-01,177,38.138912417553,-84.53476560068
32314,SPEEDWAY #9658,900 WINCHESTER RD,40505,54,2005-06-29,2025-12-03,187,38.041654788321,-84.470499957263
32315,SPEEDWAY #9667,716 NORTH BROADWAY,40508,54,2005-01-28,2025-09-05,164,38.05821530373,-84.486510938357
32316,SPEEDWAY #9675,819 S LIMESTONE ST,40508,54,2005-06-03,2025-07-22,130,38.032717940522,-84.509161167064
32317,SPEEDWAY #9591,2301 VERSAILLES RD,40504,607,2005-05-17,2025-11-19,159,,
32318,SPEEDWAY #9704,447 NEW CIRCLE ROAD,40505,54,2005-01-21,2025-12-01,187,38.055781148967,-84.460559854917
32320,ANNISTON MINI MART,1488 ANNISTON DR,40505,610,2005-04-08,2025-12-10,28,38.056320702477,-84.438218436939
32321,SPEEDWAY #9621,2490 NICHOLASVILLE RD,40503,607,2005-05-12,2025-10-23,137,38.001202288875,-84.520041047295
32322,SPEEDWAY #9593,2900 RICHMOND RD,40509,607,2005-06-16,2025-08-15,131,38.009089785874,-84.454592543329
32323,SPEEDWAY #9512,515 EUCLID AVE,40502,607,2005-01-04,2025-10-03,155,38.033875504893,-84.49526397726
32324,SPEEDWAY #9677,1401 LEESTOWN RD,40511,54,2005-06-28,2025-08-27,197,38.063719596502,-84.520589621378
32398,PAPA JOHN'S PIZZA #88,2467 NICHOLASVILLE RD.,40503,605,2005-05-23,2024-02-05,100,38.001567791165,-84.520218241441
32399,"SOUP BOWL, THE",401 W MAIN ST-SUITE 115,40507,605,2005-05-10,2013-05-23,21,38.04901355511,-84.499859450443
32402,BASKIN ROBBINS ICE CREAM,115 NORTH LOCUST HILL  # 101,40509,605,2005-02-10,2025-09-09,130,38.00430215422,-84.446092742275
32405,TACHIBANA RESTAURANT,785 NEWTOWN COURT,40511,605,2005-02-10,2025-10-28,134,38.077217163395,-84.493473565758
32409,TACO TICO,1483 BOARDWALK,40511,605,2005-01-07,2024-02-08,117,38.072120603551,-84.482935068389
32414,TACO BELL #22292,320 NW NEW CIRCLE RD,40505,605,2005-02-15,2025-10-07,101,,
32416,BP FOOD MART,2312 VERSAILLES ROAD,40504,607,2005-01-04,2025-10-31,99,38.046540883283,-84.553622093778
32420,TATES CREEK ELEMENTARY SCHOOL,1300 CENTRE PKWY,40517,605,2005-05-02,2025-09-09,76,37.980321283259,-84.476585164284
32421,TATES CREEK GOLF CLUB,1400 GAINESWAY DRIVE,40517,605,2005-05-18,2024-01-03,78,37.98670273554,-84.475191103713
32422,TATES CREEK HIGH SCHOOL,1111 CENTRE PKWY,40517,605,2005-03-22,2025-10-17,74,37.983621219364,-84.484517919726
32423,TATES CREEK MIDDLE SCHOOL,1301 CENTRE PKWY,40517,605,2005-03-29,2025-09-09,77,37.979821764867,-84.477702849777
32424,BLUEGRASS CARE AND REHABILITATION CENTER,3576 PIMLICO PARKWAY,40517,32,2005-03-10,2025-09-15,124,37.979838306736,-84.471967730466
32429,THORNTONS #48,1311 VERSAILLES ROAD,40504,607,2005-03-29,2025-11-14,150,38.049929912259,-84.522442583556
32430,THORNTONS #52,1040 GEORGETOWN RD,40508,607,2005-03-22,2025-09-17,132,38.076921306596,-84.506784003428
32431,THORNTONS #51,2300 WOODHILL DRIVE,40509,607,2005-04-01,2025-08-25,140,38.017684054012,-84.456390942423
32432,THORNTONS #53,2291 ELKHORN ROAD,40505,607,2005-01-18,2025-10-03,159,38.041871804117,-84.424236288962
32433,THORNTONS #38,802 N BROADWAY ST,40505,607,2005-05-03,2025-09-09,137,38.059805328996,-84.484212079803
32434,THOROUGHBRED RESTAURANT,1483 LEESTOWN RD,40511,605,2005-03-18,2025-10-16,107,38.065387648617,-84.522953903434
32436,SHERATON FOUR POINTS CAFE,1938 STANTON WAY,40511,605,2005-01-12,2019-08-26,115,38.101605967497,-84.481951226022
32438,TOT 'N' TODDLERS,445 ASBURY LANE,40511,605,2005-02-08,2023-02-21,78,38.078036745125,-84.475968721056
32439,TRINITY BAPTIST CHURCH,1675 STRADER DR,40505,605,2005-04-11,2025-11-21,90,38.03870763515,-84.45946484443
32440,DONG YANG MARKET,"3101 CLAYS MILL RD., STE 102",40503,607,2005-01-27,2025-10-16,194,38.003933324905,-84.544211718628
32442,TWO KEYS TAVERN,333 S. LIMESTONE,40508,605,2005-07-18,2020-03-11,67,38.042722718834,-84.502290854928
32443,HILARY J. BOONE FACULTY CLUB,500 ROSE ST,40506,605,2008-03-06,2019-11-26,57,38.035630802241,-84.502774471733
32445,UK MEDICAL CENTER MAIN KITCHEN,800 ROSE STREET,40536,605,2005-02-22,2016-08-02,36,38.032831817334,-84.506721276415
32446,BLAZER CAFE,343 S MARTIN LUTHER KING BLVD,40506,605,2005-02-15,2017-10-26,37,38.040709135685,-84.501774932742
32450,COMMONS MARKET,770 WOODLAND AVE,40506,605,2005-03-21,2015-04-01,27,38.030418224028,-84.501714656708
32451,K-LAIR GRILL,UK CAMPUS,40506,605,2005-03-25,2013-04-29,21,,
32453,CHICK-FIL-A @ UK,220 AVENUE OF CHAMPIONS,40506,605,2005-02-07,2017-10-24,43,38.039144467869,-84.501358556774
32454,UK CATERING,306 COMPLEX DRIVE A/K/A,40506,605,2005-02-07,2018-11-03,35,,
32456,UK MEDICAL CENTER-COFFEE SHOP,800 ROSE ST,40536,605,2005-02-22,2014-03-18,20,38.032831817334,-84.506721276415
32459,GREAT BAGEL,396 WOODLAND AVENUE,40508,11,2011-08-26,2025-12-10,79,38.03453120852,-84.495886311799
32463,KEENELAND STAND 120,4201 VERSAILLES RD,40510,605,2005-04-14,2025-10-08,81,38.042657946848,-84.60702556961
32466,VFW POST - 680,1494 LEESTOWN ROAD,40511,,2017-01-17,2025-10-30,40,38.065546412655,-84.523397027216
32467,PUDDLE JUMPERS,1183 DEVONPORT DRIVE,40504,31,2005-06-03,2025-10-09,109,38.053785904569,-84.55484256698
32470,PATCHEN PUB,153 PATCHEN DR #29,40517,11,2005-01-26,2024-05-28,99,38.008283771728,-84.455703666047
32472,WAFFLE HOUSE #107,2340 BUENA VISTA RD,40505,605,2005-03-21,2020-12-08,131,38.041540540888,-84.422156112629
32473,WAFFLE HOUSE #505,1943 STANTON WAY,40511,605,2005-04-25,2017-05-04,65,38.102516311155,-84.484063840614
32474,WAFFLE HOUSE #531,5548 ATHENS-BOONESBORO ROAD,40509,605,2005-04-21,2016-06-15,41,37.961389238054,-84.386508446228
32475,WAFFLE HOUSE #654,2203 NORTH BROADWAY,40505,11,2005-01-28,2025-09-09,170,38.07792155371,-84.452645164222
32476,WENDY'S,1792 ALEXANDRIA,40504,605,2005-04-05,2025-09-23,130,,
32477,WENDY'S,2575 NICHOLASVILLE ROAD,40503,605,2005-02-22,2025-08-05,99,38.000170225785,-84.520714861295
32478,WENDY'S,1499 BOARDWALK,40511,605,2005-01-10,2025-09-08,94,38.072602022966,-84.482819527705
32479,LAS RANAS,757 EAST NEW CIRCLE RD.,40505,605,2005-03-03,2019-10-02,48,38.047275133056,-84.453833929327
32480,WENDY'S,3010 RICHMOND ROAD,40509,605,2005-05-31,2025-11-13,109,38.005240710771,-84.450366636483
32481,LOGAN'S ROADHOUSE RESTAURANT,1250 S BROADWAY,40504,605,2005-01-14,2017-06-13,40,38.034916128965,-84.52120358544
32482,PERKINS FAMILY RESTAURANT,2401 RICHMOND RD,40502,605,2005-01-11,2012-01-20,56,38.016249839221,-84.462350278092
32483,ST. JOSEPH'S HOSP. CHILDREN'S CNTR,533 WALLER AVE,40504,605,2005-01-27,2014-01-22,19,38.032979540729,-84.522703420418
32484,CARAMANDA'S BAKE SHOPPE,2901 RICHMOND RD #110,40509,605,2005-01-10,2023-07-19,84,,
32485,CHICK FIL A,295 W. NEW CIRCLE ROAD,40505,605,2005-04-21,2025-10-28,82,38.069427346797,-84.474584130546
32486,WHEELER'S PHARMACY,336 ROMANY RD,40502,607,2005-03-09,2025-09-15,336,38.019901111523,-84.486005393209
32487,WHITE CASTLE #21,307 EAST NEW CIRCLE RD,40505,11,2005-01-28,2025-12-29,115,38.059913737668,-84.4645182678
32491,WHITE CASTLE #22,179 EAST REYNOLDS RD.,40503,605,2005-02-02,2025-09-30,109,37.990167742165,-84.520342603027
32500,WINBURN MIDDLE SCHOOL,1060 WINBURN DR,40511,605,2005-02-23,2025-10-23,85,38.088639813658,-84.478016472095
32502,WINDY CORNER MARKET,4595 BRYAN STATION ROAD,40516,607,2005-03-30,2025-09-18,187,38.104251858172,-84.375700857348
32508,NATICAKES,108 WINSLOW STREET,40508,605,2007-03-20,2015-03-12,21,38.041894822551,-84.50435443057
32511,GRAZE,111 WOODLAND AVE,40502,605,2005-06-03,2021-06-29,59,38.039077680395,-84.489674762715
32512,YATES ELEMENTARY SCHOOL,703 E NEW CIRCLE RD,40505,605,2005-04-12,2025-09-11,94,38.047743898327,-84.453918636475
32515,NEFERTITI,"1301 WINCHESTER RD, SUITE 81",40505,605,2005-03-25,2025-10-15,133,38.042843489057,-84.458376273754
32517,LYNAGH'S SHAMROCK BAR & GRILL,154 PATCHEN DRIVE #87A,40517,605,2005-01-25,2025-12-01,154,38.008354470155,-84.455821142583
32521,CAMPUS PUB LLC,393 WALLER AVE,40504,11,2005-03-01,2025-12-08,126,38.030873637403,-84.520059372389
32947,WALGREENS #17163,878 E HIGH ST,40502,610,2005-02-17,2025-12-01,30,38.028384478423,-84.490360994937
32954,LOCO ICE,2350 WOODHILL,40509,603,2005-04-01,2021-07-16,2,38.017345140045,-84.454949084827
32961,NEW CIRCLE SUNOCO,790 E NEW CIRCLE RD,40505,610,2005-04-28,2025-11-13,45,38.046233021129,-84.454148992828
32962,GOOSE LEXINGTON,170 JEFFERSON ST,40508,11,2009-11-18,2025-12-09,96,38.053134354105,-84.501096531401
32969,STOP N SHOP GROCERY MARKET,570 E 7TH STREET,40508,610,2005-01-11,2018-02-13,52,38.048417656135,-84.475980409554
32971,ALEXANDRIA FOODMART,1768 ALEXANDRIA DR,40504,610,2005-02-25,2022-11-29,33,38.038769088528,-84.552245918021
32973,MARATHON MART,300 N. MARTIN LUTHER KING BLVD,40508,610,2005-02-24,2025-12-03,289,38.048009363626,-84.490799328669
32974,WEST MAIN FOODMART,647 WEST MAIN STREET,40508,610,2005-02-28,2025-10-02,140,38.052359073811,-84.503628098894
32977,SANDS ENTERPRISES OF LEXINGTON,561 BRECKINRIDGE,40508,607,2005-03-23,2022-04-26,124,38.04800817273,-84.477072228652
32986,CAKES AND MORE,2220 NICHOLASVILLE RD #150,40503,605,2005-03-28,2015-01-27,42,38.008008586798,-84.517638342533
32994,MINIT MART #674,435 W NEW CIRCLE ROAD,40511,607,2005-01-11,2023-08-14,153,38.071067491993,-84.476940865282
32996,"COFFEE TIMES, INC",2571 REGENCY RD,40503,607,2005-01-11,2024-02-07,116,38.001324812293,-84.524816531468
32997,WILDCAT MARKET,552  COLUMBIA AVENUE,40508,610,2005-02-10,2022-06-29,103,38.030927417586,-84.497426260774
33007,H & M MARKET,1220 N LIMESTONE ST,40505,610,2005-01-10,2025-12-03,215,38.061563800073,-84.475328590061
33014,SEOUL SUPERMARKET,1085 EAST NEW CIRCLE ROAD #2,40505,610,2005-01-28,2023-03-15,34,38.035489899082,-84.453870937453
33076,MARTINEZ MEXICAN RESTAURANT,1205 VERSAILLES ROAD,40508,605,2005-02-01,2023-01-03,100,38.050081580313,-84.51909123066
33081,WINBURN MINI MART,1116 WINBURN DRIVE,40511,607,2005-02-10,2025-10-10,142,38.08943838619,-84.476047987798
33085,"BUCANAS ENTERTAINMENT , INC",907 WINCHESTER RD,40505,605,2005-02-11,2016-12-05,26,38.041698106902,-84.471388230983
33170,KENTUCKY FRIED CHICKEN,4141 TATES CREEK ROAD,40517,11,2005-05-12,2025-11-14,121,37.970609328566,-84.497242427062
33179,LUNDY'S OF LEXINGTON,1389 PRIDEMORE COURT,40505,605,2005-04-08,2025-11-21,112,38.038526831128,-84.455634314501
33185,GROWING TOGETHER PRE-SCHOOL,599 LIMA DRIVE,40511,605,2005-01-19,2025-08-18,89,38.072835263652,-84.508006095005
33271,KROGER L-407,3101 RICHMOND ROAD,40509,55,2005-01-24,2025-12-03,182,,
33401,OUR MARKET,201 EAST 5TH STREET,40508,610,2005-02-25,2017-01-18,34,38.05091541915,-84.486677411886
33422,FLORENCE AVENUE MARKET,760 FLORENCE AVENUE,40508,610,2005-06-01,2020-10-28,32,38.066463465528,-84.506511438332
33428,FOODLAND MARKET,580 EUREKA SPRINGS DRIVE,40502,610,2005-06-17,2025-11-13,48,37.99598022131,-84.45724247025
33430,FOODLAND MARKET,1416 VERSAILLES ROAD,40504,610,2005-02-10,2025-11-12,36,38.049358969239,-84.5271624427
33451,CRITCHFIELD MEATS FAMILY MARKET,398 SOUTHLAND DRIVE STE #1,40503,MARKET,2005-06-27,2025-12-22,177,,
33459,"PASADENA FUELS, LLC",2397 NICHOLASVILLE RD,40503,610,2005-09-08,2014-10-24,28,38.003570220235,-84.519516577493
33462,GENERAL NUTRITION CENTER #1311,FAYETTE MALL,40503,610,2005-03-10,2022-11-02,21,,
33483,GRIFFITH SUPERMARKET,427 E. SIXTH STREET,40508,610,2005-03-15,2023-11-28,57,38.048795388131,-84.480608412329
33485,PANDA EXPRESS #2625,2399 RICHMOND RD,40502,11,2005-05-20,2025-08-28,79,38.014498609845,-84.460350560872
33487,BENI CORPORATION,831 LANE ALLEN RD,40504,610,2005-01-06,2025-10-14,50,38.02840946147,-84.537569860278
33494,SDA HEALTH FOODS,968 LANE ALLEN RD,40504,610,2005-04-28,2020-10-22,20,38.031257611569,-84.547706007484
33496,HEAVENLY HAM,161 LEXINGTON GREEN CIRCLE,40503,605,2005-01-25,2012-10-01,19,37.992954800994,-84.523973904593
33503,"GREEN LANTERN, THE",497 W 3RD ST,40508,605,2005-02-08,2014-02-06,21,38.054916626641,-84.49845984875
33537,JOT EM DOWN,3299 RUSSELL CAVE RD.,40511,54,2005-03-09,2025-10-29,135,38.11870007152,-84.446692775279
33544,ORLANDO'S,"160 MOORE DRIVE, SUITE 101",40513,607,2005-01-26,2014-01-14,68,38.000200532107,-84.522866892882
33560,LEXINGTON MARKET EAST END,503 E THIRD ST,40508,610,2005-03-11,2020-01-03,43,38.044448533199,-84.485439577899
33565,M & M GROCERY MART,398 EAST 5TH STREET,40508,610,2005-03-28,2025-11-21,62,38.047921189228,-84.483561659507
33567,TASTE OF THAI,101 - 105 WEST MAIN ST.,40507,11,2005-07-01,2025-07-07,113,38.046482525345,-84.497060916133
33579,THE BOURBON BAKERY,720 HENRY CLAY BLVD.,40505,607,2005-01-18,2022-02-10,174,38.037231334424,-84.465027454737
33590,SUBCITY MARKET/BLUE BLOOD LIQUOR,500-502 EAST 7TH STREET,40508,610,2005-05-02,2023-09-26,52,38.049510914229,-84.477470062819
33596,"WILSON'S GROCERY, MEAT & PROD.",1010 CRAMER AVENUE,40502,607,2005-01-06,2023-02-07,148,38.035556417454,-84.477413251586
33879,DIXIE VALUE MART,1875 AUGUSTA DR,40505,607,2005-01-24,2022-10-27,346,38.055309151841,-84.439630967554
34079,PROGRESS MINI MARKET,600 N LIMESTONE ST,40508,610,2005-01-31,2023-12-14,50,38.05387795163,-84.486281274534
34091,ROBERT'S HEALTH FOODS,1020 INDUSTRY RD STE 10,40505,610,2005-01-04,2025-11-05,30,38.043415566099,-84.4602590517
34094,FOUR CORNER STOP,1322 BRYAN AVE,40505,607,2005-03-17,2015-08-17,81,38.05808214317,-84.47096501419
34103,MINIT MART #679,2300 VERSAILLES RD,40504,607,2005-02-15,2023-07-03,156,38.046673831061,-84.551982403759
34104,SPEEDWAY #9393,2290 ELKHORN ROAD,40505,607,2005-01-04,2025-12-05,128,38.042110719212,-84.423789600045
34108,WINBURN FRUIT SUPER MARKET,1198 WINBURN DRIVE,40511,MARKET,2005-01-18,2025-09-26,143,38.087946356489,-84.472689113875
34110,SPEEDWAY #9596,246 SOUTHLAND DR,40503,607,2005-01-14,2025-11-14,127,38.013844345597,-84.521535036479
34136,THRIFTWAY FOOD MART,201 OWLSEY AVENUE,40502,610,2005-02-24,2013-01-08,25,38.033920507916,-84.477399043301
34137,THRIFTWAY FOOD MART #2,299 SHERMAN AVENUE,40502,610,2005-02-24,2023-04-18,50,38.033097930243,-84.471492662578
34138,KY HORSE PARK CAMPGROUND,4089 IRON WORKS PIKE,40511,62,2005-08-26,2024-05-13,74,,
34156,SAVE A LOT NORTH BROADWAY,1235 N. BROADWAY,40505,610,2005-06-01,2025-10-20,36,38.062966591363,-84.479819631802
34275,"NO BAKED LOUISVILLE, LLC",3735 PALOMAR CENTRE DR. STE 220,40513,605,2005-03-21,2020-08-11,65,38.003459531439,-84.571166851002
34281,PDQ DELI AND GROCERY,456 E NEW CIRCLE RD,40505,607,2005-01-24,2023-07-17,189,38.055463078942,-84.460630624337
34288,OLIVE GARDEN ITAL. REST. #1320,3385 NICHOLASVILLE ROAD,40503,605,2005-06-30,2025-10-20,101,37.988741371414,-84.525027573742
34387,KROGER FIELD KITCHEN  SUITE 509 UPPER,1540 UNIVERSITY DR,40506,605,2005-10-29,2025-10-18,68,38.020735764383,-84.509953367431
34395,KROGER FIELD FUNNEL CAKE 2 GATE LOWER,1540 UNIVERSITY DRIVE,40506,605,2005-10-29,2025-10-18,72,38.020735764383,-84.509953367431
34400,KROGER FIELD VENDOR COMMISSIONARY #219,1540 UNIVERSITY DR,40506,605,2005-10-29,2025-10-18,56,38.020735764383,-84.509953367431
34408,KROGER FIELD CONCESSION #119,1540 UNIVERSITY DR,40506,605,2005-10-29,2025-10-18,102,38.020735764383,-84.509953367431
34409,KROGER FIELD CONCESSION #111,1540 UNIVERSITY DR,40506,605,2005-10-29,2025-10-18,98,38.020735764383,-84.509953367431
34427,KROGER FIELD KETTLE KORN GATE 12 UPPER LEVEL,1540 UNIVERSITY DR,40506,603,2005-10-29,2023-09-16,62,38.020735764383,-84.509953367431
34431,CAFE SOUTH @ BAPTIST HEALTH HOSPITAL,1740 NICHOLASVILLE RD,40503,605,2005-03-15,2021-04-26,61,38.019099370202,-84.51375591061
35287,CHINOE PUB,1050 -C  E CHINOE RD,40502,11,2005-03-03,2025-11-24,112,37.998592663848,-84.480352920121
35696,MURPHY'S BAR & GRILL,5532 ATHENS-BOONESBORO ROAD,40509,605,2005-01-06,2016-06-30,47,37.961607174089,-84.38691885839
35716,SOUTH VAN EVENTS,753 E 7TH ST,40505,605,2005-03-10,2015-08-06,30,38.045576048554,-84.471945680453
35742,TOWNHOUSES OF MERRICK - OUTDOOR TRANSYLVANIA UNIVERSITY - INDOOR,,40502,TRANSYLVANIA UNIVERSITY - INDOOR,2025-07-23,2025-07-23,1,,
35744,THE VUE LEXINGTON - INDOOR,,40504,INDOOR,2025-12-19,2025-12-19,1,,
35745,THE VUE LEXINGTON - OUTDOOR,,40504,OUTDOOR,2025-09-10,2025-09-10,1,,
35752,MAA VILLAGE - OUTDOOR,,40517,,2025-08-13,2025-08-13,1,,
35754,WALLER PLACE - OUTDOOR,,40504,,2025-07-21,2025-07-21,1,,
35758,WINAMERE TOWNHOMES ASSN. - OUTDOOR WOLF RUN CONDOMINIUM - OUTDOOR,,40517,WOLF RUN CONDOMINIUM - OUTDOOR,2025-08-29,2025-08-29,1,,
35766,YMCA NO. 1,,40507,,2025-12-17,2025-12-17,1,,
35799,MARATHON FOOD MART,1201 SOUTH BROADWAY,40504,607,2005-01-19,2025-09-12,179,38.036342567242,-84.519394603357
35806,THE MANSION APARTMENTS - OUTDOOR,,40503,- OUTDOOR,2025-09-03,2025-09-03,1,,
35809,LAKES EDGE CONDOMINIUM - OUTDOOR,,40502,- OUTDOOR,2025-07-23,2025-07-23,1,,
35840,JIMMY JOHN'S GOURMET SANDWICH,385 S LIMESTONE ST,40508,605,2005-05-03,2018-04-04,56,38.041806293023,-84.503563112682
35843,WING HUT,1951 NORTH BROADWAY,40505,605,2005-02-15,2018-05-10,43,38.075075736074,-84.457766286583
35860,F & D MARKET,573 ELM TREE LANE,40508,607,2005-03-11,2021-12-01,165,38.050572976099,-84.483155741212
35891,MINIT MART #662,1998 HARRODSBURG ROAD,40503,607,2005-01-20,2023-03-16,165,38.026523027785,-84.534744100293
35907,TACO BELL #22283,2275 NICHOLASVILLE RD,40503,11,2005-05-23,2025-11-10,100,38.006625013849,-84.518437884529
35972,SANDRA'S CAFE AND DELI,6421 ATHENS-BOONESBORO ROAD,40509,605,2005-03-11,2018-09-18,123,37.949129810293,-84.36389438537
35976,KING MJ FOOD MART LLC,649 GEORGETOWN RD,40508,607,2005-03-09,2025-09-11,119,38.065916329307,-84.503136616899
35978,SQUIRES ELEMENTARY SCHOOL,3337 SQUIRES OAK DR,40515,605,2005-03-16,2025-10-20,84,37.969156451023,-84.457147950258
36043,LEX-AVI FOODSYSTEMS BLDG 32,740 NEW CIRCLE RD  BLDGS 32-35,40511,605,2005-03-10,2019-07-22,57,38.073357419009,-84.487867818728
36048,PORTOFINO,"249 E MAIN ST, STE 102",40507,605,2005-05-11,2019-12-26,107,38.043744748173,-84.493980733688
36067,GREENBRIER COUNTRY CLUB - OUTDOOR WADING,,40509,- OUTDOOR WADING,2025-08-07,2025-08-07,1,,
36080,TATES CREEK PARK ZERO DEPTH - OUTDOOR,,40502,DEPTH - OUTDOOR,2025-07-07,2025-07-07,1,,
36088,KYHP - PINK CLOUD - IRONWORKS CAFÉ,4089 IRON WORKS PIKE,40511,11,2005-05-25,2025-12-15,97,,
36123,SUBWAY #2819,409 WALLER AVENUE,40504,605,2005-06-20,2025-10-14,110,38.031809210322,-84.521313480392
36200,CRUMZZ BAR AND GRILL,"395 SOUTH LIMESTONE, STE. 110",40508,605,2005-01-13,2020-02-21,73,38.041663687149,-84.503760566972
36203,SPARK BY HILTON LEXINGTON HAMBURG,,40505,HAMBURG,2025-11-21,2025-11-21,1,,
36228,BLACKBURN CORRECTION FACILITY,,40511,FACILITY,2025-10-30,2025-10-30,1,,
36229,DEEP SPRINGS ELEMENTARY SCHOOL,,40505,SCHOOL,2025-09-17,2025-09-17,1,,
36232,INSOMNIA COOKIES,433 JERSEY ST,40508,605,2005-05-18,2025-10-22,92,38.043590495506,-84.502139329103
36263,PALOMAR HILLS - OUTDOOR ADULT,,40513,ADULT,2025-08-27,2025-08-27,1,,
36270,REDROOF INN & SUITES - OUTDOOR,,40505,- OUTDOOR,2025-07-31,2025-07-31,1,,
36275,SHILLITO PARK CITY POOL - OUTDOOR SHILLITO PARK,,40503,SHILLITO PARK,2025-08-21,2025-08-21,1,,
36302,D&J'S THE MONTESSORI WAY,550 EUREKA SPRINGS DRIVE,40517,605,2006-11-20,2011-01-10,15,37.996211582979,-84.457375809576
36348,"CHASE, THE",135 NORTH BROADWAY,40507,605,2005-04-25,2013-03-14,10,38.049526575351,-84.499117368795
36365,SQUIRES ELEMENTARY SCHOOL,,40517,,2025-10-20,2025-10-20,1,,
36515,SIR PIZZA,3341 POST ROAD,40503,605,2005-03-22,2014-05-21,18,37.993512001515,-84.546399069707
36606,NORTH LIME COFFEE & DONUTS,3101 CLAYS MILL ROAD 300A,40503,605,2005-02-09,2025-11-17,92,38.003933324905,-84.544211718628
36607,LEONARDO'S CAFE,120 E. MAIN STREET,40507,605,2005-01-05,2012-04-19,12,38.046039834948,-84.496764508504
36635,RALLY'S #23,2975 RICHMOND ROAD,40509,605,2005-02-15,2022-11-15,119,,
36726,SKILAR STOP LLC,641 RED MILE ROAD,40504,610,2005-02-10,2023-04-13,46,38.048763341174,-84.523245038326
36806,THE HONEY BAKED HAM COMPANY,2600 NICHOLASVILLE RD,40503,COMPANY,2005-01-10,2025-10-17,113,37.999009450468,-84.520788372536
37018,RICHMOND RD BP,2221 RICHMOND RD,40502,607,2005-01-10,2024-02-13,162,,
37058,WALNUT HILL DAY SCHOOL,,40515,,2025-12-08,2025-12-08,1,,
37059,TRINITY CHRISTIAN ACADEMY LOWER SCHOOL,,40515,LOWER SCHOOL,2025-10-10,2025-10-10,1,,
37068,LUNDY'S CATERING - MOBILE UNIT,1389 PRIDEMORE COURT,40505,605,2009-06-05,2023-10-16,5,38.038526831128,-84.455634314501
37333,CROSSINGS LEXINGTON,117 N LIMESTONE ST,40507,605,2005-03-10,2025-11-03,78,38.046929693584,-84.496386764818
37356,DOUBLE TREE GUEST SUITES,2601 RICHMOND ROAD,40509,11,2005-01-05,2025-08-28,89,38.01084497667,-84.455803348217
37650,CHATHAM'S SOUTHERN COMFORT FOOD,496 EAST HIGH STREET,40507,605,2005-02-04,2017-10-03,45,38.036860189828,-84.492973349258
37812,NORTHPOINT HEALTHCARE CENTER,1500 TRENT BLVD.,40515,605,2005-06-02,2023-10-24,96,37.966954214966,-84.476822989726
37896,CORTO Y LIMA,221 N LIMESTONE ST,40507,605,2005-06-06,2023-12-18,76,38.048589218659,-84.493965512108
38315,ATHENIAN GRILL,313 S ASHLAND AVE,40502,605,2005-01-14,2025-08-25,94,38.031104637015,-84.490323403366
38324,OWL HOOT SHOP,650 KENNEDY RD,40511,605,2005-02-18,2021-03-25,91,38.072214934329,-84.498194241462
38409,BRANDYWINE APT CLUBHOUSE - OUTDOOR,,40515,- OUTDOOR,2025-08-11,2025-08-11,1,,
38411,BRANDYWINE APT BACK - OUTDOOR,,40515,- OUTDOOR,2025-08-11,2025-08-11,1,,
38412,PALOMAR HILLS - OUTDOOR WADE,,40513,WADE,2025-08-27,2025-08-27,1,,
38413,PALOMAR HILLS - OUTDOOR LAP SPARK BY HILTON LEXINGTON HAMBURG-,,40513,SPARK BY HILTON LEXINGTON HAMBURG-,2025-08-27,2025-08-27,1,,
38415,SPINDLETOP - OUTDOOR WADING GRIFFIN GATE - VILLAGE GREEN,,40511,GRIFFIN GATE - VILLAGE GREEN,2025-07-23,2025-07-23,1,,
38432,CRACKER BARREL OLD COUNTRY STORE #77,2220 ELKHORN RD,40505,STORE #77,2005-02-28,2025-10-09,176,38.044867388112,-84.422848791537
38434,GREENBRIER CC SNACK BAR,2179 BAHAMA ROAD,40509,11,2005-06-15,2025-08-07,72,38.02652988507,-84.384789415539
38514,FIREBROOK FIREBROOK ESTATES - OUTDOOR,,39401,FIREBROOK ESTATES - OUTDOOR,2025-07-03,2025-07-03,1,,
38574,TWO KEYS LIQUOR & MERCANTILE,325 S LIMESTONE ST #101,40508,610,2005-05-17,2012-01-03,15,38.042895655199,-84.50206850817
38575,HAPPY DRAGON,1510 NEWTOWN PIKE,40511,605,2005-01-31,2023-01-11,157,38.087028286874,-84.489634954236
38576,CHURCH OF GOD CONCESSION,3500 VERSAILLES RD,40510,11,2017-06-23,2025-11-17,31,38.043981422739,-84.579177359286
38743,YESTERDAYS,410 W VINE ST,40507,605,2005-05-20,2019-10-25,76,38.049316781514,-84.501044692312
38744,INDI'S FAST FOOD,670 NORTH BROADWAY,40508,11,2005-02-11,2025-09-04,119,38.057589985358,-84.487423585716
38961,CENTRAL CHRISITAN CHILD CARE,266 E SHORT ST,40507,605,2005-02-24,2017-09-15,35,38.044164630014,-84.493100993174
38962,JOE BOLOGNA'S RESTAURANT,120 W MAXWELL ST,40508,11,2005-05-18,2024-05-24,107,38.043874435329,-84.501912487074
38966,BAR-Y-DAY CAMP,,40504,,2025-07-24,2025-07-24,1,,
39211,"TANBARK, THE",1121 TANBARK ROAD,40515,605,2005-05-18,2023-05-26,74,37.968198545835,-84.494745680665
39214,CINCO DE MAYO,122 W. MAXWELL ST.,40508,11,2014-04-25,2025-10-08,94,38.043880990975,-84.501919833918
39671,STORMING CRAB,4009 NICHOLASVILLE RD,40503,11,2005-01-05,2025-07-15,149,37.980370264556,-84.528552219725
39909,WENDY'S RESTAURANT,2296 THUNDERSTICK DRIVE,40505,605,2005-08-24,2025-08-15,89,38.041777836052,-84.425923536418
39910,KOI EXPRESS LEXINGTON INC,3029 RICHMOND ROAD,40509,11,2005-04-18,2024-05-23,111,38.003308694215,-84.446808400406
39912,MINIT MART #681,2297 THUNDERSTICK DRIVE,40505,607,2005-01-18,2023-03-10,233,38.041626247677,-84.425795529656
40343,KROGER L-371,3650 BOSTON ROAD,40514,55,2005-03-09,2025-11-20,165,37.98048457978,-84.551138754078
40357,TACO BELL #31595,1962 HARRODSBURG RD,40503,605,2005-01-24,2025-09-23,111,38.027145518937,-84.533665276028
40531,SAVE A LOT WINCHESTER ROAD,1301 WINCHESTER RD STE #99,40505,610,2005-01-05,2024-01-17,36,38.042843489057,-84.458376273754
40751,KEARNEY HILLS GOLF CONCESSION STAND,3403 KEARNEY ROAD,40511,603,2005-01-25,2023-12-22,96,38.120290462548,-84.535190627146
40797,MOVIE TAVERN,133 N.LOCUST HILL DRIVE,40509,605,2005-01-25,2015-05-11,52,38.005078203238,-84.444633496607
40798,NATIONAL ACADEMY,3500 ARBOR DR,40517,605,2005-03-24,2018-10-24,61,37.96966262762,-84.475608766308
40915,SPEEDWAY #9699,803 SOUTH BROADWAY,40504,54,2005-01-07,2025-12-10,151,38.041295946129,-84.512202773991
40951,LEXINGTON GREEN MOVIES 8,200 LEXINGTON GREEN CIRCLE,40503,605,2005-04-01,2014-04-15,19,37.994140842372,-84.526595879393
41125,MARATHON SPEAKS,1900 NEWTOWN PIKE,40511,607,2005-04-14,2025-10-09,134,38.095554515104,-84.486268477911
41126,BANNERS,3650 BOSTON RD STE A,40514,11,2005-06-16,2025-11-14,100,37.98048457978,-84.551138754078
41167,1 2 3 EARLY CHILDHOOD CENTER,549 HOLLOW CREEK RD,40511,605,2005-05-16,2013-07-22,18,38.076205723775,-84.479872587718
41375,NAZ THREE BP,781 E NEW CIRCLE RD,40505,610,2005-03-29,2025-09-05,229,38.047065405416,-84.453812476883
41379,PANERA BREAD #825,2573 RICHMOND RD STE 100,40502,605,2005-01-05,2023-02-08,98,,
41435,SUBWAY,3650 BOSTON ROAD,40514,605,2005-01-06,2025-08-04,87,37.98048457978,-84.551138754078
41508,PORTER MEMORIAL BAPTIST CHURCH,4300 NICHOLASVILLE ROAD,,,2016-10-26,2018-05-08,21,37.974269270598,-84.530628980848
41646,OUTBACK STEAKHOUSE #1812,"127 W. TIVERTON DR., STE 184",40503,605,2005-01-10,2019-06-13,67,37.981152821875,-84.53132802812
41689,"ADVENTURE CENTER, LLS",1440 FORBES ROAD,40511,605,2005-01-21,2016-02-17,24,38.06673371103,-84.519832647478
41696,COMFORT INN & SUITES,,40505,,2025-12-08,2025-12-08,1,,
41700,STOP-N-SHOP GROCERY MARKET,930 WEST HIGH STREET,40508,610,2005-03-25,2012-08-13,35,38.050508876669,-84.510934855005
41853,CHEF DOUG'S GOURMET FOOD,1039 INDUSTRY RD,40505,605,2005-03-10,2020-06-03,64,38.04428858528,-84.460591647431
42004,RACQUET CLUB BAR & GRILL,3900 CROSBY DR,40515,605,2005-01-26,2017-06-01,39,37.967215577942,-84.48886325557
42070,THORNTONS #90,1120 WINCHESTER RD,40505,607,2005-01-03,2025-10-14,182,38.042195130325,-84.464397609142
42078,MINIT MART #671,3790 PALOMAR CENTRE DRIVE,40504,607,2005-02-07,2023-07-21,126,38.006285492735,-84.573091735205
42181,LANCASTER AQUATIC CENTER UK SPORTS CENTER,,,UK SPORTS CENTER,2025-12-11,2025-12-11,1,,
42242,ANDOVER GOLF AND COUNTRY CLUB,3450 TODDS RD,40509,605,2005-03-24,2016-07-14,36,38.00293916993,-84.414561899389
42361,MINIT MART #665,101 LEXINGTON GREEN,40503,610,2005-03-25,2023-09-13,29,37.99268567872,-84.523124984942
42485,WOODLAND EARLY LEARNING CENTER,575 WOODLAND AVENUE,40502,605,2005-01-31,2025-09-05,80,38.032769014995,-84.498597969299
42487,GOLD STAR CHILI,FAYETTE MALL,40503,605,2005-02-23,2023-11-21,101,,
42504,DOUBLETREE GUEST SUITES - OUTDOOR SHILLITO PARK APARTMENTS - OUTDOOR,,40509,SHILLITO PARK APARTMENTS - OUTDOOR,2025-08-20,2025-08-20,1,,
42655,"TOT'S LANDING LEARNING CTR,INC",3501 BEAVER PLACE RD,40503,605,2005-05-23,2024-01-25,71,37.980492420222,-84.538066818482
42656,RALLY'S # 25,410 GEORGETOWN ROAD,40508,605,2005-03-11,2022-11-23,122,38.061333997144,-84.501467215466
42658,P L DUNBAR HIGH SCHOOL,1600 MAN-O-WAR BLVD,40515,605,2016-09-23,2025-09-12,35,38.017800964696,-84.57519981492
42659,P L DUNBAR HIGH SCHOOL,,40515,,2025-09-12,2025-09-12,1,,
42754,THE LEXINGTON MONTESSORI,,40504,,2025-10-07,2025-10-07,1,,
42866,CRITCHFIELD MEATS,2220 NICHOLASVILLE RD STE. 166,40503,607,2005-03-21,2020-02-07,107,38.008008586798,-84.517638342533
42873,MCDONALD'S RESTAURANT,3765 PALOMAR CENTRE,40503,605,2005-03-17,2025-08-28,98,38.004699442113,-84.572972445624
42875,FAITH LUTHERAN CHILDCARE MINISTRIES,1000 TATES CREEK RD,40502,11,2005-02-16,2025-11-19,99,38.026423049844,-84.490842991452
43021,LITTLE CAESAR'S PIZZA #1584,115 N. LOCUST HILL,40509,605,2005-02-14,2014-09-22,29,38.00430215422,-84.446092742275
43023,PINE MEADOWS HEALTH CARE,1608 HILL RISE DRIVE,40504,605,2005-03-18,2025-08-08,91,38.046841877785,-84.533509171925
43115,MOE'S SOUTHWEST GRILL,"3401 NICHOLASVILLE RD, FC-6",40503,11,2005-06-08,2024-06-12,116,37.98845683202,-84.525168704428
43116,WALMART #4607 KROGER L-721,3735 PALOMAR CENTER,40503,KROGER L-721,2005-03-14,2025-11-06,146,38.003459531439,-84.571166851002
43117,PANDA GARDEN,3401 NICHOLASVILLE RD FC-10,40503,11,2005-02-23,2025-11-06,137,37.98845683202,-84.525168704428
43118,SBARRO'S ITALIAN EATERY - FAYETTE MALL,FAYETTE MALL,40503,605,2005-05-05,2025-10-02,115,,
43186,LANA'S BAKE SHOP,3401 NICHOLASVILLE ROAD FC-9,40503,605,2005-06-24,2022-05-09,100,37.98845683202,-84.525168704428
43188,GREEK GYRO'S,3401 NICHOLASVILLE RD STE B202,40503,605,2005-06-08,2013-02-26,23,37.98845683202,-84.525168704428
43189,SARKU JAPAN,"3401 NICHOLASVILLE RD, SP#FC-5",40503,11,2005-02-10,2025-11-21,115,37.98845683202,-84.525168704428
43192,POKE LIFE,3401 NICHOLASVILLE RD STE FL-07,40503,605,2005-03-23,2025-09-12,87,37.98845683202,-84.525168704428
43195,BOMBAY EXPRESS,3401 NICHOLASVILLE RD  UNIT FC-3,40503,605,2005-03-25,2012-07-11,17,37.98845683202,-84.525168704428
43235,STEIN'S,450 SOUTHLAND DRIVE STE B,40503,11,2005-01-11,2025-07-18,89,38.019331950421,-84.527768331536
43370,PAD THAI RESTAURANT,4101 TATES CREEK RD,40517,605,2005-01-06,2011-12-05,18,37.971195019528,-84.497387411267
43388,FAZOLI'S - #1607,3775 HARRODSBURG ROAD,40503,605,2005-03-17,2025-09-24,97,,
43424,MAXWELL ST. PRESBYTERIAN CHURCH,180 E. MAXWELL STREET,40508,605,2005-03-01,2025-09-05,87,38.041546977326,-84.499270695509
43483,PAPA JOHN'S #54,3735 HARRODSBURG RD #240,40503,605,2005-04-04,2025-10-06,161,,
43559,LA PETITE ACADEMY,1009 WELLINGTON WAY,40513,605,2005-03-14,2017-10-13,36,38.004928146373,-84.56918802087
43589,SWEET MANGO,389 ROSE STREET,40508,605,2005-03-17,2015-09-01,29,38.03817212821,-84.499397389821
43813,TAZA,543 SOUTH LIMESTONE,40508,605,2005-05-18,2020-02-21,52,38.039105445096,-84.506804500916
43814,SHEPHERD'S HOUSE,154 BONNIE BRAE DRIVE,40508,605,2005-01-07,2018-05-03,53,38.036469049696,-84.51022636533
43877,PLANET THAI,2417 NICHOLASVILLE ROAD,40503,11,2005-01-20,2025-08-13,112,38.002985326435,-84.519720863035
43927,THOMPSON CATERING @TRANE CAFETERIA,1515 MERCER RD,40511,605,2005-01-09,2014-07-21,27,38.075007025457,-84.514311956471
43965,UK BASEBALL CONCESSION STAND,HAGAN BASEBALL STADIUM,40506,605,2005-05-13,2018-05-12,31,,
44092,"LHY WELLNESS, LLC",2909 RICHMOND ROAD,40509,610,2005-03-07,2023-08-31,28,38.005984188764,-84.449315606281
44178,RESIDENCE INN,1080 NEWTOWN PIKE,40511,54,2005-05-12,2024-05-28,116,38.077820210393,-84.493611687134
44228,KEENELAND CORPORATE BOX,4201 VERSAILLES RD,40510,605,2005-04-14,2025-10-08,99,38.042657946848,-84.60702556961
44250,SWEET CREATIONS BAKERY & EVENTS,2312 PALUMBO DR #110,40509,605,2005-02-03,2024-01-05,128,38.022463486377,-84.45398440287
44287,LEXINGTON GRIFFIN GATE MARRIOTT GOLF COURS KITCHEN,1800 NEWTOWN PIKE,40511,11,2005-01-27,2024-05-23,77,38.093151772206,-84.487008625878
44452,"MIYAKO, LLC",2547 RICHMOND ROAD,40509,11,2005-06-30,2024-06-24,133,38.01131256018,-84.456708966602
44537,COPPERFIELD SWIM CLUB - OUTDOOR,,40514,- OUTDOOR,2025-08-27,2025-08-27,1,,
44538,COPPERFIELD SWIM CLUB - OUTDOOR WADING,,40514,- OUTDOOR WADING,2025-08-27,2025-08-27,1,,
44580,ANDOVER POOL SNACK SHOP,3450 TODDS ROAD,40509,603,2005-06-01,2016-06-21,19,38.00293916993,-84.414561899389
44583,CHENGS RESTAURANT,3101 CLAYS MILL RD #302,40503,11,2005-04-29,2025-10-14,108,38.003933324905,-84.544211718628
44641,SUBWAY,1423 - A LEESTOWN ROAD,40511,11,2005-06-08,2025-10-24,117,38.064167122679,-84.521223940954
44650,KROGER L-721,4750 HARTLAND PARKWAY,40515,607,2005-08-01,2023-10-09,163,37.960989548405,-84.480744164403
44731,JOE'S MARKET,215 E. SEVENTH STREET,40508,607,2005-04-06,2023-09-18,252,38.053067362661,-84.481515181267
44742,VALLEY INC,1816 OXFORD CIRCLE,40504,605,2005-02-02,2011-07-26,19,38.048528028661,-84.539642195558
44790,GIUSEPPE'S,4456 NICHOLASVILLE ROAD,40515,11,2005-03-02,2025-07-16,101,37.968112682386,-84.532567913254
44885,PIZZA HUT #2970,3630 BOSTON ROAD,40514,605,2005-01-12,2020-02-05,81,37.981038513844,-84.550806393624
44911,THE OTHER BAR,319 -A S LIMESTONE,40508,605,2005-01-13,2019-04-25,69,38.043025357473,-84.501901748101
44915,PAPA MURPHY'S,4101 TATES CREEK CTR DR #128,40517,605,2005-01-19,2018-06-29,56,37.96993417395,-84.497580956576
45031,WYNDHAM DOWNS - OUTDOOR MAIN,,40514,MAIN,2025-08-27,2025-08-27,1,,
45032,WYNDHAM DOWNS MAIN POOL- OUTDOOR,,40514,OUTDOOR,2025-08-27,2025-08-27,1,,
45061,SOUTHERN HILLS UNITED METH.,2356 HARRODSBURG ROAD,40503,605,2005-02-17,2025-09-19,99,38.020850626459,-84.543631397485
45109,KENTUCKY BRATS & DOGS,3330 PARTNER PLACE   STE #19,40503,603,2005-05-13,2017-06-22,46,37.995773592138,-84.546697690661
45117,SAM'S CLUB #8188,1063 NEW CIRCLE RD,40505,607,2005-02-15,2025-12-02,146,38.036332358536,-84.454060331923
45248,WINCHELL'S REST. & SPORTS BAR,348 SOUTHLAND DRIVE,40503,605,2005-03-07,2025-09-15,108,38.01681031876,-84.52505501261
45280,HOOTERS,3101 RICHMOND ROAD STE 15,40509,605,2005-04-18,2025-10-21,131,,
45419,CONSOLIDATED BAPTIST CHURCH,1625 RUSSELL CAVE RD.,40511,36,2005-03-24,2025-12-02,96,38.077522622341,-84.472097016517
45420,FRIENDSHIP TOWERS @ SAYRE CHRISTIAN VILLAGE,580 GREENFIELD DRIVE,40517,605,2005-02-08,2025-09-04,80,37.973320967633,-84.505197988011
45421,TACO BELL #4653,1065 NEW CIRCLE RD,40505,605,2005-04-06,2025-10-14,104,38.036262329212,-84.454047973814
45453,"HIBACHI BUFFET, INC",180 EAST NEW CIRCLE RD,40505,605,2005-02-16,2023-09-20,212,38.063081572161,-84.468052030181
45621,CHRYSALIS HOUSE/FAMILY PROGRAM,120 CHRYSALIS CT,40508,605,2005-02-01,2021-11-04,68,38.0438871487,-84.499354004491
45726,MI PEQUENA HACIENDA,3501 LANSDOWNE DR,40517,605,2005-01-12,2025-08-12,122,37.988576012554,-84.514945899322
45989,POUR DECISIONS,233 EAST MAIN STREET,40507,605,2021-07-28,2022-03-03,7,38.044029062538,-84.494303311145
46294,PAPA JOHN'S #40,2937 RICHMOND RD,40509,605,2005-01-11,2025-11-18,139,38.004745766062,-84.449132059886
46445,SUBWAY,690 E. NEW CIRCLE RD,40505,605,2005-03-16,2024-01-29,181,38.048475541162,-84.454495961672
46590,FAZOLI'S #1624,2200 NICHOLASVILLE RD.,40503,605,2005-01-05,2025-10-24,111,38.008434073624,-84.517487085637
46591,SUBWAY #7507,"4218 SARON DR., SUITE 2",40515,11,2005-01-25,2025-11-13,126,37.967535169945,-84.502211676283
46762,CHRYSALIS HOUSE,251 E MAXWELL ST,40508,605,2005-02-07,2021-05-26,85,38.040399196403,-84.497786512913
46766,SPEEDWAY #9651,5360 ATHENS-BOONESBORO ROAD,40509,607,2005-06-15,2025-12-01,155,37.964324192097,-84.391653852618
46898,MINIT MART #677,1975 NICHOLASVILLE RD,40503,607,2005-02-16,2023-03-28,174,38.011824493738,-84.516593856051
46959,RABBIT RUN REC CNTR - OUTDOOR WADING,,40503,- OUTDOOR WADING,2025-08-27,2025-08-27,1,,
46961,RABBIT RUN RECREATION CNTR - OUTDOOR,,40515,CNTR - OUTDOOR,2025-08-27,2025-08-27,1,,
47024,DEEPROYAL 8 LLC DBA SUBWAY,115 N LOCUST HILL DR  STE #103,40509,605,2005-04-15,2025-08-14,106,38.00430215422,-84.446092742275
47076,TCHOUPITOULAS,1401 N. FORBES ROAD,40511,605,2005-04-08,2017-08-18,37,38.064369361235,-84.519693595443
47138,COMMON GROUNDS COFFEE HOUSE & CAFE',343 EAST HIGH STREET,40507,605,2005-02-23,2021-01-05,92,38.040921394877,-84.49429620175
47139,DARIO'S,1401 HARRODSBURG RD BLDG C,40504,605,2005-06-03,2018-05-01,47,,
47226,GEORGETOWN CAFE,891 GEORGETOWN ST.,40508,605,2006-03-13,2021-05-24,71,38.070303563149,-84.504571863158
47306,CATHEDRAL KITCHEN- CHRIST THE KING,299 COLONY BLVD,40502,605,2016-10-25,2025-09-30,44,38.022297560736,-84.488140182827
47339,EL CIELO BAR,1418 VILLAGE DRIVE,40504,605,2005-02-07,2014-09-19,21,38.048527057683,-84.549071676633
47340,DOMINO'S PIZZA,828 LANE ALLEN RD,40504,605,2005-06-17,2025-08-07,66,38.030115838,-84.541417838
47344,SPEEDWAY #9304,3197 CLAYS MILL RD,40503,607,2005-06-01,2012-02-07,26,38.001688993296,-84.545591078081
47379,"FATBURGER, THE",1539 EASTLAND PKWY STE. 100,40505,605,2005-03-03,2015-06-29,27,38.046090713646,-84.452686367899
47380,THORNTONS #89,441 REDDING ROAD,40517,54,2005-02-01,2025-11-25,126,37.983217865984,-84.495696134638
47447,VIRGINIA PLACE DAY CARE,1156 HORSEMAN'S LANE,40504,605,2005-01-26,2020-01-30,67,38.042692199824,-84.526926945565
47516,RAMSEY'S TC,4053 S #35 TATES CREEK ROAD,40515,605,2005-01-11,2023-06-07,91,,
47556,FAYETTE CO. CO-OP EXT. SERVICE,1140 HARRY SYKES WAY,40504,605,2005-02-10,2020-10-13,64,,
47738,CAMPUS KIDS,1165 CENTRE PARKWAY #225,40517,605,2005-01-21,2025-11-06,88,37.982516247265,-84.483817463363
48036,CENTENARY CHURCH,2800 TATES CREEK RD,40502,605,2017-01-05,2025-11-03,39,38.009372569056,-84.495508330998
48041,SCAPA,,40503,,2025-10-20,2025-10-20,1,,
48160,GOLDEN WOK,3101 RICHMOND ROAD  # 302,40509,11,2005-04-08,2025-11-18,123,,
48161,RAISING CANE'S CHICKEN FINGERS - C641,2555 NICHOLASVILLE ROAD,40503,605,2005-04-07,2025-08-05,95,38.000426011359,-84.520624330435
48239,NANNY & PAPPY'S FRUIT MARKET,1330 N LIMESTONE ST,40505,610,2005-01-24,2011-04-22,15,38.062344502038,-84.474196772557
48258,SPEEDWAY #9728,3660 BOSTON RD,40514,607,2005-02-11,2025-11-24,130,37.980159243433,-84.551334469049
48277,STEAK EXPRESS,125 SOUTHLAND DRIVE,40503,605,2005-02-07,2025-11-14,126,38.011991786421,-84.518464546026
48291,WALGREENS #18111,3349 TATES CREEK RD,40502,610,2005-05-17,2025-12-09,34,37.995919771881,-84.495711224299
48292,WALGREENS #19741,"3120 PIMLICO PKWY, STE 178",40517,610,2005-02-04,2023-11-30,27,37.986437602225,-84.46117919731
48294,WALGREENS #19672,"4101 TATES CREEK RD, STE 156",40517,610,2005-01-11,2025-12-01,28,37.971195019528,-84.497387411267
48298,RITE AID #1015,3101 CLAYS MILL RD,40503,610,2005-02-14,2016-08-04,22,38.003933324905,-84.544211718628
48299,WALGREENS #19740,3735 PALOMAR CENTER DRIVE-#80,40513,610,2005-05-27,2025-10-31,29,38.003459531439,-84.571166851002
48306,YU YU ASIAN MARKET,"393 WALLER AVE., UNIT 1",40504,610,2006-11-29,2023-08-21,55,38.030873637403,-84.520059372389
48387,ARBY'S,410 W. VINE ST.,40507,605,2005-01-18,2019-11-05,74,38.049316781514,-84.501044692312
48396,BRONTE BISTRO - JOSEPH BETH BOOKSELLERS,161 LEXINGTON GREEN CIRCLE,40503,605,2005-06-16,2025-08-05,126,37.992954800994,-84.523973904593
48510,GIOVANNI'S PIZZA,4214 SARON DR,40515,11,2005-05-06,2025-11-19,82,37.967636024795,-84.502239691509
48520,NEW GREAT WALL,393 WALLER AVE. #14,40504,605,2005-02-22,2020-10-14,141,38.030873637403,-84.520059372389
48565,KID'S PLACE SNACK SHACK,3992 W. TIVERTON COURT,40515,605,2005-06-14,2020-10-16,76,37.982240896583,-84.531994572394
48669,SHILLITO PARK CITY - OUTDOOR SHILLITO PARK WADING,,40503,SHILLITO PARK WADING,2025-08-21,2025-08-21,1,,
48691,TACO TICO PIMLICO PKWY,3110 PIMLICO PKWY,40517,605,2005-01-25,2025-11-24,74,37.986079134804,-84.460636864105
48726,CARAMEL CARNIVAL,FAYETTE MALL,40503,605,2005-04-01,2014-04-09,20,,
48765,UNIVERSITY CLUB OF KY,4850 LEESTOWN RD,40511,605,2005-07-25,2025-11-12,106,38.122562300567,-84.60617492925
48825,MINIT MART #678,4201 SARON DRIVE,40515,607,2005-01-21,2023-08-01,168,37.967950646226,-84.502518501793
48865,LITTLE CAESARS PIZZA,2003 VERSAILLES ROAD,40504,605,2005-01-06,2025-10-23,100,,
48874,LUCKYS MARKET,"1030 S BROADWAY, STE B",40504,607,2005-04-06,2018-03-06,32,38.03808243971,-84.516279575827
49035,MAN-O-WAR GOLF,1201 MAN O'WAR BLVD,40513,610,2005-06-17,2020-11-18,21,38.036858822925,-84.592548277279
49084,TATTOO CHARLIE'S OF LEXINGTON,,40505,LEXINGTON,2025-07-28,2025-07-28,1,,
49085,SIR PIZZA,1064 S BROADWAY PLACE,40504,605,2005-03-08,2025-10-22,108,38.037491061255,-84.517219663662
49093,FOLIAGE CHINESE RESTAURANT,3650 BOSTON RD  STE H,40514,605,2005-02-25,2025-08-15,96,37.98048457978,-84.551138754078
49129,WATERFORD SWIM AND RACQUET - OUTDOOR,,40515,- OUTDOOR,2025-07-23,2025-07-23,1,,
49130,WATERFORD SWIM AND RACQUET - OUTDOOR,,40515,- OUTDOOR,2025-07-23,2025-07-23,1,,
49132,PARKHILL SUBWAY,3120 PIMLICO PKWY    # 144,40517,605,2005-02-22,2023-03-22,105,37.986437602225,-84.46117919731
49170,BELLA CAFE AND GRILL,890 E HIGH ST,40502,11,2005-04-27,2025-08-11,86,38.0278743416,-84.490477801992
49212,ORANGE LEAF FROZEN YOGURT,325 ROMANY RD,40502,605,2005-02-02,2017-04-03,29,38.02018805409,-84.485721681738
49229,ARBY'S - PALOMAR,3745 HARRODSBURG RD,40503,605,2005-02-23,2025-09-04,88,,
49234,OASIS MEDITERRANIAN  CAFE,868 -B E HIGH ST,40502,605,2005-01-14,2022-07-13,112,38.028644766623,-84.490292342543
49294,DISMAS CHARITIES LEXINGTON,909 GEORGETOWN ROAD,40511,605,2005-01-14,2025-08-18,87,,
49315,FAMILY DOLLAR STORE #8191,"2051 RICHMOND RD.,STE.105",40502,610,2005-04-04,2024-02-09,33,,
49479,INTERMEZZO CAFE,120 PATTERSON DRIVE,40506,605,2005-06-15,2022-10-03,62,,
49545,FAMILY DOLLAR STORE #5187,401 RACE ST,40508,#5187,2005-03-14,2025-10-24,28,38.045467506255,-84.484374047263
49548,WAL-MART STORES #2060,3180 RICHMOND RD,40509,610,2005-05-10,2018-06-13,23,38.001432465282,-84.446394549313
49627,CLARKS PUMP & SHOP #36/CHEVRON,1971 N BROADWAY,40505,607,2005-05-25,2025-08-11,125,38.075151859626,-84.457642913927
49634,KYIRA SUSHI,"1093 S BROADWAY, STE 1150",40504,11,2005-02-01,2025-07-24,97,38.036902411845,-84.518427859108
49684,PENN STATION,2121 RICHMOND RD STE. 100 - IDLE HR CTR,40502,610,2005-01-10,2025-11-03,184,,
49701,SUBWAY,410 W VINE ST,40507,605,2005-05-19,2019-04-26,69,38.049316781514,-84.501044692312
49749,MR. KAN'S CHINESE FOOD,410 W VINE ST  SUITE 119,40507,605,2005-05-19,2019-10-09,38,38.049316781514,-84.501044692312
49867,PAPA JOHN'S PIZZA #32,1650 BRYAN STATION RD #105,40505,605,2005-03-01,2024-02-01,156,38.060545619244,-84.46321099488
49868,RALLY'S #27,125 NEW CIRCLE RD NE,40505,605,2005-02-01,2022-12-07,159,,
49872,SHAMROCK BAR & GRILL,4750 HARTLAND PARKWAY #128,40515,605,2005-03-10,2023-09-19,98,37.960989548405,-84.480744164403
49981,CHUY'S LEXINGTON,3841 NICHOLASVILLE CENTER ROAD,40503,605,2005-01-06,2025-07-22,109,37.982834533096,-84.528499496881
50075,CAMPESTRE,910 BEAUMONT CENTRE PARKWAY,40513,11,2005-03-25,2025-08-28,85,38.013602399384,-84.555193965898
50117,KROGER L-359,1650 BRYAN STATION RD,40505,607,2005-02-24,2025-09-04,186,38.060545619244,-84.46321099488
50119,BURGER KING #8249,4200 SARON DR,40515,11,2005-05-19,2025-11-13,102,37.967985654375,-84.502380096628
50229,WAH MEI,"4750 HARTLAND PKWY, STE 110",40515,11,2005-06-02,2025-07-15,137,37.960989548405,-84.480744164403
50280,ASIAN WIND RESTAURANT,"3735 PALOMAR CTR. DR., STE 40",40513,11,2005-01-28,2025-09-26,127,38.003459531439,-84.571166851002
50321,MAGEE'S BAKERY,726 E MAIN ST,40502,605,2005-05-18,2022-12-15,143,38.035832649473,-84.485258282967
50438,MINIT MART #668,3110 RICHMOND ROAD,40509,607,2005-03-21,2023-07-12,175,38.002784704971,-84.447813463313
50583,FAZOLI'S #1658,4204 SARON DR.,40515,605,2005-05-19,2025-09-03,94,37.96788734558,-84.502340087246
50611,WESTERN LITTLE LEAGUE @ CARDINAL RUN & WOLF RUN PA,PO BOX 4622,40544,605,2007-01-03,2021-05-20,66,,
50629,LEXINGTON FAIRFIELD INN & SUITES,,40513,INN & SUITES,2025-11-06,2025-11-06,1,,
50631,MINIT MART #670,1070 NEWTOWN PIKE,40511,607,2005-02-04,2023-01-24,111,38.077209286211,-84.493868892328
50640,SUNSET STRIPS,410 W. VINE STREET,40507,605,2005-05-19,2019-11-05,65,38.049316781514,-84.501044692312
50711,LEXINGTON FAST PITCH SOFTBALL,CONSTITUTION PARK,40505,603,2006-06-01,2020-02-25,38,,
50715,SOUTHEASTERN  BABE RUTH(13-15),VETERANS PARK - SARON DR,40517,605,2006-05-11,2019-04-15,32,,
50717,ROOSTERS,2640 RICHMOND RD,40509,11,2005-03-10,2025-07-10,131,38.010266413172,-84.455937876318
50802,SOUTH LEXINGTON YOUTH BASEBALL (4-12),3500 SHILLITO PARK DRIVE,40514,605,2012-03-28,2023-04-14,31,37.981851978381,-84.5353707133
50945,DIXIE YOUTH BASEBALL (6-12),MARY TODD PARK,40505,603,2006-06-01,2009-04-29,3,,
51036,HENDERSON ECLECTIC EMPORIUM,800 E. MAIN STREET,40502,610,2014-11-25,2019-01-08,13,38.03510885342,-84.484456019494
51071,EASTERN LITTLE LEAGUE,@ ECTON PARK & TURKEYFOOT RD.,40522,603,2008-04-07,2023-04-19,15,,
51188,SPEEDWAY #9332,911 BEAUMONT CENTRE PRKY,40513,607,2005-02-02,2025-10-10,180,38.014210908876,-84.555271462604
51322,ESTEPP'S SUBWAY,1951 STANTON WAY,40511,605,2005-02-15,2025-10-22,143,38.102391303182,-84.483726840037
51398,MILK AND HONEY PRESCHOOL,2700 TODDS ROAD,40509,605,2005-02-02,2025-10-15,94,38.009609801426,-84.441261887782
51520,DAILY GRIND,361 NEW CIRCLE ROAD N.E.,40505,605,2013-01-04,2013-06-05,3,,
51662,ROYAL LEXINGTON APARTMENTS - OUTDOOR,,40504,- OUTDOOR,2025-08-27,2025-08-27,1,,
51713,LEXINGTON BAPTIST TEMPLE DAYCARE,1100 ARMSTRONG MILL ROAD,40517,605,2005-03-08,2018-08-23,56,37.981387191982,-84.491645679593
51715,SPEEDWAY #9334,2910 TATES CREEK RD,40502,607,2005-02-22,2025-10-16,139,38.008005411155,-84.495747784114
51932,VERIDIAN OF LEXINGTON APARTMENTS - OUTDOOR,,40515,APARTMENTS - OUTDOOR,2025-09-16,2025-09-16,1,,
51944,LEXINGTON FAIRFIELD INN - INDOOR,,40513,INN - INDOOR,2025-12-09,2025-12-09,1,,
51962,FAYETTE COUNTY PRESCHOOL,465 SPRINGHILL DRIVE,40503,605,2005-06-07,2025-09-19,72,38.02761285382,-84.524417230766
51963,GAME DAY SPORTS BAR,367 E MAIN ST,40507,605,2005-06-15,2013-12-02,20,38.042020485512,-84.492021058462
52037,BURGER KING #8725,3348 CLAYS MILL RD,40503,11,2005-01-19,2025-10-14,104,37.996366396828,-84.548577464433
52206,UNIQUE FOOD MART LLC,1396 LEESTOWN ROAD,40511,54,2005-06-28,2025-07-25,160,38.063759389288,-84.52033164038
52248,KING OF FOOD,"208 LEGENDS LANE, STE 105",40505,605,2005-01-04,2022-05-26,127,38.064001563589,-84.478533530915
52291,TACO BELL #16531,4191 TATES CREEK CENTRE DRIVE,40517,605,2005-05-12,2025-10-06,111,37.968594061533,-84.502559612336
52351,CHINA KING,1497 ALEXANDRIA DR.,40504,605,2005-05-26,2022-11-11,128,38.046930658296,-84.552009830369
52401,MARATHON,274 NEW CIRCLE ROAD NE,40505,610,2005-04-14,2025-11-05,40,,
52604,CENTRAL CATERING @FASIG TIPTON,2400 NEWTOWN PIKE,40511,605,2005-02-03,2012-09-27,21,38.109195682761,-84.482197165649
52852,TONY ROMA'S,161 LEXINGTON GRN CIRCLE #A-28,40503,605,2005-06-29,2012-08-29,21,37.992954800994,-84.523973904593
52854,SUMO,1030 S BROADWAY  STE #2,40504,11,2005-05-10,2025-10-24,203,38.03808243971,-84.516279575827
52855,CHILDREN'S TREEHOUSE OF KNOWLEDGE,309 OHIO STREET,40508,605,2005-03-14,2025-08-19,93,38.045863267222,-84.488125951017
53014,WOODHILL MOVIES 10,425 CODELL DRIVE,40509,605,2005-05-04,2016-04-22,27,38.02036748907,-84.452335350877
53016,UK EARLY CHILDHOOD LABORATORY,8 ERIKSON HALL,40506,605,2005-04-21,2015-11-20,20,,
53502,SOUTHLAND PARK AQUATIC FAC.,HILL-N-DALE DR,40503,11,2005-07-05,2024-06-12,59,,
53503,WOODLAND SWIMMING POOL,PARK AVENUE,40502,605,2005-06-15,2023-08-08,57,,
53562,CHRIST CHURCH CATHEDRAL,166 MARKET ST,40507,605,2017-03-29,2025-08-21,34,38.049202887742,-84.496197719125
53663,OUR MAGIC YEARS CHILDCARE CTR.,"866 GEORGETOWN ST., BLUE BLDG",40511,605,2005-03-15,2015-12-17,23,38.069824095071,-84.504260436332
53846,TOT'S LANDING,2245 GULFSTREAM DRIVE,40504,605,2005-04-07,2023-08-14,88,38.020777697802,-84.550270714602
53922,PREFERIDA SUPERMARKET,1801 ALEXANDRIA DR. # 172,40504,54,2005-01-12,2025-09-29,482,38.036272089506,-84.551366449014
53940,DONATO'S PIZZA,728 E. MAIN STREET,40502,605,2005-03-09,2025-10-03,88,38.035814941741,-84.485238654117
53966,SWEET MAGNOLIA/DOTTIE'S PIES,1050 CHINOE SHOPPING VILLAGE,40502,605,2005-01-04,2013-10-17,21,,
53969,WAFFLE HOUSE #1055,3040 LAKECREST CIRCLE,40513,605,2005-02-03,2025-10-07,110,,
54015,NORTH BROADWAY ENTERPRISES INC,2115 N BROADWAY,40505,610,2005-06-27,2023-09-05,37,38.077207509817,-84.454209775179
54104,FIRST CHOICE CHILD CARE CENTER,505 KINGSTON RD,40505,605,2005-02-15,2025-08-07,92,38.084150277903,-84.448457115914
54106,LEXINGTON GOLF & TRAVEL AKA CHEETAH'S,1101 EAST NEW CIRCLE ROAD,40505,605,2005-03-29,2025-11-11,102,38.034714143855,-84.453636256977
54276,"6 BROTHERS, INC",268 JEFFERSON STREET,40508,607,2005-02-25,2012-08-27,49,38.054717927281,-84.498899901463
54279,LEXINGTON INN,,40505,,2025-12-04,2025-12-04,1,,
54282,CURRY HOUSE,2220 NICHOLASVILLE RD,40503,605,2005-02-03,2022-08-17,108,38.008008586798,-84.517638342533
54375,THE PRETZEL TWISTER,3401 NICHOLASVILLE RD K-2,40503,605,2005-02-10,2025-08-25,107,37.98845683202,-84.525168704428
54376,TILTED KILT PUB EATERY,"1030 S BROADWAY, STE 1",40504,11,2005-01-03,2025-07-25,60,38.03808243971,-84.516279575827
54377,CHINA KING,1650 BRYAN STATION RD #132,40505,11,2005-02-05,2025-08-27,152,38.060545619244,-84.46321099488
54402,ARBY'S,5522 ATHENS-BOONESBORO ROAD,40509,605,2005-01-12,2015-01-12,34,37.963773025708,-84.390735242169
54404,HICKORY FARMS #13261,3473 NICHOLASVILLE RD,40503,610,2005-12-06,2019-07-16,15,37.987665475603,-84.525581236995
54410,STANDING ROOM ONLY,123 W. SIXTH ST.,40508,11,2005-04-22,2025-12-17,57,38.054407838737,-84.486838545806
54476,SONIC 3209,1026 S BROADWAY,40504,11,2005-04-18,2024-05-08,117,38.038152013646,-84.516168977259
54656,COLES 735 MAIN,735 EAST MAIN ST,40502,605,2005-04-14,2025-11-12,106,38.036063841926,-84.485321419888
54852,JALAPENO'S RESTAURANT,"1030 S. BROADWAY, SUITE 200",40504,11,2005-03-24,2025-07-07,137,38.03808243971,-84.516279575827
54921,COMMON GROUNDS,1100 S LIMESTONE ST.,40507,605,2005-03-25,2022-04-12,57,,
54922,LIQUOR BARN @ CORNER DELI,921 BEAUMONT CENTRE PKWY,40503,DELI,2005-01-18,2025-12-10,184,38.014696225509,-84.555771541364
54924,CVS PHARMACY #6940,318 SOUTHLAND DRIVE,40503,610,2005-05-11,2011-04-06,11,38.016165754175,-84.52428237968
54982,"AMERICAN MULTI-CINEMA, INC",3151 MAPLELEAF DR.,40509,605,2005-02-01,2019-10-22,70,38.006314662953,-84.424940844635
54983,SUBWAY,210 OLD MT. TABOR RD.,40502,605,2005-02-14,2020-09-25,80,38.00766627181,-84.492696285517
54985,MCCARTHY'S IRISH BAR,117 S UPPER ST,40507,605,2005-01-19,2025-08-22,85,38.047083579434,-84.498143787499
55047,CHEDDAR'S #2125,3604 WALDEN DRIVE,40517,11,2005-01-03,2025-12-09,129,37.982436535113,-84.49640150664
55114,JY KITCHEN,1006 DELAWARE AVE,40505,42,2005-06-29,2025-10-03,75,38.038604199313,-84.470622078874
55119,"CAFE ESTELLE, DBA, ESTELLE'S HEART",900 N BROADWAY,40505,607,2005-04-21,2018-06-29,81,,
55166,NORTHERN CAL RIPKIN,612 BRYANWOOD PKWY,40505,605,2005-04-14,2023-05-09,52,38.056229791618,-84.451789624323
55186,COOL NATE'S,333 NEWTOWN PIKE,40508,605,2006-03-06,2019-02-28,29,38.059292699557,-84.501324920357
55300,PAW PAW PLANTATION,398 A CAUDILL RD,40380,610,2005-08-27,2018-06-30,11,37.830051128606,-83.857112349107
55380,SOUTHEASTERN CAL RIPKIN VETERANS PARK,650 SOUTHPOINT DR,40515,605,2005-05-11,2022-10-12,47,37.956101598669,-84.506649385515
55505,SUTTON'S RESTAURANT,110 N. LOCUST HILL,40509,42,2005-02-11,2025-11-26,99,38.004092826799,-84.446205234695
55507,CVS PHARMACY #7618,3605 WALDEN DRIVE,40517,610,2005-01-03,2025-10-29,27,37.98181996964,-84.497154338506
55582,NAGASAKI INN,435 REDDING ROAD,40517,605,2005-03-11,2014-08-16,30,37.983430950135,-84.496149338964
55651,TENNIS & AQUATIC DAY CAMPS SHILLITO PARK,,40503,SHILLITO PARK,2025-07-24,2025-07-24,1,,
55660,GYROZ EATERY,393 WALLER AVE #16,40504,605,2005-02-22,2023-10-13,168,38.030873637403,-84.520059372389
55701,JASMINE RICE THAI RESTAURANT,911 WINCHESTER RD,40505,11,2005-04-27,2024-05-22,152,38.041717688653,-84.471145417154
55735,MAD MUSHROOM PIZZA,341 -B S  LIMESTONE ST,40508,605,2005-01-27,2014-09-09,28,38.042513727068,-84.502580489474
55898,LYSA SOCCERPLEX,MASTERSON STATION PARK,40511,605,2006-05-27,2016-03-07,14,,
55899,LITTLE RASCALS,1410 NORTH FORBES ROAD,40511,605,2005-01-21,2014-01-29,24,38.066102709431,-84.5197321808
56130,S-N-C MARKET AND DELI,368 OHIO STREET,40508,610,2005-11-01,2015-06-29,21,38.046584761014,-84.48684197772
56132,DONATO'S PIZZA - BEAUMONT CTR.,3070 LAKECREST CIRCLE,40513,11,2005-01-24,2025-12-08,93,38.017008723007,-84.554645519714
56134,BELLA NOTTE ITALIAN TRATTORIA,3715 NICHOLASVILLE RD,40503,11,2005-06-08,2025-07-15,120,37.983633380616,-84.527273019654
56136,TOT'S LANDING,140 PROSPEROUS PLACE,40509,11,2005-02-02,2024-06-18,91,38.002182114476,-84.442017287203
56137,LITTLE DAY ACADEMY,848 N LIMESTONE,40505,605,2005-02-08,2016-11-15,26,38.058020563416,-84.480394426426
56195,CHURRERIA LA CONEJA & ANTOJITOS MEXICANOS,895 N.  BROADWAY,40505,605,2005-02-10,2025-09-25,89,38.06058105713,-84.483308157946
56249,"ALMOST HOME CHILDCARE, INC.",235 WALTON AVE,40502,605,2005-05-18,2015-01-08,21,38.040364128481,-84.480960414432
56360,CHURCH OF THE GOOD SHEPHERD,533 E MAIN ST,40508,605,2017-04-03,2025-10-29,44,38.038474250332,-84.4880075404
56507,KIDS 'R' KIDS,131 N. EAGLE CREEK,40509,605,2005-01-28,2020-10-12,73,37.999965171386,-84.440876790634
56508,SUBWAY #18997,3061 FIELDSTONE WAY,40513,605,2005-04-04,2025-10-29,117,38.013771147251,-84.557217481748
56509,MASALA INDIAN CUISINE,"3061 FIELDSTONE WAY, SUITE 600",40513,11,2005-01-13,2025-10-20,156,38.013771147251,-84.557217481748
56602,BRU BURGER BAR,3010 LAKECREST CIRCLE,40513,605,2005-01-10,2025-10-13,97,,
56665,ST. PETER & PAUL MIDDLE SCHOOL,,40507,SCHOOL,2025-09-09,2025-09-09,1,,
56836,MCDONALD'S,1950 STANTON WAY,40511,605,2005-02-03,2025-10-13,104,38.101811058703,-84.482504117594
56865,RONALD MCDONALD HOUSE,550 COOPER DRIVE,40502,605,2016-11-17,2025-09-03,42,38.025015015789,-84.49982156798
56945,THE SAGE RABBIT,438 S ASHLAND AVE,40502,605,2005-07-11,2025-08-20,83,38.029600425123,-84.492190757624
56946,SPEEDWAY #9395,2301 PARIS PIKE,40505,54,2005-01-12,2025-11-07,146,38.078829696561,-84.450507269181
56948,SPEEDWAY #9398,3393 TATES CREEK RD,40502,54,2005-01-19,2025-12-11,137,37.992859691742,-84.495288277339
57009,PENN STATION,"1080 S. BROADWAY, SUITE 101",40504,11,2005-03-23,2025-07-25,204,38.037212765512,-84.517662057938
57053,BLAZE PIZZA,341 S LIMESTONE,40508,605,2005-01-27,2017-09-12,44,38.042513727068,-84.502580489474
57078,LIFE BREW PUB,2628 RICHMOND RD,40509,605,2005-03-09,2018-05-10,53,38.010492152728,-84.456196252863
57081,MARY QUEEN HOLY ROSARY SCHOOL,605 HILL N DALE,40503,SCHOOL,2016-09-06,2025-10-16,40,38.015327340809,-84.539234310147
57177,FIT FRESH FOODS LLC,3882 MALL ROAD,40503,605,2005-03-29,2014-07-15,21,37.983284849723,-84.53193076358
57232,QUINN CHAPEL CHILD CARE CENTER,744 CHARLES AVENUE,40508,CENTER,2005-05-06,2025-10-02,110,38.060145287398,-84.50219065997
57407,FAMILY DOLLAR STORE #3032,1301 WINCHESTER RD STE 225,40505,#3032,2005-03-24,2025-09-22,41,38.042843489057,-84.458376273754
57589,SAN FRANCISCO BAKERY,1930 OXFORD CIRCLE,40504,607,2005-07-27,2012-06-01,37,38.049110180701,-84.542730932267
57642,TRUST LOUNGE,123 W. MAIN STREET,40507,605,2011-09-08,2017-01-13,14,38.046594958289,-84.497185841599
57693,MANCINO'S,1590 -A LEESTOWN RD,40511,605,2005-04-06,2025-11-13,97,38.066956448992,-84.525437687434
57694,HANANOKI JAPANESE STEAKHOUSE & SUSHI,3284 EAGLE VIEW LANE,40509,605,2005-04-06,2016-06-21,46,38.000070579028,-84.44300124239
57760,SHAKESPEARE AND CO. - CHINOE,1060 CHINOE RD #104,40502,605,2005-06-28,2017-06-12,26,37.997769521367,-84.48071491237
58004,"JAP GASOLINE, LLC",2001 VERSAILLES ROAD,40504,62,2005-03-03,2025-10-14,155,,
58029,BUFFALO WILD WINGS #15,1080 S BROADWAY,40504,11,2005-03-08,2025-11-17,99,38.037212765512,-84.517662057938
58315,CLARK'S PUMP N SHOP NEW CIRCLE,313 NW NEW CIRCLE RD,40505,NEW CIRCLE,2005-03-07,2025-08-28,203,,
58508,ROSA PARKS ELEMENTARY,,40513,,2025-09-11,2025-09-11,1,,
58509,ROSA PARKS ELEMENTARY,1251 BEAUMONT CTR LN,40513,605,2005-04-11,2025-09-11,91,,
58584,LEXINGTON JUNIOR ACADEMY,968 LANE ALLEN RD,40504,605,2005-03-03,2023-01-23,95,38.031257611569,-84.547706007484
58668,MARATHON FOOD MART,1840 BRYAN STATION ROAD,40505,607,2005-01-04,2025-10-01,203,38.064345570953,-84.451602804602
58671,FAMILY DOLLAR #2571,481 WEST NEW CIRCLE RD #6 & #7,40511,610,2005-04-13,2025-12-22,32,38.071111764426,-84.477029410128
58672,FAMILY DOLLAR #1920,1600 LEESTOWN RD,40511,610,2005-01-07,2025-11-06,32,38.067140773235,-84.525708417293
58673,VETERANS PARK ELEMENTARY SCHOOL,,40515,SCHOOL,2025-10-22,2025-10-22,1,,
58718,KEENELAND ENTERTAINMENT CENTER,4201 VERSAILLES RD,40510,11,2005-03-03,2024-05-30,66,38.042657946848,-84.60702556961
58721,VETERANS PARK ELEMENTARY SCHOOL,4351 CLEARWATER WAY,40517,SCHOOL,2005-04-26,2025-10-22,86,37.960129204716,-84.501558230379
58838,TARGET STORE 1094,1940 PAVILLION WAY,40509,607,2005-02-25,2025-09-05,143,38.022208556614,-84.416997611031
58842,HIBARI MARKET,435 REDDING ROAD,40516,610,2005-04-05,2014-06-25,17,37.983430950135,-84.496149338964
58942,THE BEER TRAPPE,811 EUCLID AVENUE,40508,53,2005-06-03,2025-12-19,76,38.030187131274,-84.491101211196
59136,BLOCKBUSTER,2925 RICHMOND ROAD,40509,610,2005-02-09,2011-07-07,9,38.005183915816,-84.448845496175
59137,FIVE GUYS,2467 NICHOLASVILLE RD STE 120,40503,11,2005-12-15,2025-11-17,71,38.001567791165,-84.520218241441
59138,JET'S PIZZA,4222 SARON DRIVE,40515,610,2005-12-15,2022-01-11,99,37.967429499018,-84.502187545058
59139,KOREANA RESTAURANT,2360 WOODHILL DR  B15,40509,605,2005-06-23,2025-10-15,88,38.017278403734,-84.454660885066
59209,FAZOLI'S #1785,1840 ALYSHEBA WAY,40509,605,2005-06-20,2025-11-07,146,38.017971011746,-84.4201824597
59210,GOLDEN BUFFET,2907 RICHMOND RD,40509,605,2005-01-04,2023-10-23,182,38.00610259328,-84.449382387602
59239,MULLIGAN'S GARDENSIDE CAFE,1804 ALEXANDRIA DR,40504,605,2005-07-07,2013-11-20,23,38.036279375194,-84.551202342445
59244,SPEEDWAY #9402 LA GUADALUPANA,3151 TODDS RD,40509,LA GUADALUPANA,2005-01-10,2025-09-23,175,38.008973197155,-84.421731539341
59335,MINIT MART #663,4560 IRON WORKS PIKE,40511,607,2005-03-01,2023-03-08,272,38.148860108166,-84.540521612156
59336,PENN STATION,2220 NICHOLASVILLE ROAD,40503,11,2005-01-26,2025-07-22,159,38.008008586798,-84.517638342533
59379,ENCLAVE HARTLAND - OUTDOOR,,40515,,2025-08-22,2025-08-22,1,,
59608,COSMIC CHARLIE'S,388 WOODLAND AVENUE,40502,605,2005-01-04,2016-06-22,19,38.034682172838,-84.495678735859
59609,LA GUADALUPANA,1533 EASTLAND PKWY. #8,40505,54,2005-03-17,2024-06-03,210,38.046065782715,-84.452856814792
59610,SUBWAY,785 NORTH BROADWAY,40508,605,2005-03-25,2017-01-10,42,38.059525952038,-84.484823635287
59830,MALONE'S - DRAKE'S,3347 TATES CREEK RD,40502,11,2005-04-04,2025-11-10,121,37.996000547936,-84.495719520212
59875,PAPA JOHN'S #29,4250 SARON DR,40515,605,2005-04-26,2025-10-23,123,37.96670295647,-84.502154513869
59949,TRADER JOE'S - STORE 627,2326 NICHOLASVILLE RD.,40503,627,2005-06-01,2025-09-09,103,38.005075133952,-84.518670935691
59951,SOUTH LEXINGTON BABE RUTH,BASEBALL @ SHILLITO PARK,40514,603,2009-04-09,2021-04-02,12,,
60105,SUGANO'S,1533 EASTLAND DRIVE #7,40505,605,2005-05-05,2016-06-29,37,38.046065782715,-84.452856814792
60137,THE PINNACLE - OUTDOOR - YEAR-ROUND,,40513,- YEAR-ROUND,2025-08-12,2025-08-12,1,,
60138,THE PINNACLE - OUTDOOR,,40513,,2025-08-13,2025-08-13,1,,
60151,CHILI'S SOUTHWEST GRILL & BAR,2851 RICHMOND RD,40509,& BAR,2005-07-05,2025-10-07,97,38.006515466609,-84.450941974536
60153,MINIT MART #653,5521 ATHENS-BOONESBORO ROAD,40509,607,2005-05-25,2023-07-12,159,37.961589844519,-84.386626047404
60322,WILLIAMS-SONOMA #310,@ FAYETTE MALL,40503,607,2005-02-10,2019-01-08,92,,
60543,T.G.I. FRIDAYS,1916 PAVILION WAY,40509,605,2005-04-12,2020-01-13,97,38.021202372991,-84.417759027171
60544,CHUY'S,1856 ALYSHEBA WAY,40509,605,2005-01-06,2025-09-22,89,38.018408395715,-84.419613291763
60584,COUNTRY INN & SUITES - INDOOR,,40505,- INDOOR,2025-12-11,2025-12-11,1,,
60603,COUNTRY INN SUITES,,40505,,2025-12-10,2025-12-10,1,,
60692,"ESTEPP'S FRIENDLY SHELL, INC",1907 PLAUDIT PL,40509,610,2005-02-04,2023-07-14,34,38.018515341432,-84.415973137641
60694,SARONDIPITY LLC - ALL ABOUT KIDS,4269 SARON DR.,40515,ABOUT KIDS,2005-04-04,2025-10-14,77,37.964945641671,-84.501178472218
60743,WENDY'S,1907 PLAUDIT PLACE - #20,40509,11,2005-02-14,2025-12-04,89,38.018515341432,-84.415973137641
60746,ATHENS SOFTBALL COMPLEX,5789 RICHMOND RD,40509,605,2005-05-12,2018-06-28,20,,
60838,UK-OVID'S CAFE,WT YOUNG LIBRARY,40536,605,2005-04-21,2015-04-01,27,,
60841,MEIJER GREAT LAKES LP #161,2155 SIR BARTON WAY,40509,#161,2005-04-12,2025-07-25,178,38.021310901258,-84.419860814651
60843,MEIJER GREAT LAKES #161 - GAS,2145 SIR BARTON WAY,40509,- GAS,2005-01-05,2025-11-26,120,38.021204768682,-84.419621231534
60886,SCHLOTZSKY'S DELI,117 W TIVERTON WAY,40503,11,2005-03-04,2025-10-13,88,37.981215041764,-84.531550982658
60888,FARM MARKET,1079 E NEW CIRCLE RD,40505,607,2005-02-09,2025-11-21,249,38.035709772797,-84.453932013462
61014,COLTS RUN APARTMENTS - OUTDOOR,,40509,- OUTDOOR,2025-07-29,2025-07-29,1,,
61047,GARDEN RIDGE,1996 PAVILLION WAY,40509,610,2005-03-11,2015-01-27,20,38.025090286943,-84.419069808646
61072,1780'S CAFE,300 N BROADWAY,40508,605,2005-02-07,2016-04-27,20,38.047618767492,-84.501662211584
61137,STEAK 'N SHAKE,1832 ALYSHEBA WAY,40509,11,2005-05-16,2025-07-18,139,38.017774257377,-84.420484043846
61165,BP OIL MAPLELEAF,3100 MAPLELEAF DR,40509,610,2005-05-20,2025-11-05,115,38.007646660639,-84.426476617761
61166,AVON MART,5693 BRIAR HILL ROAD,40516,607,2005-03-15,2023-10-27,150,,
61168,DOLLAR STORE DEALS    .,"3650 BOSTON ROAD, SUITE J",40514,610,2005-02-25,2015-08-18,7,37.98048457978,-84.551138754078
61196,MCDONALD'S,1921 PLAUDIT PLACE,40509,605,2005-02-16,2025-09-05,89,38.018781820889,-84.415674482365
61197,RED LOBSTER #6379,1848 ALYSHEBA WAY,40509,605,2005-01-10,2025-09-17,95,38.018176782346,-84.419885305474
61333,DONATO'S PIZZA,3120 MAPLELEAF DRIVE,40509,605,2005-05-16,2025-08-14,89,38.006863529381,-84.426023269376
61335,ORANGE LEAF (BRIGHTON),3090 HELMSDALE PL,40509,605,2005-06-03,2019-12-19,82,38.012333175486,-84.420828362787
61339,KEENELAND STAND 209,4201 VERSAILLES RD.,40544,605,2005-04-14,2023-10-11,80,38.042657946848,-84.60702556961
61341,RAMSEY'S,3090 HELMSDALE PLACE,40509,11,2005-05-18,2025-12-04,137,38.012333175486,-84.420828362787
61343,BARNES & NOBLE BOOKSELLERS,1932 PAVILLION WAY,40509,11,2005-01-27,2025-12-04,105,38.021825288002,-84.417161100005
61454,LONGHORN STEAK HOUSE #5187,2217 HARRODSBURG RD,40504,#5187,2005-04-06,2025-11-24,129,,
61458,THE BRECKINRIDGE,2109 CORNERSTONE DR,40509,11,2005-01-21,2024-05-10,83,38.030751014221,-84.444468165891
61459,BURGERFI,1816 ALYSHEBA WAY,40509,605,2005-04-06,2022-12-08,99,38.01736560251,-84.421059532325
61611,WALMART #2628,4051 NICHOLASVILLE RD,40503,607,2005-06-14,2025-12-09,147,37.978244863609,-84.529395890349
61612,FAMILY DOLLAR STORE #3623,393 WALLER AVE,40504,610,2005-02-16,2024-01-12,33,38.030873637403,-84.520059372389
61613,SUBWAY,2160 SIR BARTON WAY,40509,605,2005-01-06,2025-11-10,172,38.019773022133,-84.417681029183
61673,LEXINGTON CHRISTIAN ACADEMY,,40503,ACADEMY,2025-09-15,2025-09-15,1,,
61674,KIDS R KIDS,3271 BEAUMONT CENTRE CIRCLE,40513,605,2005-01-21,2025-10-29,80,38.016274042922,-84.560882944456
61723,RITE AID #3347,130 W LOUDON AVE,40508,610,2005-03-09,2019-01-04,26,38.059157484542,-84.483758578639
61793,OLD CHICAGO,1924 PAVILLION WAY,40509,11,2005-07-05,2025-07-30,205,38.02150716361,-84.417456413623
61794,WIRED D C,1780 NICHOLASVILLE ROAD,40503,605,2005-03-15,2012-12-06,16,38.01781194247,-84.514197872392
61795,VINA'S TEA ROOM,1455 LEESTOWN RD,40511,605,2005-07-26,2011-06-16,14,38.064818069846,-84.52214658761
61796,BEAUMONT BAR & GRILL,3070 LAKECREST CIRCLE # 625,40513,605,2005-05-23,2025-10-15,87,38.017008723007,-84.554645519714
61875,COURTYARD BY MARRIOTT,1951 PLEASANT RIDGE DRIVE,40509,605,2005-06-21,2025-08-29,195,38.017161794158,-84.414704851279
61876,GENERAL NUTRITION CENTER #6851,2160 SIR BARTON WAY #120,40509,610,2005-01-13,2022-02-02,26,38.019773022133,-84.417681029183
61877,COURTYARD BY MARRIOTT,,40509,,2025-11-12,2025-11-12,1,,
61878,"BRIDGE PIZZA, THE",393 WALLER AVE STE #5,40504,605,2005-01-06,2017-09-05,41,38.030873637403,-84.520059372389
61879,CHINA BUFFET,3170 RICHMOND RD,40509,605,2005-06-16,2014-09-04,43,38.001624495386,-84.44659877176
61915,WILD COUNTRY,2320 PALUMBO DR  STE #150,40509,605,2005-04-21,2013-06-19,18,38.022375011652,-84.453594959265
62054,ATHENS MARATHON,5350 ATHENS-BOONESBORO ROAD,40509,610,2005-01-06,2016-01-26,24,37.96441846759,-84.391814432032
62056,DEPOT DELICATESSEN,"5751 BRIAR HILL ROAD, BLD 226",40516,605,2005-04-18,2025-11-14,96,38.072679424036,-84.317788765298
62057,FAMILY DOLLAR STORE #3739,188 E NEW CIRCLE RD,40505,#3739,2005-03-09,2025-11-21,39,38.06287323334,-84.467844359158
62058,SAGAR INDIA MARKET,"3330 PARTNER PLACE, SUITE 148",40503,610,2005-02-25,2023-10-10,25,37.995773592138,-84.546697690661
62077,WAFFLE HOUSE # 2299,1134 WINCHESTER ROAD,40505,605,2005-03-14,2025-09-22,76,38.042246147967,-84.463819408959
62083,HILTON GARDEN INN,1973 PLAUDIT PLACE,40509,605,2005-01-10,2023-10-19,156,38.019735396573,-84.414419134262
62111,MINIT MART #676,905 S LIMESTONE ST,40508,607,2005-03-17,2023-01-30,139,38.032303293759,-84.509288952309
62112,EMBASSY SUITES LEXINGTON/UK COLDSTREAM,,40511,COLDSTREAM,2025-11-13,2025-11-13,1,,
62113,EMBASSY SUITES LEXINGTON/UK COLDSTREAM,1801 NEWTOWN PIKE,40511,605,2005-08-10,2023-10-04,176,38.093219739764,-84.487286228343
62118,UK BUTCHER SHOP B49 GARRIGUS BLDG,B49 GARRIGUS BLDG,40546,B49 GARRIGUS BLDG,2005-02-15,2025-12-17,25,,
62124,AFTON COMMUNITY DAY,"3743 RED RIVER DRIVE, STE 1",40517,605,2005-04-12,2025-11-04,57,37.968811247054,-84.483626252614
62127,YMCA NORTH - INDOOR SPA,,40508,SPA,2025-12-16,2025-12-16,1,,
62129,YMCA BEAUMONT CENTRE - OUTDOOR DIVE,,40513,- OUTDOOR DIVE,2025-07-29,2025-07-29,1,,
62130,YMCA BEAUMONT CENTRE - INDOOR SPA,,40513,- INDOOR SPA,2025-09-10,2025-09-10,1,,
62131,YMCA BEAUMONT CENTRE - INDOOR,,40513,- INDOOR,2025-12-23,2025-12-23,1,,
62135,LA QUINTA INN & SUITES - INDOOR GUESTHOUSE INN & SUITES - INDOOR,,40509,GUESTHOUSE INN & SUITES - INDOOR,2025-12-15,2025-12-15,1,,
62138,RABBIT RUN PHASE II - OUTDOOR SPA,,40503,- OUTDOOR SPA,2025-08-29,2025-08-29,1,,
62139,RABBIT RUN PHASE II - OUTDOOR POOL,,40503,- OUTDOOR POOL,2025-08-29,2025-08-29,1,,
62140,MASTERSON STATION - OUTDOOR,,40511,OUTDOOR,2025-08-12,2025-08-12,1,,
62141,MASTERSON STATION - OUTDOOR WADING,,40511,OUTDOOR WADING,2025-07-03,2025-07-03,1,,
62142,RESORT AT LAKE CROSSING - OUTDOOR,,40515,- OUTDOOR,2025-08-22,2025-08-22,1,,
62159,DONATO'S PIZZA,265 NEW CIRCLE ROAD,40505,605,2005-04-04,2025-11-20,87,,
62161,SUPER MERCADO AGUASCALIENTES 1,1424 ALEXANDRIA,40504,607,2005-06-01,2022-09-06,223,38.048181027809,-84.552054557969
62183,CIRCLE K #3211,3470 RICHMOND ROAD,40509,607,2005-06-15,2025-11-03,131,37.99585214796,-84.440147415214
62191,"KIDS KARE, INC.",2094 HARRODSBURG ROAD,40503,31,2005-04-25,2025-11-10,104,38.024795920092,-84.538068128358
62236,MCDONALD'S RESTAURANT #23458,1620 LEESTOWN ROAD,40511,#23458,2005-10-11,2025-09-22,120,38.067276666741,-84.525918599204
62320,O'CHARLEY'S # 289,2099 HARRODSBURG ROAD,40504,605,2005-03-21,2023-04-18,110,,
62322,MANGO THAI,3401 NICHOLASVILLE RD #FC2,40503,11,2005-02-23,2025-10-09,147,37.98845683202,-84.525168704428
62328,MINIT MART #667,4096 NICHOLS PARK DR,40514,607,2005-05-13,2023-03-28,191,37.977832792988,-84.533814400941
62343,WAFFLE HOUSE # 1408,2740 RICHMOND RD,40517,605,2005-01-26,2025-10-14,160,38.007674532914,-84.452979900169
62344,TACO BELL #20363,1935 PLAUDIT PLACE,40509,605,2005-03-16,2025-11-12,127,38.01907093375,-84.4153853695
62379,BLUE MOON FARM-RETAIL,FARMER'S MARKET,40504,610,2005-08-27,2022-06-12,14,,
62481,ECO CAFE,975 E NEW CIRCLE ROAD,40505,605,2005-04-15,2019-12-06,86,38.03873615736,-84.4542852638
62511,CHILI'S #600,108 MARKETPLACE DR,40503,605,2005-06-15,2025-10-22,93,37.978327091389,-84.529722968672
62513,"LEXINGTON ROOSTERS, LLC",124 MARKETPLACE DRIVE,40503,LLC,2009-07-06,2025-08-26,87,37.978160742245,-84.530154433681
62540,WAFFLE HOUSE #1334,1912 PLAUDIT PLACE,40509,605,2005-02-03,2025-12-15,200,38.018545499014,-84.415729620458
62568,ZEN SUSHI & SAKE,3070 LAKECREST CIRCLE #500,40513,11,2005-01-18,2025-10-22,99,38.017008723007,-84.554645519714
62651,ARBY'S #6911,1949 PLAUDIT PLACE,40509,605,2005-02-16,2025-09-03,109,38.01936004661,-84.415096256635
62652,GOOD FOODS MARKET & CAFE,455 SOUTHLAND DRIVE,40503,CAFE,2005-05-02,2025-10-13,163,38.019369618498,-84.527627992166
62656,WALGREENS #4892,2181 HARRODSBURG ROAD,40504,610,2005-05-26,2014-07-03,17,,
62657,PAPA JOHN'S #18,265 AVENUE OF CHAMPIONS,40502,11,2005-03-17,2025-10-03,126,38.038478787055,-84.50042334937
62726,LEXHANWOORI RESTAURANT,371 S. LIMESTONE,40508,605,2016-07-08,2025-10-13,63,38.042005941247,-84.503286676676
62727,KENTUCKY INDOOR SOCCER & SPORTS,404 SPORTING CT,40503,605,2005-03-02,2020-03-04,67,37.997159203978,-84.533302965899
62729,KASP AUCTION,5921 ATHENS-BOONESBORO,40509,605,2005-04-08,2018-02-15,46,37.955896985365,-84.375553797289
62730,WALGREENS #05574,"260 NEW CIRCLE ROAD, N.E.",40505,610,2005-02-10,2023-07-28,28,,
62733,PAPA JOHN'S #1449,"1610 LEESTOWN ROAD, SUITE 1",40511,605,2005-02-23,2025-09-03,114,38.067208719988,-84.525813508248
62815,LEXINGTON CATHOLIC FOOTBALL CONCESSION,2250 CLAYS MILL RD,40503,CONCESSION,2016-10-04,2025-09-16,50,38.018212649984,-84.535354710569
62817,TSAO-CHA,"1080 SOUTH BROADWAY, SUT #201",40504,605,2021-04-08,2023-12-07,24,38.037212765512,-84.517662057938
62827,MINIT MART #673,2420 RICHMOND ROAD,40509,607,2005-03-03,2023-07-19,161,38.014134041221,-84.460315111657
62841,DOMINO'S,3090 HELMSDALE #300,40509,605,2005-06-14,2025-10-03,86,38.012333175486,-84.420828362787
62842,RAFFERTY'S,1865 ALYSHEBA WAY,40509,605,2005-07-06,2025-12-08,117,38.020239252414,-84.419159243828
62853,THE KITCHEN @ A. S. EATS,"312 S ASHLAND AVE, STE 100",40502,605,2005-09-09,2019-04-17,51,38.031024240204,-84.49021973783
62854,LITTLE CAESARS PIZZA,3601 B WALDEN DRIVE,40517,11,2005-05-04,2025-11-14,98,37.983167847029,-84.495888671214
62857,WAFFLE HOUSE # 1375,3601 -A WALDEN DRIVE,40517,605,2005-04-04,2025-10-17,151,37.983167847029,-84.495888671214
62887,PAPA JOHN'S #2277-188,COMMONWEALTH STADIUM,40506,605,2005-10-29,2013-09-07,13,,
62888,CONCESSION #138 - PAPA JOHNS,1540 UNIVERSITY DR,40506,605,2005-10-29,2021-11-06,95,38.020735764383,-84.509953367431
62889,LEESTOWN GARAGE LLC,3092 LEESTOWN ROAD,40511,605,2019-09-10,2025-09-05,26,38.09321343568,-84.561844390537
62914,KROGER FIELD CONCESSION #137,1540 UNIVERSITY DR,40506,#137,2005-10-29,2025-10-18,97,38.020735764383,-84.509953367431
62915,KROGER FIELD CONCESSION #193,1540 UNIVERSITY DR,40506,#193,2005-10-29,2025-10-18,81,38.020735764383,-84.509953367431
62916,CONCESSION 190,COMMONWEALTH STADIUM,40506,605,2005-10-29,2012-10-06,11,,
62917,KROGER FIELD CONCESSION #187,1540 UNIVERSITY DR,40506,#187,2005-10-29,2025-10-18,81,38.020735764383,-84.509953367431
62918,CONCESSION 186,COMMONWEALTH STADIUM,40506,605,2005-10-29,2013-09-07,14,,
62919,KROGER FIELD CONCESSION #136,1540 UNIVERSITY DR,40506,#136,2005-10-29,2025-10-18,73,38.020735764383,-84.509953367431
62920,KROGER FIELD CONCESSION #143,1540 UNIVERSITY DR,40506,#143,2005-10-29,2025-10-18,88,38.020735764383,-84.509953367431
62921,KROGER FIELD CONCESSION #140,1540 UNIVERSITY DR,40506,#140,2005-10-29,2025-10-18,77,38.020735764383,-84.509953367431
62922,WALGREENS #17311,2700 RICHMOND RD,40509,610,2005-05-13,2025-11-24,32,38.009089785874,-84.454592543329
62923,SEASON'S CATERING & SPECIAL OCCASIONS,333 N ASHLAND AVE,40502,42,2005-02-04,2024-05-13,89,38.039126788723,-84.478804838283
62972,LEXINGTON CHRISTIAN ACADEMY PRESCHOOL,,40502,ACADEMY PRESCHOOL,2025-10-16,2025-10-16,1,,
62993,TANDOOR FLAMES,3130 MAPLE LEAF DR STE #170-180,40509,605,2005-03-07,2017-01-25,47,38.006593603162,-84.425601552842
63019,KIDS AVENUE,3429 BUCKHORN DR. #6,40515,605,2005-06-27,2015-08-28,28,37.976161101173,-84.458018205325
63058,RAMSEY'S,4391 OLD HARRODSBURG RD,40513,605,2005-01-19,2025-10-29,118,37.996301104155,-84.584676836329
63097,LOGAN'S ROADHOUSE,1908 PAVILLION WAY,40509,605,2005-06-29,2025-11-21,145,38.020897771807,-84.418062356812
63100,"RECIPE AT 68, THE",3955 HARRODSBURG ROAD,40513,605,2005-01-04,2013-12-27,23,,
63115,ST. PETER & PAUL SCHOOL,423 W. SHORT STREET,40507,605,2016-09-15,2025-09-09,46,38.05005104608,-84.499692887037
63149,BOB'S DISCOUNT FURNITURE,1965 STAR SHOOT,40509,607,2005-06-14,2024-01-09,46,38.024577455966,-84.42175069752
63151,LEXINGTON BEERWORKS,213 NORTH LIMESTONE,40507,605,2011-12-19,2018-06-14,45,38.048469946927,-84.494132176635
63153,LA CABANA,1414 BRYAN AVE,40505,605,2005-05-10,2024-01-08,145,38.058738928652,-84.468878299526
63161,LIBERTY RIDGE SENIOR LIVING,701 LIBERTY RIDGE LN,40509,LIVING,2005-01-20,2025-10-13,118,38.017921013493,-84.43673373407
63195,BLESSINGS FROM GOD,1202 - A VERSAILLES ROAD,40508,610,2005-01-31,2023-07-07,148,38.049979364958,-84.518798686474
63204,MEIJER #184,351 WEST REYNOLDS RD,40503,55,2005-01-10,2025-12-05,163,37.994836074241,-84.534013983003
63274,CP FOOD MART,1161 CENTRE PARKWAY,40517,610,2005-01-21,2025-09-02,212,37.98270246632,-84.483933243008
63275,DAIRY QUEEN #309,350 VIRGINIA AVE,40504,11,2005-01-21,2025-07-14,121,38.03742815809,-84.514134600764
63276,GUESTHOUSE INN & SUITES,,40505,,2025-12-10,2025-12-10,1,,
63288,DOLLAR GENERAL STORE #7089,1790 BRYAN STATION RD,40505,#7089,2005-04-13,2025-10-23,33,38.063352991507,-84.454388065072
63378,BLOCKBUSTER #92437,921 BEAUMONT CTR PARKWAY,40513,610,2005-01-21,2011-12-19,11,38.014696225509,-84.555771541364
63380,C & J FOOD BAR,1230 EASTLAND PARKWAY,40505,605,2005-02-14,2020-02-20,96,38.045778409913,-84.457822232858
63381,HAMBURG PAVILION STADIUM 16,1949 STARSHOOT ROAD,40509,16,2005-03-22,2025-11-20,85,38.024576114918,-84.421984094174
63402,GRAND RESERVE AT PINNACLE - OUTDOOR,,40515,- OUTDOOR,2025-07-31,2025-07-31,1,,
63423,SANTA FE TAQUERIA LLC,2350 WOODHILL DR. #168,40509,605,2005-03-02,2025-12-18,267,38.017345140045,-84.454949084827
63424,MCDONALD'S,100 MARKET PLACE  DR.,40503,605,2005-04-08,2022-06-23,101,37.978245413028,-84.529396255323
63427,A BABY EDUCATIONAL CENTER LLC,540 EUREKA SPRINGS,40517,605,2005-01-18,2015-03-20,27,37.996291485,-84.45741341421
63445,MEIJER GAS STATION #184,391 WEST REYNOLDS RD,40503,54,2005-01-11,2025-11-25,111,37.99503499864,-84.535362925504
63461,SUBWAY 52863,4101 TATES CREEK CENTER DR. #160,40517,605,2005-05-04,2022-01-26,115,37.96993417395,-84.497580956576
63504,WALMART #2783,500 NW NEW CIRCLE RD,40511,607,2005-04-07,2025-10-29,199,38.071969711268,-84.479773925645
63505,MARTIN LUTHER KING,,40509,,2025-10-21,2025-10-21,1,,
63536,MARTIN LUTHER KING ACADEMY,2200 LIBERTY RD,40509,605,2005-03-29,2025-11-06,79,38.028297527546,-84.448258064555
63575,THE BRIDGE,342 ROMANY ROAD,40502,605,2017-10-18,2021-08-04,55,38.019724690217,-84.48604019445
63584,DAIRY QUEEN,464 W NEW CIRCLE RD,40511,605,2005-08-02,2025-08-19,174,38.071625875838,-84.478761413652
63591,"HUB COFFEE HOUSE & CAFE, THE",140 E MAIN STREET,40502,605,2012-08-28,2014-08-28,8,38.045783809793,-84.496481849921
63594,KEENELAND STAND 112,4201 VERSAILLES RD,40510,605,2005-04-14,2025-10-08,71,38.042657946848,-84.60702556961
63610,GODIVA CHOCOLATIER INC,3401 NICHOLASVILLE RD K-5,40503,605,2005-12-06,2017-10-12,32,37.98845683202,-84.525168704428
63640,LA MARQUESA,165 EAST REYNOLDS RD,40517,605,2005-01-10,2017-08-31,63,37.990364040415,-84.520903759839
63646,TAQUERIA SAN MARCOS LLC,1858 OXFORD CIRCLE,40504,605,2005-06-13,2025-11-21,58,38.04959886603,-84.540073847335
63664,BIG LOTS #1511,2011 GARDEN SPRINGS DR,40504,610,2005-01-14,2023-11-03,36,38.029664867658,-84.541822335772
63667,TORTILLERIA RAMIREZ,1429 ALEXANDRIA DRIVE,40504,54,2005-01-04,2025-09-22,207,38.048083506535,-84.552170699277
63726,CLUBHOUSE,385 S LIMESTONE,40507,605,2005-04-28,2023-10-19,113,38.041806293023,-84.503563112682
63799,MEADOWBROOK GOLF COURSE,400 WILSON DOWNING ROAD,40517,610,2005-03-07,2018-05-04,17,37.981003315254,-84.513837118601
63815,ARLINGTON CHRISTIAN CHURCH,1206 N  LIMESTONE ST,,,2016-11-15,2018-05-14,23,38.061451779161,-84.475490610255
63834,GREENTREE RESTAURANT,521 W  SHORT ST,40508,605,2005-03-04,2019-12-13,73,38.050773106664,-84.500504487608
63854,ELMWOOD STOCK FARM,@FARMER'S MARKET,40511,610,2005-08-27,2022-06-12,17,,
63855,EARL'S BEER DEPOT,401 E  5TH ST,40508,605,2005-05-24,2021-03-08,18,38.047909897817,-84.483356371961
63857,W D AUCTION,1465 LEESTOWN RD.,40511,605,2005-05-24,2014-06-02,21,38.065021490836,-84.52243491469
63907,GENERAL NUTRITION CENTER #7872,2331 NICHOLASVILLE RD,40503,610,2005-04-06,2023-12-11,22,38.005054977185,-84.518991014111
63955,EL ESPOLON MEXICAN RESTAURANT,424 E.NEW CIRCLE ROAD,40505,605,2012-10-18,2018-07-16,27,38.056414838512,-84.461522929867
63956,THE TIN ROOF,303 SOUTH LIMESTONE,40507,605,2005-02-23,2025-08-06,101,38.043360725639,-84.50144060923
63963,SAUL GOOD RESTAURANT & PUB,1808 ALYSHEBA WAY,40509,605,2005-07-06,2019-12-11,95,38.017125722999,-84.421262800571
64029,DOMINO'S PIZZA #180,524 WEST NEW CIRCLE RD,40511,605,2005-03-09,2025-10-31,113,38.072163555805,-84.480469607318
64094,CHARLEY'S CHEESESTEAKS,3401 NICHOLASVILLE ROAD  FC-1,40503,11,2005-02-23,2025-11-18,100,37.98845683202,-84.525168704428
64102,GIOVANNI'S OF LEXINGTON,128 E. NEW CIRCLE RD,40505,605,2005-01-11,2022-05-25,154,38.064423626542,-84.469418892144
64113,MILESTONES CHILD DEV. CENTER,634-636 E LOUDON,40505,605,2005-04-27,2011-07-13,9,38.050038123549,-84.47304373986
64182,CONNIE GRIFFIN MARKET,540 WEST SECOND STREET,40508,610,2005-01-14,2023-02-15,27,38.053750509374,-84.500664723437
64207,SIR PIZZA,463 WEST NEW CIRCLE ROAD,40511,605,2005-05-11,2025-09-04,138,38.071094440431,-84.476994762145
64268,EL TORO RESTAURANT,1917 NICHOLASVILLE ROAD,40503,11,2005-01-04,2025-07-31,117,38.012918070315,-84.516179739431
64293,SILAS GREENHOUSES,225 SILAS AROAD,41031,610,2005-08-27,2012-06-30,7,,
64348,BOARDWALK TREATS,3615 NICHOLASVILLE RD #F-608,40503,54,2005-05-04,2024-05-13,64,37.986027013166,-84.526349857338
64370,ABIGAIL'S HONEY PRODUCTS,FARMER'S MARKET RETAIL,40504,610,2005-08-27,2011-07-16,5,,
64372,ABIGAILS - RETAIL MARKET,5555 SPIRIT RIDGE LANE,40515,610,2005-08-27,2011-07-16,6,37.864010440486,-84.427098664311
64432,HARTLAND HILLS,1005 TANBARK ROAD,40515,11,2005-02-01,2025-11-18,88,37.961638547509,-84.49183819343
64591,HIGH STREET NEIGHBORHOOD CENTER,228 S LIMESTONE,40507,CENTER,2005-02-01,2025-08-22,97,38.048761039202,-84.493517475108
64612,MALONE'S,1920 PLEASANT RIDGE DR,40509,605,2005-01-27,2025-12-08,118,38.017066816993,-84.414231631538
64622,MINIT MART #680,930 SOUTH BROADWAY,40508,607,2005-03-01,2021-03-22,149,38.039263381679,-84.514439202826
64638,MCDONALD'S RESTAURANT #25755,768 WINCHESTER ROAD-SUITE 100,40505,#25755,2005-01-28,2025-11-14,104,38.041208385948,-84.475704490124
64667,GATTITOWN,2524 NICHOLASVILLE RD,40503,605,2005-01-13,2025-11-03,100,37.999585898262,-84.520580305557
64694,REED VALLEY ORCHARD-FARMERS MKT RETAIL,239 LAIL LANE,40362,610,2005-08-27,2008-07-26,5,,
64695,GREEN'S CAFE,630 E NEW CIRCLE RD,40505,605,2005-03-18,2025-11-10,92,38.049783468164,-84.455230257156
64734,CARLEONI'S PIZZERIA,"1300 WINCHESTER ROAD, STE. 3",40505,605,2005-02-02,2013-05-14,30,38.042721877051,-84.458358737042
64768,KID'S CAFE SHILOH BAPTIST CHURCH,SHILOH BAPTIST CHURCH,40508,SHILOH BAPTIST CHURCH,2016-12-15,2025-09-17,45,,
64780,SONIC 4301,234 E. NEW CIRCLE ROAD,40505,605,2005-02-03,2019-06-12,107,38.061661850166,-84.466634833951
64846,REDI-MART/MARATHON,1970 PLEASANT RIDGE,40509,607,2005-04-04,2025-09-16,160,38.017389605971,-84.414888450931
64847,KENTUCKY BASKETBALL ACADEMY,273 RUCCIO WAY,40514,605,2005-05-26,2019-12-05,60,37.997292541754,-84.531426828761
64873,JIMMY JOHN'S,3130 MAPLELEAF DRIVE,40509,11,2005-02-01,2025-11-24,102,38.006593603162,-84.425601552842
64910,BUFFALO WILD WINGS #49,3094 OLD TODDS RD.,40509,11,2005-03-18,2025-10-06,117,38.009381000009,-84.424644331014
64911,PENN STATION,"3090 TODDS ROAD, SUITE 305",40509,605,2005-03-17,2025-09-11,135,38.009376985979,-84.424672120457
64916,PEPE'S MEXICAN RESTAURANT,3280 EAGLE VIEW LANE,40509,605,2005-04-06,2025-09-03,115,38.00009641588,-84.443063166108
64920,NORTH STAR ACADEMY,1816 BRYAN STATION ROAD,40505,605,2005-01-27,2025-11-03,121,38.063704549995,-84.453361260056
64941,SUBWAY @ WAL-MART,"3180 RICHMOND RD, STE #180",40509,605,2005-05-10,2018-03-30,61,38.001432465282,-84.446394549313
64988,HALLIS SCHOOL,915 MURRAY DR. SUITE 342-351,40505,605,2016-11-03,2025-11-18,59,38.04357798887,-84.456760845314
65010,LEXINGTON CATHOLIC BASKETBALL CONCESSION,2250 CLAYS MILL RD,40503,CONCESSION,2016-10-04,2025-09-16,36,38.018212649984,-84.535354710569
65047,CALVARY BAPTIST CHURCH,130 E. HIGH STREET,40507,11,2005-03-23,2025-09-10,76,38.044689939035,-84.498368656137
65080,A CUP OF COMMONWEALTH,105 EASTERN AVE,40508,605,2012-03-14,2025-09-04,133,38.042268620131,-84.490554695143
65100,"SAHARA MEDITERRANEAN GROUP, INC","3061 FIELDSTONE WAY, STE. 1200",40513,"GROUP, INC",2005-01-07,2025-12-10,179,38.013771147251,-84.557217481748
65273,SCAPA AT LAFAYETTE,400 LAFAYETTE AVE,40503,605,2005-03-16,2025-10-20,76,38.027344253575,-84.525854712242
65274,BELLINI'S-MI INTERNATIONAL/DBA,115 W MAIN STREET,40507,605,2005-02-24,2014-12-30,32,38.046544988092,-84.49713031917
65285,GOLD STAR,1900 PLAUDIT PLACE,40509,605,2005-05-05,2025-09-08,103,38.018329452533,-84.41604185238
65287,BACKYARD BURGERS,397 WALLER AVE,40504,605,2005-02-16,2018-09-05,35,38.031380425915,-84.520780086525
65316,HOPE CENTER FOR WOMEN,1524 VERSAILLES ROAD,40504,605,2005-02-15,2025-10-27,84,38.04915685373,-84.529247102864
65435,KENTUCKY ALE TAP ROOM,207 LEGENDS LANE,40505,605,2005-02-15,2022-09-30,95,38.064057019028,-84.478400964329
65436,BUDWEISER STABLES,207 LEGENDS LANE,40505,605,2005-04-06,2022-09-30,46,38.064057019028,-84.478400964329
65439,3RD. BASE CONCESSION,207 LEGENDS LANE,40505,605,2005-04-07,2022-09-30,73,38.064057019028,-84.478400964329
65440,1ST.  BASE CONCESSION,207 LEGENDS LANE,40505,605,2005-04-07,2022-09-30,67,38.064057019028,-84.478400964329
65461,"UK SHIVELY CENTER, HYDRO. POOL SPORTS CENTER DRIVE - INDOOR",,40506,SPORTS CENTER DRIVE - INDOOR,2025-10-06,2025-10-06,1,,
65526,LEXINGTON LIVE,112 ESPLANADE,40507,605,2005-05-09,2016-12-28,40,38.044310969,-84.494480717346
65545,LOUIE'S  WINE DIVE/CHEVY CHASE KITCHEN,854 E HIGH STREET,40502,605,2005-01-25,2019-02-08,105,38.029389745789,-84.490084840984
65638,TATES CREEK SOFTBALL BOOSTERS,1111 CENTRE PKWY,40517,605,2005-05-13,2020-02-24,54,37.983621219364,-84.484517919726
65666,CATERING BY DONNA,1054 W HIGH ST,40508,605,2005-03-01,2019-10-15,62,38.050241305978,-84.514539570206
65669,DUNBAR BASEBALL CONCESSION,1600 MAN-0-WAR,40513,605,2005-05-02,2025-10-21,86,,
65687,"CLARK'S PUMP N SHOP, INC.",768 WINCHESTER ROAD,40505,610,2005-01-28,2020-11-13,44,38.041208385948,-84.475704490124
65709,RAMSEY'S COMMISSARY,938 WINCHESTER ROAD,40505,605,2005-05-17,2025-11-18,102,38.041781925529,-84.469012738325
65727,HOME GOODS #200,1555 E NEW CIRCLE RD,40509,610,2005-03-08,2023-01-04,25,38.018893877591,-84.455940323671
65738,CARDINAL RUN PARK CONCESSION,2000 PARKERS MILL ROAD,40504,605,2005-05-24,2009-09-19,6,38.035525296047,-84.566151462105
65746,TOMO'S RESTAURANT,848 E. HIGH STREET,40508,605,2005-04-07,2021-06-08,84,38.029766016271,-84.489982221743
65872,MEGAMINDS EDUCARE,679 LIMA DRIVE,40517,605,2010-02-22,2025-10-14,80,38.072929915782,-84.506967766478
65928,BEAUMONT CONCESSIONS,3251 BEAUMONT CENTER CIRCLE,40513,53,2005-05-25,2024-06-25,44,38.016909564609,-84.561206457869
65981,SKEWERS,130 W TIVERTON WAY STE #100,40503,605,2005-03-02,2017-11-22,48,37.980929410968,-84.53096306968
65999,DOMO JAPANESE HABACHI & SUSHI,130 W TIVERTON WAY #160,40503,605,2005-03-09,2015-02-03,32,37.980929410968,-84.53096306968
66091,HERB'N RENEWAL - RETAIL,FARMER'S MARKET RETAIL,40444,610,2005-08-27,2010-06-05,4,,
66205,DOLLAR GENERAL STORE #4404,1421 LEESTOWN RD,40511,#4404,2005-01-07,2025-11-24,38,38.064126438481,-84.521166275538
66256,DONATO'S PIZZA,"3851 KENESAW DRIVE, STE. A",40515,605,2005-05-17,2025-08-18,110,37.96094166116,-84.47876439565
66276,TATES CREEK PARK SLIDE PLUNGE WELLINGTON CHASE CONDOS - OUTDOOR,,40517,WELLINGTON CHASE CONDOS - OUTDOOR,2025-07-07,2025-07-07,1,,
66326,QDOBA MEXICAN GRILL #2080,2630 RICHMOND ROAD,40509,605,2005-02-14,2020-10-27,105,38.010454529469,-84.456153190106
66328,PENN STATION,1719 NORTH BROADWAY,40505,605,2005-04-13,2025-11-07,134,38.069465028154,-84.469174726117
66377,LEXINGTON UNIVERSAL ACADEMY,,40503,ACADEMY,2025-10-22,2025-10-22,1,,
66382,BLACKBURN COMMISSARY,3111 SPURR RD,40511,610,2005-03-07,2022-11-29,26,38.110386187212,-84.539764211305
66548,COCKTAILS BAR & GRILL GOLDEN CORRAL,3090 TODDS RD #150,40509,GOLDEN CORRAL,2005-01-27,2025-09-10,83,38.009376985979,-84.424672120457
66576,SIDEBAR GRILL,147 NORTH LIMESTONE STREET,40507,605,2005-08-02,2023-08-17,95,38.047294308732,-84.495852705894
66585,DOMINO'S PIZZA  #  1406,130 TIVERTON WAY-WEST,40503,605,2005-01-05,2022-08-16,101,37.980929410968,-84.53096306968
66606,GOLDEN CORRAL,185 E NEW CIRCLE RD,40505,605,2005-02-03,2023-12-22,223,38.062896882329,-84.4674966342
66667,OUTBACK STEAKHOUSE #1895,1957 BRYANT ROAD,40509,605,2005-04-21,2025-12-05,119,38.019239334476,-84.412065121334
66678,POSTMASTER'S PUB,307 W SHORT STREET,40508,605,2005-06-17,2022-09-14,94,38.048744036624,-84.498232913422
66680,ST. JOSEPH HOSPITAL JAVA JOE'S,1 ST. JOSEPH DR.,40504,605,2005-04-27,2022-10-13,87,38.031314711935,-84.521900526356
66748,CICI'S PIZZA,2157 HARRODSBURG ROAD,40504,605,2005-02-03,2012-03-23,21,,
66803,CAFE NORTH @ BAPTIST HEALTH HOSPITAL,1720 NICHOLASVILLE,40503,605,2005-03-15,2023-10-19,77,38.019213123081,-84.51371657933
66824,SUBWAY,175 E MAIN ST  STE #100,40502,605,2005-04-14,2025-10-30,129,38.045423752711,-84.495891520538
66897,WEST COAST GOURMET PIZZA,2473 FORTUNE DR STE 100,40509,605,2005-01-20,2025-09-02,100,38.032598288596,-84.445410912907
66918,"CREATIVE VENTURES LEARNING CTR, LLC",1504 BRYAN AVENUE,40505,605,2012-07-17,2013-01-15,2,38.059625208348,-84.466099884031
66936,LITTLE CAESAR'S PIZZA,3735 PALOMAR CTR #70,40513,605,2005-01-20,2018-03-08,54,38.003459531439,-84.571166851002
66977,KENTUCKY FRIED CHICKEN - PIZZA HUT,1907 PLAUDIT PLACE #30,40509,605,2005-01-05,2024-01-09,115,38.018515341432,-84.415973137641
66979,LIMESTONE BLUE,133 NORTH LIMESTONE,40507,605,2005-06-28,2017-09-19,27,38.04715040424,-84.496064565289
67013,ALFALFA RESTAURANT,141 E. MAIN ST,40507,605,2005-01-05,2021-04-11,93,38.045858995474,-84.496372040131
67108,CHICK-FIL-A @ TURFLAND MALL,2025 HARRODSBURG ROAD,40504,MALL,2005-02-28,2025-08-01,87,,
67109,KAT'S OASIS  # 1,UK CAMPUS,40506,605,2006-05-30,2010-04-14,8,,
67154,SMALL FRY CARRY OUT & CATERING,1165 CENTRE PARKWAY #285,40517,605,2005-02-18,2019-11-18,58,37.982516247265,-84.483817463363
67171,FAMILY DOLLAR STORE #4253,2181 VERSAILLES RD,40504,#4253,2005-01-07,2025-11-07,35,,
67206,J. RENDER'S SOUTHERN TABLE & BAR,3191 BEAUMONT CTR CIR STE 110,40513,TABLE & BAR,2005-01-03,2025-11-05,128,38.01967524537,-84.559572548698
67256,CUDDLE CARE,1493 ALEXANDRIA DRIVE,40504,605,2005-01-07,2011-05-05,15,38.046999233651,-84.552018022994
67259,WHITNEY CAFE @ UK HOSPITAL,1000 S LIMESTONE,40508,605,2005-02-22,2025-11-12,92,,
67278,TATES CREEK HIGH SCHOOL (FTBALL),1111 CENTRE PARKWAY,40517,(FTBALL),2006-11-01,2025-10-17,74,37.983621219364,-84.484517919726
67299,CARRABBA'S ITALIAN GRILL #6802,1881 PLAUDIT PLACE,40509,#6802,2005-03-04,2025-08-29,106,38.017445781759,-84.417469158939
67302,DUNBAR FOOTBALL CONCESSION,1600 MAN O'WAR BLVD.,40513,,2017-02-14,2025-09-26,34,38.017800964696,-84.57519981492
67304,CHRYSALIS COMMUNITY CENTER,1589 HILL  RISE DRIVE,40504,CENTER,2005-05-23,2025-08-18,79,38.046965429781,-84.53334545165
67306,FRO-JO'S,192 LEXINGTON GREEN CIRCLE,40503,605,2010-11-05,2016-02-11,13,37.992987386144,-84.524480547746
67307,CREOLE CAFE,833 GEORGETOWN ROAD,40508,11,2014-01-09,2024-06-21,64,38.069034049422,-84.504155141771
67372,#1 CHINA BUFFET,"125 E. REYNOLDS ROAD, STE. 120",40517,11,2005-04-04,2025-10-09,156,37.990864245124,-84.522545059326
67396,FRESHIE'S ICE CREAM LLC,3851 KENESAW DRIVE-SUITE 120,40515,LLC,2005-05-17,2025-07-08,79,37.96094166116,-84.47876439565
67478,SUBWAY,125 E REYNOLDS RD STE 180,40517,605,2005-05-02,2016-12-14,41,37.990864245124,-84.522545059326
67508,BLUEGRASS COMMUNITY ACTION PARTNERSHIP,650 TOWER PLAZA,40508,605,2005-01-14,2022-08-29,60,38.056491458504,-84.486536970167
67520,ARACELI'S PANADERIA,481 W NEW CIRCLE RD STE 160,40511,610,2005-01-25,2022-11-10,43,38.071111764426,-84.477029410128
67546,"MARK JENSEN CATERING, LLC",148 VICTORY AVE,40502,605,2005-01-20,2014-12-18,19,38.033656245794,-84.478938839697
67590,RESIDENCE INN LEXINGTON SOUTH/HAMBURG,,40509,SOUTH/HAMBURG,2025-11-12,2025-11-12,1,,
67608,PIZZA HUT #6006027,"3094 RICHMOND ROAD, SUITE D-1",40509,605,2005-02-01,2025-10-31,91,38.003166194451,-84.448208813751
67630,WALGREENS #18109,1307 WINCHESTER RD,40505,610,2005-04-11,2020-11-02,28,38.042850927131,-84.458325446908
67631,WALGREENS #07093,1857 PLAUDIT PLACE,40509,610,2005-01-11,2025-11-24,33,38.015898883221,-84.418510305399
67676,UK SOCCER - SOFTBALL CONCESSION,570 WILDCAT COURT,40506,605,2005-05-11,2023-10-03,62,,
67747,BLUEGRASS GIRLS FASTPITCH SOFTBALL,2000 PARKERS MILL RD,40513,SOFTBALL,2005-05-24,2025-11-19,50,38.035525296047,-84.566151462105
67778,EL MILAGRO DOS,1545 ALEXANDRIA DRIVE # 1,40504,54,2005-01-07,2025-09-24,163,38.045510072794,-84.551978055207
67791,TEMPLE ADATH ISRAEL,124 N ASHLAND AVE,40502,,2016-11-11,2025-09-30,62,38.035932145546,-84.483274464411
67828,STARBUCKS COFFEE # 2608,325 W. MAIN STREET #130,40507,605,2005-01-05,2019-10-23,72,38.04836728495,-84.499135991981
67829,BACKSTRETCH BAR & GRILL,1784 BRYAN STATION RD,40505,11,2005-01-10,2025-12-10,82,38.06319537735,-84.454842062399
67893,EL HUARACHE,1316 RUSSELL CAVE RD.,40505,11,2005-01-10,2025-10-29,154,38.06953477701,-84.478929467627
67895,KROGER L-737,1051 CHINOE RD,40502,607,2005-06-28,2025-10-21,131,37.997925156496,-84.480795645105
67902,WAFFLE HOUSE # 1565,859 SOUTH BROADWAY,40504,605,2005-03-25,2025-09-02,162,38.039933452985,-84.513594127238
68005,KIDS EMPOWERMENT LEARNING ACADEMY,1527 N LIMESTONE ST,40505,ACADEMY,2005-02-10,2025-12-03,80,38.06392817157,-84.47214122032
68007,BOURBON N' TOULOUSE,1080 SOUTH BROADWAY # 107,40504,605,2005-02-23,2023-12-08,113,38.037212765512,-84.517662057938
68008,NEW PEKING BISTRO,3181 BEAUMONT CTR.CIR. #104,40513,11,2005-01-10,2025-07-17,109,38.020209031022,-84.558867604079
68029,CENTENARY SUMMER CAMP,,40502,,2025-07-15,2025-07-15,1,,
68040,GOOD FOODS - CHAPTER 2,140 EAST MAIN STREET,40507,605,2005-05-02,2011-12-09,14,38.045783809793,-84.496481849921
68157,EASTLAND  MARATHON,1209 WINCHESTER ROAD,40505,610,2005-04-11,2021-07-12,26,38.042686844345,-84.460156549249
68188,DOLLAR TREE  #2294,820 NORTH BROADWAY,40505,610,2005-04-13,2023-01-12,37,38.059940236552,-84.484016463844
68195,ROMA PIZZERIA,"3377 BEAUMONT CENETRE CIRCLE, #160",40513,605,2005-01-07,2018-08-16,51,38.015212660892,-84.558926071544
68201,NEW SUSHI EXPRESS 455-D SOUTHLAND DR.,455-D SOUTHLAND DR.,40503,455-D SOUTHLAND DR.,2005-05-02,2025-07-16,114,38.019369618498,-84.527627992166
68202,BLUE REEF - SUSHI & GRILL,1080 S BROADWAY #201,40504,605,2010-12-08,2020-09-16,80,38.037212765512,-84.517662057938
68276,DOLLAR TREE # 2296,"1801 ALEXANDRIA DR., STE. 124",40504,610,2005-02-22,2022-11-09,34,38.036272089506,-84.551366449014
68280,STARBUCKS @ COMMONS MARKET,MEZZANINE@COMMONS MARKET,40506,605,2005-03-21,2015-04-01,25,,
68322,HOMEWOOD SUITES FAYETTE MALL,249 RUCCIO WAY,40503,607,2005-04-19,2023-01-04,149,37.996741289623,-84.529930074926
68357,GOURMET CAFE & CATERING,300 WEST VINE STREET # 200,40507,605,2005-05-20,2019-10-31,85,38.047507638382,-84.499905613351
68382,LEXINGTON CITY CHURCH COFFEE SHOP,410 SPORTING CT.,40503,605,2017-01-19,2023-09-27,49,37.99722222979,-84.533409759613
68414,"DEVOTION ENTERPRISES, LLC",4085 HARRODSBURG ROAD,40514,605,2005-06-14,2020-03-03,51,,
68451,RESIDENCE INN LEX SOUTH/HAMBURG PLACE,,40509,PLACE,2025-08-22,2025-08-22,1,,
68558,DUNBAR HIGH SCHOOL SOFTBALL,1600 MAN-O-WAR BLVD.,40513,605,2005-05-02,2025-10-21,78,38.017800964696,-84.57519981492
68559,BRYAN STATION SOFTBALL CONCESSION,1866 EDGEWORTH DR,40505,CONCESSION,2016-10-25,2025-10-30,31,38.069124946381,-84.45567666335
68564,PIZZA HUT #6006028,4240 SARON DR. #B,40515,605,2005-07-27,2025-08-18,137,37.966957581463,-84.502150444856
68612,PHO BC / BLACK PEARL,171 WEST LOWRY LANE STE 168,40503,605,2005-01-19,2025-09-24,113,38.007222715532,-84.521892991926
68675,BOURBON N' TOULOUSE,829 EUCLID AVENUE,40502,11,2005-01-21,2025-11-18,93,38.030005127544,-84.490899333539
68737,JOHNNY CARINO'S #901,2333 SIR BARTON WAY,40509,11,2005-03-07,2025-12-01,191,38.025675813614,-84.422856117375
68739,RESTAURANT AGUASCALIENTES,1400 ALEXANDRIA DRIVE # A,40504,11,2005-06-01,2025-10-15,236,38.048577934387,-84.552154801639
68765,TATES CREEK BASEBALL CONC.,1111 CENTRE PARKWAY,40507,603,2005-05-12,2019-12-20,19,37.983621219364,-84.484517919726
68766,SMURF'S BURGERS LLC DBA TOMMY TWO TIME'S,3330 PARTNER PLACE STE 114,40503,11,2005-01-04,2024-06-21,159,37.995773592138,-84.546697690661
68790,STARBUCKS #2687,808 E HIGH ST,40502,11,2005-04-07,2025-11-24,130,38.030974194041,-84.490049639023
68804,HAN WOO RI RESTAURANT,371 SOUTH LIMESTONE,40508,605,2006-03-30,2016-06-24,24,38.042005941247,-84.503286676676
68960,ROSETTA,127 N LIMESTONE ST,40507,605,2005-05-24,2012-10-25,23,38.047088730886,-84.496155362172
69005,TOTAL WINE,161 LEXINGTON GREEN CIRCLE  #175,40503,605,2005-03-24,2025-08-05,177,37.992954800994,-84.523973904593
69006,MALONE'S PRIME - OBC,3373 TATES CREEK ROAD,40502,605,2005-01-13,2025-11-10,101,37.994916491887,-84.495585282028
69007,FIRST UNITED METHODIST CHURCH,200 WEST HIGH STREET,40507,CHURCH,2016-11-02,2025-10-07,39,38.045959588881,-84.499793115984
69008,JIMMY JOHN'S SHOP,130 WEST TIVERTON WAY STE #120,40503,605,2005-01-05,2015-01-09,25,37.980929410968,-84.53096306968
69097,WEST COAST GOURMET PIZZA,325 W MAIN ST. #140,40507,605,2005-01-05,2021-03-02,97,38.04836728495,-84.499135991981
69125,STARBUCKS COFFEE,"325 W MAIN STREET, STE. 160",40507,605,2006-05-26,2016-09-23,23,38.04836728495,-84.499135991981
69163,JIN JIN CHINESE RESTAURANT,1060 CHINOE RD PLAZA #148,40502,605,2005-01-04,2023-04-07,121,37.997769521367,-84.48071491237
69226,I CHING ASIAN WITH ATTITUDE,"2312 SIR BARTON WAY, STE. 110",40509,605,2005-04-11,2017-05-11,36,,
69241,WEST WIND RECREATION CENTER - OUTDOOR,,40509,CENTER - OUTDOOR,2025-07-29,2025-07-29,1,,
69242,WEST WIND RECREATION CENTER - OUTDOOR,,40509,CENTER - OUTDOOR,2025-07-29,2025-07-29,1,,
69244,SPRINGHILL SUITES LEX NEAR UNIVERSITY,,40504,NEAR UNIVERSITY,2025-09-02,2025-09-02,1,,
69250,EUROPEAN GOURMET,472 SQUIRES RD,40915,610,2005-05-02,2025-11-24,30,37.990926400285,-84.448503787682
69296,LE DEAUVILLE,199 NORTH LIMESTONE,40507,605,2005-02-24,2025-12-02,125,38.048217112339,-84.494496739581
69332,DOODLES,262 N LIMESTONE,40507,11,2009-01-20,2025-07-18,88,38.049200172932,-84.492909653423
69336,COMMONWEALTH BAPTIST COLLEGE,3440 VERSAILLES ROAD,40510,COLLEGE,2005-01-31,2025-11-14,86,38.043968994323,-84.578725103817
69339,WAGON BONES GRILL,124 NORTH UPPER,40507,605,2005-05-06,2022-08-15,86,38.046949637483,-84.498125996739
69417,EDYTHE JONES HAYES MIDDLE SCHOOL,,40509,SCHOOL,2025-11-10,2025-11-10,1,,
69420,EDYTHE J HAYES MIDDLE SCHOOL,260 RICHARDSON PLACE,40509,SCHOOL,2005-04-12,2025-10-27,78,37.980501185345,-84.411832152772
69423,SECOND PRESBYTERIAN CHURCH,460 E. MAIN STREET,40507,CHURCH,2005-05-20,2025-09-30,82,38.041748483447,-84.491907446513
69424,RESIDENCE INN LEXINGTON SOUTH/HAMBURG PLACE FOOD,2688 PINK PIGEON WAY,40509,SOUTH/HAMBURG,2005-02-03,2025-11-14,127,38.02245148653,-84.426396558409
69425,CARRIBEAN AFRICAN CUISINE,1315 WINCHESTER RD STE 349 / 337 STORAGE,40505,607,2005-01-24,2025-08-18,254,38.042860844562,-84.458257677781
69489,AFC ZENSHI @ KROGER #347L,4101 TATES CREEK RD,40517,#347L,2005-03-16,2025-07-07,73,37.971195019528,-84.497387411267
69506,SILVER CUE BILLIARDS BAR/GRILL,694 NEW CIRCLE ROAD NE # 1,40505,BAR/GRILL,2005-05-18,2025-12-10,99,38.048389630545,-84.45446153491
69521,"CAMALEONES NIGHT LIFE, LLC",2319 WOODHILL DR,40509,605,2005-05-31,2012-09-29,12,38.017668803371,-84.455830128451
69558,DOLLAR TREE #327,"3130 MAPLE LEAF, SUITE 101-2",40509,610,2005-03-28,2025-11-13,37,,
69603,EL RANCHO TAPATIO TAQUERIA &,144 BURT ROAD,40503,11,2005-01-05,2025-11-26,192,38.007593190842,-84.519882491664
69604,UNIVERSITY VILLAGE APT - OUTDOOR,,40504,- OUTDOOR,2025-08-29,2025-08-29,1,,
69638,BOMBAY PALACE BY LEX,1801 ALEXANDRIA DR #192,40504,605,2005-04-05,2022-04-08,139,38.036272089506,-84.551366449014
69642,DIVA'S,1318 RUSSELL CAVE RD.,40505,53,2005-04-07,2025-12-05,92,38.069564899422,-84.478881452955
69657,TED'S MONTANA GRILL,2304 SIR BARTON WAY STE #170,40509,11,2005-01-04,2025-11-11,99,,
69724,APNA BAZAAR,3130 MAPLELEAF DRIVE,40509,610,2005-04-05,2017-01-25,22,38.006593603162,-84.425601552842
69853,PANADERIA AGUASCALIENTES,1465 ALEXANDRIA DR,40504,607,2005-06-01,2014-06-12,46,38.047479261135,-84.552075371369
69860,EVAN'S ORCHARD & CIDER MILL,180 STONE ROAD,40324,610,2007-06-07,2016-05-21,6,38.207473166119,-84.478583919715
69882,CHICK-FIL-A,1863 PLAUDIT PLACE,40509,605,2005-01-21,2025-11-03,96,38.016287968147,-84.418255482162
69920,MELLOW MUSHROOM,503 SOUTH UPPER STREET,40508,605,2005-03-14,2022-10-18,99,38.043454560051,-84.503407516922
70021,GENJI LLC. SUSHI BAR,"161 LEXINGTON GREEN CIR, STE A2",40503,605,2005-03-24,2016-12-14,24,37.992954800994,-84.523973904593
70022,AFC ZENSHI @ KROGER # 407,3101 RICHMOND ROAD,40509,# 407,2005-01-24,2025-12-03,91,,
70024,ZENSHI HANDCRAFTED SUSHI @ KROGER #784,704 EUCLID,40502,@ KROGER #784,2005-05-17,2025-12-05,99,38.031433015383,-84.492693181187
70031,RUTH HUNT CANDIES,213 WALTON AVE,40502,610,2005-05-31,2025-08-14,27,38.039616997704,-84.481681712236
70142,SOUL FRIED,"602 NORTH LIMESTONE, STE A",40505,605,2005-03-18,2018-11-06,34,38.060453024733,-84.474951260008
70144,SOUTHERN ACRES CHRISTIAN,301 HARVARD DRIVE,40517,605,2005-04-28,2020-02-21,56,37.979498562195,-84.522150161385
70185,AMERICAN LEGION POST # 8,1230 MAN-0-WAR PLACE,40504,# 8,2017-01-13,2025-12-03,47,,
70243,SUBWAY SOUTHLAND,360 SOUTHLAND DRIVE,40503,605,2005-04-01,2023-10-11,85,38.017068144594,-84.525364065782
70261,TRINITY HILL CHILD CARE CENTER,210 E. REYNOLDS ROAD,40517,CENTER,2005-04-19,2025-10-06,80,37.989508308148,-84.518725731414
70276,EXTREME PIZZA,"2304 SIR BARTON WAY, #185",40509,605,2005-01-13,2013-07-08,17,,
70400,CHIPOTLE MEXICAN GRILL OF CO,345 SOUTH LIMESTONE,40508,11,2005-02-23,2025-12-08,87,38.042425611122,-84.502704652854
70455,HOME PICKINS - RETAIL,592 PILGRIMS REST RD,40447,610,2005-08-27,2013-04-20,7,37.44697679013,-83.968990598024
70478,CHINA STAR,196 N. MARTIN LUTHER KING,40507,605,2005-01-25,2025-11-12,116,38.047120949034,-84.492058176639
70695,J J TROPICAL FOOD WAREHOUSE,565 E NEW CIRCLE RD #11,40505,610,2005-01-12,2023-11-09,72,38.052621365652,-84.457522087759
70702,MURPHY'S ROASTED ALMONDS,3401 NICHOLASVILLE ROAD,40503,603,2005-10-14,2013-10-28,10,37.98845683202,-84.525168704428
70805,CENTER FOR CLINICAL & TRANSLATIONAL SCIENCE,800 ROSE ST. ROOM C-300,40536,605,2005-04-19,2019-02-28,50,38.032831817334,-84.506721276415
70890,CHIPOTLE MEXICAN GRILL #572,2905 RICHMOND ROAD,40509,#572,2005-03-27,2025-11-17,85,38.006202346769,-84.449491185027
70927,SUBWAY,1070 CHINOE RD STE 140,40502,605,2005-02-14,2021-05-20,107,37.996964005745,-84.481101771874
70931,PADDOCK BAR,319 B. SOUTH LIMESTONE,40507,54,2005-02-14,2025-12-08,59,,
70989,GORDON FOOD SERVICE STORE,1856 PLAUDIT PLACE,40509,STORE,2005-02-14,2025-12-10,122,38.015846338618,-84.418381047631
70999,DELICIA'S,"185 PASADENA DRIVE, SUITE 150",40503,11,2005-05-19,2025-08-13,98,38.004560893918,-84.522340070843
71063,MR KABAB,2901 RICHMOND RD #150,40509,11,2005-01-03,2025-11-05,159,,
71072,ALI BABA GROCERY STORE,412 SOUTHLAND DR,40503,610,2005-02-25,2023-11-22,317,38.018581180749,-84.527124705229
71151,ASIA CAFE,"1600 LEESTOWN ROAD, SUITE 164",40511,605,2005-02-23,2015-06-16,28,38.067140773235,-84.525708417293
71169,CVS DRUGSTORE #6942,3097 TODDS ROAD,40509,610,2005-03-16,2025-09-19,29,38.009517914381,-84.424516529418
71172,WIRED D C,1720 NICHOLASVILLE RD. BLDG.E,40503,605,2005-03-15,2012-12-06,18,38.019213123081,-84.51371657933
71209,AUNTIE ANNE'S  PRETZELS,3401 NICHOLASVILLE ROAD  PK 55,40503,605,2005-05-04,2022-09-01,78,37.98845683202,-84.525168704428
71210,MCDONALD'S,5521 ATHENS-BOONESBORO ROAD,40509,605,2005-01-27,2025-11-14,94,37.961589844519,-84.386626047404
71289,ARCHITECTURAL KITCHENS & BATHS,345 LAFAYETTE AVE,40502,& BATHS,2005-03-10,2025-09-22,82,38.032712722657,-84.492084392196
71366,"MTANI CATERING, LLC",468 SQUIRES ROAD,40515,605,2005-02-28,2017-05-24,31,37.991089798024,-84.448388596801
71384,11TH FRAME LOUNGE,205 SOUTHLAND DR,40503,605,2005-03-08,2013-10-17,22,38.012549076224,-84.519564357213
71402,SUBWAY,3320 PARTNER PLACE #108,40503,605,2005-01-18,2025-08-06,108,37.99591527004,-84.546621730818
71430,CASABLANCA,287 SOUTH LIMESTONE STE 50,40508,605,2005-04-07,2012-12-11,13,38.043632781335,-84.501052424846
71470,CHINA KITCHEN,"3094 RICHMOND ROAD, SUITE 180",40509,605,2005-02-01,2019-10-24,118,38.003166194451,-84.448208813751
71495,NUHEALTH LIFESTYLE - GENESIS,3001 BLAKE JAMES DR.,40509,GENESIS,2005-01-04,2025-10-15,187,38.008236986987,-84.436247548575
71528,THE PIZZA STAND,207 LEGENDS LANE,40505,605,2005-04-07,2019-08-14,70,38.064057019028,-84.478400964329
71529,THE DUGOUT,1295 N. BROADWAY,40505,605,2005-01-04,2015-08-25,24,38.063289641671,-84.479349521271
71591,JESSIE JOHNSON FARMERS MKT RETAIL,209 KENTUCKY AVE,40324,610,2005-05-24,2022-06-12,12,38.035689719456,-84.492452261641
71625,COMFORT INN,5531 ATHENS-BOONESBORO ROAD,40509,605,2005-01-12,2022-03-28,81,37.961533657885,-84.386520238019
71675,MICHIKUSA,125 CODELL DR  STE #128,40509,11,2005-04-06,2025-07-17,45,38.01227529482,-84.452317836305
71680,WENDY'S SNO KONES STATEWIDE,3276 FEATHERSTON DRIVE,40515,603,2005-05-11,2010-07-03,7,37.973262670181,-84.453693750047
71688,PURPLE HAZE - BODY PIERCING,,40508,,2025-12-17,2025-12-17,1,,
71759,CHIPOTLE MEXICAN GRILL OF CO,1869 PLAUDIT PLACE #140,40509,OF CO,2005-05-04,2025-10-03,102,38.016676775875,-84.417999066527
71767,THIRD STREET STUFF COFFEE,257 N LIMESTONE ST,40507,605,2005-02-18,2025-08-08,90,38.049353894464,-84.492914417734
71769,HAMPTON INN - LEXINGTON,3060 LAKECREST CIRCLE,40513,605,2005-06-02,2024-01-29,128,38.016887062795,-84.554431347096
71784,TRIPLE J BEEF & FARM,2287 LONG LICK ROAD,40324,610,2005-06-03,2022-06-12,17,38.266997756507,-84.604733153845
71789,HOLIDAY INN EXPRESS - INDOOR,,40504,- INDOOR,2025-12-02,2025-12-02,1,,
71831,STARBUCKS COFFEE #8734,1869 PLAUDIT PLACE STE 110,40509,605,2005-02-09,2025-08-18,98,38.016676775875,-84.417999066527
71832,RITE AID #3947,1335 S BROADWAY,40504,610,2005-01-07,2019-01-04,20,38.034069861056,-84.523163271229
71880,APPLEBEE'S NEIGHBORHOOD GRILL & BAR,1761 SHARKEY WAY,40511,GRILL & BAR,2005-05-31,2025-10-21,101,38.068466531984,-84.530051526155
71881,HYATT PREP KITCHEN,410 W VINE ST.,40507,605,2005-02-03,2019-10-24,61,38.049316781514,-84.501044692312
71926,FIREBROOK POOL SNACK BAR,4740 FIREBROOK BLVD.,40513,62,2006-05-22,2024-06-25,18,37.994313630694,-84.592799914514
71937,SHARKY'S (STATE MOBILE),616 CARVER ROAD,40511,605,2005-07-16,2023-04-29,28,38.078527086037,-84.482080316325
71970,STARBUCKS COFFEE #7931,2703 RICHMOND RD,40509,605,2005-01-27,2025-09-10,100,38.009246825809,-84.454344860319
71975,TEKKA GRILL & SUSHI,2300 SIR BARTON WAY  #110,40509,11,2005-05-16,2025-07-18,106,,
71992,COMFORT SUITES,3060 FIELDSTONE WAY,40513,605,2005-04-12,2022-08-11,105,38.013682117897,-84.557125910678
72011,LEXINGTON FAIRFIELD INN & SUITES,3050 LAKECREST CIRCLE,40513,INN & SUITES,2005-01-25,2025-10-27,155,,
72018,MINIT MART #664,109 TOWN CENTER DRIVE,40511,607,2005-05-31,2023-03-10,134,38.067004850529,-84.530715948541
72019,PARK EARLY CHILDHOOD CENTER,645 EAST HIGH STREET,40502,605,2005-03-23,2013-12-17,19,38.033127371123,-84.490978356711
72061,PENUMBRA L.L.C,,40508,,2025-09-22,2025-09-22,1,,
72071,ACTIVE DAY OF LEXINGTON,2432 REGENCY RD,40503,605,2005-06-07,2014-05-16,20,38.00381938108,-84.525061893554
72115,DOLLAR TREE #8052,4226 SARON DR,40515,610,2005-02-02,2025-10-23,37,37.967327298747,-84.5021689632
72129,SOLID ROC CAFE,3100 TATES CREEK RD.,,,2016-08-15,2019-11-01,32,38.005099933697,-84.495734112419
72178,APPLE MARKET #5019,867 S BROADWAY ST,40504,607,2005-05-16,2011-12-05,12,38.039814789729,-84.513786405666
72188,PUCCINI'S PIZZA,833 CHEVY CHASE PLACE,40502,11,2005-04-05,2025-12-30,166,38.028956239001,-84.491727075388
72249,DONG YANG MARKET,"3330 PARTNER PLACE, SUITE 20",40503,610,2005-03-04,2013-03-28,26,37.995773592138,-84.546697690661
72266,STARBUCKS @ KY CLINIC,745 ROSE ST,40506,605,2005-04-19,2025-11-12,82,,
72277,DOUBLE H BBQ,1244 VERSAILLES RD,40508,605,2005-01-18,2025-12-04,99,38.049938778701,-84.519745085093
72281,TALON WINERY PAVILLION,7086 TATES CREEK ROAD,40513,11,2005-03-15,2025-12-04,77,37.908800407932,-84.452577852123
72294,THE NEW SHANGHAI BISTRO,4101 TATES CREEK CTRE #118,40517,11,2005-03-02,2025-07-22,95,37.96993417395,-84.497580956576
72491,"FROM THE HEART CATERING, LLC",1055 INDUSTRY RD,40505,605,2017-05-25,2017-05-25,2,38.044327985718,-84.460611347645
72521,SUBWAY #17552 @ WAL-MART,500 W. NEW CIRCLE RD,40511,605,2005-03-25,2025-10-06,114,38.071969711268,-84.479773925645
72553,BONEFISH GRILL #7851,2341 SIR BARTON WAY,40509,11,2005-03-04,2025-12-18,98,38.025917963178,-84.422719702288
72563,KENTUCKY HONEY - FARMERS MKT RETAIL,1909 NICHOLASVILLE RD,40503,610,2005-08-27,2017-06-03,8,38.013386430961,-84.516014080889
72666,HOOT OWL HOLLER FARM,101 REYNOLDS RD,40440,610,2005-08-27,2017-06-03,10,,
72676,TAJ INDIA INDIAN RESTAURANT,154 PATCHEN DR #68,40517,11,2005-05-03,2025-10-10,122,38.008354470155,-84.455821142583
72691,SHELL FOODMART,6400 POLO CLUB BLVD.,40509,607,2005-05-18,2025-12-30,165,38.024420890143,-84.405336669256
72696,AZUR,3070 LAKECREST CIR STE #550,40513,605,2005-01-03,2025-12-04,139,38.017008723007,-84.554645519714
72708,EMERSON CENTER,2050 GARDEN SPRINGS DR,,,2017-04-04,2021-06-21,32,38.027692765442,-84.542781119709
72763,LIQUOR BARN,1837 PLAUDIT PLACE,40509,610,2005-10-14,2025-11-24,222,38.015546925193,-84.418738075697
72796,SAM'S SUBS LLC,2308 SIR BARTON WAY 185,40509,605,2005-01-28,2012-01-12,22,,
72931,LA CENTRO AMERICANA,780 N LIMESTONE ST,40505,607,2005-01-10,2009-06-03,26,38.05645961763,-84.482630783701
72949,SPRINGHILL SUITES LEXINGTON NEAR THE UNIVERSITY,863 S BROADWAY ST,40504,NEAR THE,2005-06-27,2025-09-08,188,38.039874121357,-84.513690266452
73044,RED MILE READINESS PRESCHOOL,1141 RED MILE RD,40504,605,2005-01-03,2013-07-30,26,38.039967144361,-84.519320646516
73323,"PUDDLE JUMPERS LEARNING CENTER, LLC",1507 VERSAILLES RD,40504,605,2005-08-01,2012-08-07,11,38.049316903512,-84.528745728092
73337,SAV'S RESTAURANT,630 E MAIN ST,40508,605,2005-02-15,2022-06-29,82,38.036890823751,-84.486426452405
73346,ALCHEMY BODY PIERCING LLC,,40502,LLC,2025-12-19,2025-12-19,1,,
73479,JAY'S,3735 PALOMAR CENTRE DR. #120,40513,605,2005-02-28,2012-09-13,28,38.003459531439,-84.571166851002
73484,CHRYSALIS HOUSE FAMILY PROGRAM,1588 HILL RISE DR,40504,PROGRAM,2005-03-11,2025-08-18,90,38.046851098486,-84.533335654959
73518,SALYERS FARM,@ FARMERS' MARKET,40507,610,2005-08-27,2008-07-24,4,,
73553,NEWTOWN CROSSING - OUTDOOR,,40508,OUTDOOR,2025-07-21,2025-07-21,1,,
73631,COSI RESTAURANT,1890 STAR SHOOT PKWY STE #195,40509,605,2005-06-17,2018-08-08,78,38.024425040176,-84.423390560814
73693,SAPORI D'ITALIA MARKET,327 ROMANY RD,40502,607,2005-04-21,2012-05-14,14,38.020135083892,-84.485749226242
73694,PANERA BREAD #1018,"2380 NORMAN LN, STE #110",40503,605,2005-08-08,2015-11-30,28,38.004751890131,-84.51997010924
73698,SELBY'S TROPICAN FOOD MART,2339 WOODHILL DR,40509,MART,2005-04-20,2025-09-12,85,38.017535221238,-84.455253817141
73711,WALGREENS #17946,3813 DYLAN PLACE,40514,610,2005-11-18,2025-11-18,28,37.981517197815,-84.55173757336
73758,COLD STONE CREAMERY #1869,2337 SIR BARTON WAY,40509,#1869,2005-07-15,2025-12-08,121,38.025797982683,-84.422788262574
73819,BRIGHTON 3050 - OUTDOOR ESPORTA FITNESS - INDOOR,,40509,ESPORTA FITNESS - INDOOR,2025-07-29,2025-07-29,1,,
73820,SHOW-ME'S RESTAURANT,1973 BRYANT ROAD,40509,605,2005-05-11,2012-11-08,38,38.019031317521,-84.411779017457
73821,QDOBA MEXICAN GRILL #2294,2337 SIR BARTON WAY,40509,605,2005-07-07,2023-01-10,101,38.025797982683,-84.422788262574
73827,OLD VINE BISTRO,400 OLD VINE ST #108,40502,605,2005-05-06,2023-08-30,200,,
73839,KEBAB MANIA,3340 CLAYS MILL RD #140,40503,605,2006-05-02,2016-08-24,26,37.996502880044,-84.54849179327
73864,ICE HOUSE (VENDING),820 N BROADWAY,40505,610,2005-05-23,2018-06-15,15,38.059940236552,-84.484016463844
73927,GREAT HARVEST BREAD CO,"3735 PALOMAR CTR, STE 130",40513,605,2005-05-25,2015-01-16,38,38.003459531439,-84.571166851002
73934,CHICK-FIL-A FAYETTE MALL,3417 NICHOLASVILLE RD. FC-52,40503,605,2005-07-07,2014-11-17,23,37.988213316776,-84.525299822272
73977,SUBWAY #36137 @WAL-MART,4051 NICHOLASVILLE RD. STE 125,40503,605,2005-06-09,2025-08-04,99,37.978244863609,-84.529395890349
74015,EL REY DE MARISCOS 1485-1 ALEXANDRIA DR.,1485-1 ALEXANDRIA DR.,40504,1485-1 ALEXANDRIA DR.,2005-10-11,2025-11-03,157,38.047136384361,-84.552034408244
74017,CENTRAL BAPTIST CHURCH,110 WILSON DOWNING RD.,,,2016-10-24,2019-10-04,28,37.986055769049,-84.525490515425
74274,IRON CHEF,"3090 OLD TODDS ROAD, STE. #130",40509,11,2005-09-21,2025-12-03,126,38.009376985979,-84.424672120457
74275,WALGREENS #09857,110 TOWN CENTER DR,40511,610,2006-04-05,2024-01-12,30,38.066916150452,-84.530619401934
74356,THREE TOADS FARM,@ FARMERS MARKET,40507,610,2005-08-27,2016-05-21,10,,
74414,LITTLE CAESARS PIZZA,135 E NEW CIRCLE RD  #110,40505,605,2005-11-28,2025-11-19,128,38.064331612253,-84.468934747609
74487,OAK SPRINGS GRILL,3395 NICHOLASVILLE ROAD,40503,605,2006-04-06,2016-11-17,33,37.988560094097,-84.525114246965
74489,"CINEMARK USA, INC. (FAYETTE MALL)",3800 MALL ROAD,40503,MALL),2006-06-23,2025-10-08,82,37.984219969129,-84.531479958243
74490,THAI STREET FOOD KITCHEN,"3340 CLAYS MILL RD., STE. 110",40503,605,2006-02-09,2025-10-13,104,37.996502880044,-84.54849179327
74491,STARBUCKS COFFEE #10075,3809 DYLAN PLACE,40514,11,2005-12-12,2025-11-10,95,37.981393862809,-84.551812777635
74523,SPEEDWAY #9397,1281 E NEW CIRCLE RD,40505,54,2006-06-29,2025-08-18,157,38.029905438592,-84.4523813345
74524,HOMEWOOD SUITES,,40509,,2025-12-03,2025-12-03,1,,
74525,HOMEWOOD SUITES,2033 BRYANT RD,40509,607,2006-01-11,2021-09-15,133,38.017901308615,-84.41026860108
74587,CITATION POINTE - OUTDOOR POOL,,40511,POOL,2025-08-13,2025-08-13,1,,
74601,JET'S PIZZA KY 10 LLC,"1030 S BROADWAY, #8",40504,605,2010-06-04,2025-08-25,90,38.03808243971,-84.516279575827
74627,SHAKING SEAFOOD & WINGS,3110 MAPLELEAF DRIVE,40509,605,2006-01-04,2023-04-11,47,38.007236275338,-84.426319968143
74734,TRANSYLVANIA UNIVERSITY RAF CAFE,361 N. BROADWAY,40508,610,2005-09-13,2023-10-09,56,38.052529879544,-84.49489272939
74800,HOMEWOOD SUITES - OUTDOOR,,40509,,2025-08-28,2025-08-28,1,,
74801,EL GRAN TAKO,340 E. NEW CIRCLE ROAD STE.100,40505,11,2005-09-19,2025-12-03,192,38.058823751768,-84.463841077792
74858,WENDY'S,1760 SHARKEY WAY,40504,605,2005-09-26,2025-07-29,79,38.068711895996,-84.5304921761
74859,KEENELAND SALES PAVILION,4201 VERSAILLES RD,40510,605,2005-09-12,2025-09-26,76,38.042657946848,-84.60702556961
74907,COUNTRY INN & SUITES,2297 EXECUTIVE DRIVE,40505,605,2005-11-15,2025-08-21,103,38.042224208065,-84.428624681224
74909,JUMP START ENRICHMENT PROGRAM,435 RACE STREET,40508,PROGRAM,2006-01-19,2025-11-24,98,38.045950760891,-84.483686841823
74940,LOGAN'S ROADHOUSE RESTAURANT,140 ROJAY DRIVE,40503,605,2006-04-18,2020-10-01,93,37.984644959568,-84.528221283878
74975,"ORIGINAL BROOKLYN PIZZA, THE","3330 PARTNER PL., STE. 124",40513,605,2006-01-05,2019-02-08,79,37.995773592138,-84.546697690661
74988,CONFUSED CONFECTIONS BAKEHOUSE,"3100 OLD TODDS ROAD, STE. 170",40509,607,2005-11-15,2014-06-13,27,38.00980751073,-84.423034580332
74990,TACO TIME,"2220 NICHOLASVILLE, STE. 102",40503,605,2005-09-26,2023-01-17,108,38.008008586798,-84.517638342533
74992,DOLLAR GENERAL STORE #10340,1769 ALEXANDRIA DRIVE,40504,610,2005-10-18,2024-01-25,31,38.038891662282,-84.552608975557
75004,TACK HOUSE PUB,4401 OLD HARRODSBURG ROAD,40513,11,2006-02-14,2025-12-09,97,37.996298717961,-84.584698652964
75014,STARBUCKS #9983,870 S. BROADWAY,40504,605,2006-08-14,2025-08-22,93,,
75019,FAYETTE REG. JUV. DET. CTR.,3475 SPURR ROAD,40511,CTR.,2005-10-28,2025-09-10,79,38.110660192121,-84.548444778352
75020,FAYETTE REG. JUV. DET. CTR.,,40511,CTR.,2025-09-10,2025-09-10,1,,
75022,FAYETTE REG. JUV. DET. CTR.,,40511,CTR.,2025-09-10,2025-09-10,1,,
75036,EDIBLE ARRANGEMENTS,"3101 RICHMOND ROAD, STE. 304",40509,607,2005-11-28,2022-11-29,101,,
75076,SUPER 8 MOTEL,2351 BUENA VISTA ROAD,40505,605,2005-11-15,2021-04-23,81,38.041741825198,-84.421758011341
75078,THE CELLAR BAR & GRILL,3256 LANSDOWNE DR #50,40502,605,2006-04-06,2025-11-17,100,37.998737175117,-84.498218862208
75079,GOODFELLAS PIZZERIA,110 N MILL STREET,40507,605,2006-02-13,2025-07-22,101,38.048317896903,-84.498515591322
75081,"ABC 123 LEARNING CENTER, LLC",285 E. SIXTH STREET,40508,605,2006-05-15,2019-01-23,51,38.050321974121,-84.482299474177
75117,"SIX BROTHERS, INC.",508 W. SIXTH STREET,40508,607,2005-11-09,2012-07-05,81,38.059160208094,-84.492169079791
75118,"FROM THE HEART CATERING, LLC",501 W. SIXTH STREET,40508,605,2021-03-10,2021-09-30,4,38.05918362219,-84.491999523951
75167,WALGREENS #10206,2290 NICHOLASVILLE ROAD,40503,610,2006-08-24,2025-11-20,26,38.006088443644,-84.518311320292
75168,WALGREENS #09631,101 EAST REYNOLDS ROAD,40517,610,2006-05-10,2024-01-09,36,37.991157098149,-84.523522211681
75216,GRIME'S RESTAURANT,325 ROOSEVELT BLVD.,40508,11,2006-08-10,2025-11-04,150,38.067246076671,-84.505968433391
75225,MAGNOLIA RUN - OUTDOOR,,40514,,2025-08-28,2025-08-28,1,,
75229,HAMBURG FARMS - OUTDOOR,,40509,,2025-08-07,2025-08-07,1,,
75230,SIGNATURE CLUB OF LANSDOWNE - OUTDOOR,,40502,- OUTDOOR,2025-08-21,2025-08-21,1,,
75261,TROPICAL SMOOTHIE,"1060 CHINOE ROAD, #112",40502,605,2006-03-16,2013-03-13,20,37.997769521367,-84.48071491237
75296,WENDY'S #711,5365 ATHENS-BOONESBORO ROAD,40509,11,2006-01-23,2025-11-25,80,37.964246847119,-84.391284941805
75308,LA TAQUIZA,"130 W. TIVERTON WAY, #190",40503,11,2006-03-27,2025-12-05,113,37.980929410968,-84.53096306968
75329,LA FITNESS & PRO RESULTS,1028 WELLINGTON WAY,40513,605,2006-01-03,2012-08-31,17,38.005436376965,-84.570113286933
75331,THE LOCAL TACO,315 S LIMESTONE,40508,605,2011-09-07,2025-11-24,82,38.043111321914,-84.50178621154
75371,SIGNATURE GRILLE,3256 LANSDOWNE DRIVE,40502,11,2006-05-24,2024-06-20,67,37.998737175117,-84.498218862208
75390,VIP EARLY LEARNING CENTER,"1392 TRENT BLVD., STE. 3 & 4",40517,605,2006-02-01,2022-12-08,74,37.969935554615,-84.479970609081
75419,STARBUCKS COFFEE #10374,2700 WILHITE DRIVE,40503,605,2006-07-10,2025-07-17,75,37.996635946493,-84.519068315509
75421,SUPER MERCADO AGUASCALIENTES #5,2220 NICHOLASVILLE RD. STE 156,40503,#5,2006-02-28,2025-11-11,210,38.008008586798,-84.517638342533
75509,EZ STOP SHOP,833 GEORGETOWN STREET,40508,610,2007-06-11,2013-02-05,84,38.069034049422,-84.504155141771
75514,CULVER'S RESTAURANT,360 MEIJER WAY,40503,605,2006-09-19,2025-10-06,73,37.994775052962,-84.532214776085
75632,CULVER'S RESTAURANT,2161 PAUL JONES WAY,40509,605,2006-07-21,2025-10-02,109,38.020398636399,-84.420173656132
75633,AYAME JAPANESE & GOURMET MARKET,"115 CODELL DRIVE, STE 120",40509,610,2006-05-03,2023-08-09,165,38.012047932246,-84.451764745375
75634,SPALDINGS BAKERY,760 WINCHESTER ROAD,40505,605,2006-03-23,2025-10-15,78,38.0411679006,-84.476185253836
75702,JEAN FARRIS WINERY,6825 OLD RICHMOND ROAD,40515,605,2006-10-18,2023-08-25,92,37.931370291181,-84.383493003305
75712,LA MEXICANA LLC,1916 OXFORD CIRCLE,40504,62,2006-03-22,2025-09-22,43,38.049762768837,-84.542047087051
75714,CARINO'S #904,135 ROJAY DRIVE,40503,605,2006-09-19,2017-06-21,32,37.984622650435,-84.528555954428
75722,DARAE & FRIENDS,"3459 BUCKHORN DR., #140",40515,11,2006-09-25,2025-11-18,106,37.976242543383,-84.458684550364
75825,TACO BELL #23156,1768 SHARKEY WAY,40511,605,2006-09-06,2025-12-09,98,38.068692097642,-84.530786050363
75852,PANCHITOS,2729 TRAILWOOD LANE,40511,610,2006-03-31,2025-08-15,16,38.080657032902,-84.552118746892
75859,P.F. CHANG'S CHINA BISTRO,3405 NICHOLASVILLE ROAD,40503,11,2006-10-18,2025-11-25,108,37.988330137274,-84.525238630579
75965,LEXINGTON GRIFFIN GATE MARRIOTT RESORT&SPA,,40511,MARRIOTT RESORT&SPA,2025-07-21,2025-07-21,1,,
75967,GLENEAGLES APARTMENTS - OUTDOOR,,40509,- OUTDOOR,2025-08-21,2025-08-21,1,,
75979,LEE'S GARDEN,"680 LIMA DRIVE, #110",40511,605,2007-01-11,2023-10-03,125,38.07290930865,-84.505884656143
75980,PANDA CUISINE,2358 NICHOLASVILLE ROAD #115,40503,605,2006-09-27,2025-10-29,165,38.004352923885,-84.518931267256
75988,IHOP RESTAURANT,1505 E NEW CIRCLE ROAD,40509,11,2006-10-02,2025-07-18,120,38.020141826525,-84.45547893405
75989,SUBWAY DELI,2358 NICHOLASVILLE ROAD,40503,605,2006-08-03,2022-10-20,114,38.004352923885,-84.518931267256
75992,THE FUTILE BAKERY,399 WALLER AVENUE STE. 130,40504,605,2006-09-20,2023-08-02,77,38.031652580064,-84.521124622023
76013,BD'S MONGOLIAN GRILL,2309 SIR BARTON WAY,40509,11,2006-09-05,2025-08-19,121,38.024924310379,-84.423198883069
76014,STARBUCKS #10829,"3401 NICHOLASVILLE RD., PK11",40503,605,2006-09-20,2020-12-14,82,37.98845683202,-84.525168704428
76026,"LEARNING EXPERIENCE, THE",2501 SANDERSVILLE ROAD,40511,605,2007-02-16,2024-01-30,83,38.086840248526,-84.531669499537
76172,GIACOMO'S,133 N. LIMESTONE,40507,605,2006-06-02,2011-12-28,16,38.04715040424,-84.496064565289
76236,STARBUCKS COFFEE COMPANY #10689,2320 VERSAILLES RD STE. 100,40504,#10689,2006-09-15,2025-10-09,100,38.046481929213,-84.554351531594
76237,STARBUCKS @ WT YOUNG LIBRARY,401 HILLTOP AVE,40506,LIBRARY,2007-11-14,2025-11-12,83,38.032267578571,-84.502575919476
76396,EL ESPALON MEXICAN RESTAUANT,"191 JEFFERSON STREET, 1ST FLOOR",40507,605,2006-06-12,2019-07-24,60,38.05345213526,-84.500873139279
76398,SAM'S HOT DOGS STAND,105 N. LIMESTONE,40508,605,2006-06-26,2025-11-04,93,38.046579553737,-84.496877647159
76416,KARE BEARS,"3155 CUSTER DRIVE, SUITE A",40517,31,2006-08-30,2025-11-19,82,37.988568943175,-84.459471640951
76417,CHAMPS SKATE CENTER,297 RUCCIO WAY,40513,11,2007-06-28,2025-12-04,111,37.997291114361,-84.53303240102
76425,BOYD ORCHARDS,1390 PINCKARD PIKE,40383,610,2007-01-03,2016-07-23,4,37.997602366506,-84.699981279554
76520,APPLEBEE'S NEIGHBORHOOD GRILL & BAR,2299 RICHMOND ROAD,40502,605,2007-08-21,2016-03-28,29,,
76618,ATHENS-CHILESBURG ELEMENTARY,,40509,,2025-10-28,2025-10-28,1,,
76625,ATHENS-CHILESBURG ELEMENTARY,900 CHILESBURG ROAD,40509,605,2006-08-08,2025-10-28,76,,
76646,T.G.I. FRIDAYS,144 ROJAY DRIVE,40503,605,2007-02-14,2017-12-13,39,37.984659093359,-84.528268451286
76650,PANERA BREAD #1176,3705 PALOMAR CENTRE DRIVE,40513,605,2006-11-30,2025-10-29,90,38.004508602545,-84.569350177116
76661,BRACKTOWN BAPTIST CHURCH,3016 BRACKTOWN ROAD,40511,605,2017-03-15,2025-10-14,38,38.091505124413,-84.560785837042
76706,STK TOBACCO,1507 RUSSELL CAVE RD.,40505,610,2006-08-08,2021-10-01,29,38.071228921661,-84.476591392781
76789,BLUEGRASS TAVERN,115 CHEAPSIDE,40507,605,2007-01-03,2025-10-28,123,38.047934211558,-84.498488936511
76790,ARBOR YOUTH SERVICES,536 W. THIRD STREET,40508,605,2017-01-13,2025-09-22,35,38.056220338526,-84.50009745733
76793,MOE'S SOUTHWESTERN GRILL,"141 ROJAY DRIVE, STE. 120",40502,605,2006-12-03,2025-11-10,113,37.984601449747,-84.528485203315
76794,THE FRESH MARKET,3387 TATES CREEK ROAD,40502,607,2007-04-20,2025-11-05,164,37.994352874781,-84.495500739511
76795,COFFEA,383 ROSE STREET,40502,605,2007-01-09,2020-08-27,64,38.038195870601,-84.499363145987
76796,THE PUB,3750 MALL ROAD,40503,605,2006-11-27,2017-09-21,54,37.984673466857,-84.530985106989
76797,WALMART MARKET #4413,4230 SARON DRIVE,40515,55,2007-02-20,2025-07-31,130,37.967220252239,-84.502155547951
76805,RITE AID #7892,100 MALABU DRIVE,40503,610,2007-06-28,2018-01-10,20,38.00333328313,-84.519316140454
76882,GULF FOOD MART,405 WALLER AVENUE,40504,610,2007-04-05,2025-09-10,29,38.031771443156,-84.521268719317
76884,EL CHARRO AUTHENTIC MEXICAN CUISINE,4371 OLD HARRODSBURG RD STE 180/190,40513,MEXICAN CUISINE,2006-10-20,2025-09-09,93,37.996305876542,-84.58463320306
76885,WALGREENS #17142,6401 POLO CLUB BLVD.,40509,610,2007-01-22,2025-11-07,29,38.024514535737,-84.405420507096
76889,SUPER MERCADA AQUASCALIENTES-4,2341 WOODHILL DRIVE,40509,607,2006-11-17,2025-11-13,194,38.017521863025,-84.45519618601
77031,MAA TWO INC - MARATHON,531 SOUTHLAND DRIVE,40503,610,2013-01-16,2022-10-24,14,38.025617428405,-84.529411809866
77032,WALGREENS #10776,2209 RICHMOND RD.,40502,610,2007-07-25,2025-12-16,22,,
77033,"ORCHID FLOWER, LLX","3090 TODDS RD., STE. #160",40509,605,2007-02-12,2011-12-14,15,38.009376985979,-84.424672120457
77034,SMASHING TOMATO RESTAURANT,3801 MALL ROAD,40503,605,2006-12-06,2025-10-06,95,37.985253300986,-84.530712605953
77069,TOTAL WINE,"2321 SIR BARTON WAY, STE. #160",40509,610,2006-10-16,2024-01-17,23,38.02530875979,-84.423046767955
77156,PIZZA INN,"6400 POLO CLUB LANE, STE. 150",40509,605,2006-10-27,2017-11-20,27,38.024420890143,-84.405336669256
77174,TUESDAY MORNING #921,2909 RICHMOND ROAD,40509,610,2006-11-03,2016-07-29,15,38.005984188764,-84.449315606281
77200,WEST COAST GOURMET PIZZA,2348 NICHOLASVILLE RD STE. 120,40503,PIZZA,2013-04-19,2025-08-15,56,38.004578614531,-84.518849913642
77202,RED BANG BANG SUSHI,"3801 MALL ROAD, STE. 135",40503,605,2006-12-27,2019-11-27,115,37.985253300986,-84.530712605953
77266,WALGREENS #10801,2285 VERSAILLES ROAD,40504,610,2007-06-14,2014-01-08,14,,
77268,KROGER FIELD KETTLE KORN GATE 4 UPPER LEVEL,1540 UNIVERSITY DR,40506,603,2006-11-11,2023-09-16,60,38.020735764383,-84.509953367431
77357,WALMART #3894,2350 GREY LAG WAY,40509,55,2007-01-12,2025-12-11,149,38.037611926579,-84.424724700593
77358,SKY 22/AUNTIE ANN'S,"2350 GREY LAG WAY, #160",40505,605,2007-01-16,2025-08-08,143,38.037611926579,-84.424724700593
77359,CARAMANDA'S BAKE SHOPPE,332 SOUTHLAND DR.,40503,605,2007-01-17,2022-10-10,121,38.016466550981,-84.524642941714
77360,HOP CAT,410 W SHORT STREET,40507,605,2006-11-16,2019-10-11,76,38.049563787331,-84.499349117932
77417,PAPA MURPHY'S TAKE 'N' BAKE PIZZA,2348 NICHOLASVILLE RD,40503,605,2007-02-16,2011-10-24,10,38.004578614531,-84.518849913642
77428,MARATHON EAST MAIN,801 EAST MAIN STREET,40502,610,2007-08-23,2025-11-13,36,38.035184166341,-84.484346366955
77492,UK HYDROTHERAPY THERMAL PLUNGE - INDOOR,,40508,PLUNGE - INDOOR,2025-11-25,2025-11-25,1,,
77493,UK HYDROTHERAPY POLAR PLUNGE - INDOOR,,40506,PLUNGE - INDOOR,2025-11-25,2025-11-25,1,,
77496,UK - HYDROTHERAPY POOL - INDOOR REGENCY POINTE TOWNHOMES -,,40506,REGENCY POINTE TOWNHOMES -,2025-12-03,2025-12-03,1,,
77498,ASIAN CAFE,"3120 PIMLICO PKWY, STE. 184",40517,605,2006-11-01,2017-09-11,38,37.986437602225,-84.46117919731
77634,CARAMANDAS,332 SOUTHLAND DRIVE,40503,610,2007-03-09,2007-03-09,1,38.016466550981,-84.524642941714
77652,FIREHOUSE SUBS #301,"535 S UPPER ST., STE. 175",40508,605,2007-05-04,2017-04-21,24,38.042829858033,-84.504305055056
77700,UNIQUE CATERING BY TIM CARSON,3459 BUCKHORN DRIVE,40515,605,2007-09-12,2013-11-06,14,37.976242543383,-84.458684550364
77785,REVIVE LIFE HOUSE,185 ELM TREE LANE,,,2019-05-10,2019-12-06,4,38.045536043287,-84.490435470114
77811,"SELMA'S CATERING, LLC","1500 BULL LEA ROAD, STE. 130",40511,605,2007-06-11,2016-03-23,26,38.087823574828,-84.49429781265
77812,AFC ZENSHI @ KROGER #361,1808 ALEXANDRIA DRIVE,40504,#361,2007-03-12,2025-07-30,116,38.03622771842,-84.551163003833
77815,LEXINGTON SEAFOOD MARKET,867 E. HIGH STREET,40502,607,2007-06-25,2021-12-03,110,38.028565879026,-84.490165109396
77818,CHICK-FIL-A AT RICHMOND RD & NEW CIRCLE,2299 RICHMOND ROAD,40509,RD & NEW CIRCLE,2018-08-21,2025-11-17,38,,
77853,KIDZ KONNECTION CHILD CARE,"1020 INDUSTRY RD., STE. 26",40505,CARE,2007-03-28,2025-10-21,115,38.043415566099,-84.4602590517
77913,CHRISMAN MILL VINEYARD,2385 CHRISMAN MILL ROAD,40356,610,2007-01-03,2010-07-03,2,37.839215903961,-84.504588581664
77973,AFC ZENSHI @ KROGER #371,3650 BOSTON ROAD,40514,#371,2007-06-12,2025-11-20,77,37.98048457978,-84.551138754078
77974,GABE'S,3150 RICHMOND ROAD,40509,610,2007-05-10,2023-11-13,16,38.002008555594,-84.447007216656
78050,SUSHI WITH GUSTO,3387 TATES CREEK RD.,40502,605,2007-05-08,2025-11-11,72,37.994352874781,-84.495500739511
78063,SAM SUSHI,"3090 HELMSDALE PLACE, STE. 265",40509,605,2007-08-13,2025-11-06,80,38.012333175486,-84.420828362787
78105,SPORTSMAN'S WAREHOUSE,2200 WAR ADMIRAL WAY STE 140,40509,610,2007-05-11,2023-11-13,19,38.038195544959,-84.427026741065
78254,JUMP START,"535 S. UPPER ST., STE. 125",40508,605,2007-05-31,2025-10-22,125,38.042829858033,-84.504305055056
78260,HORSESHOE TATTOO,,40503,,2025-09-29,2025-09-29,1,,
78358,REPICCI'S ITALIAN ICE OF THE BLUEGRASS,222 WILSON DOWNING ROAD,40517,603,2007-06-07,2012-07-13,4,37.983426185193,-84.518570180735
78376,ABBONDANZA - RETAIL FOOD,400 OLD VINE ST,40507,610,2007-09-29,2012-06-30,4,,
78512,INTERSTATE BRANDS,1314 RUSSELL CAVE RD.,40505,610,2007-08-27,2012-06-15,8,38.069504654599,-84.478977482299
78536,MINI SUPER EL ABUELO,1212 VERSAILLES ROAD,40508,610,2007-07-06,2024-01-22,30,38.049969701563,-84.519024019478
78537,PROUD MARY,9079 OLD RICHMOND ROAD,40515,605,2007-07-02,2025-09-25,100,37.886566357528,-84.340008454011
78680,EL CID,304 S LIMESTONE,40508,605,2008-01-30,2022-11-09,84,38.043290661287,-84.501322324261
78681,"CREATIVE KIDS CHILD CARE, INC.",2385 HUGUENARD DRIVE,40503,"CARE, INC.",2007-07-02,2025-08-06,76,38.005269526238,-84.522690412355
78718,SON'S/PJ'S STATE MOBILE,1528 CANTRILL DRIVE,40505,605,2007-07-27,2007-07-27,1,38.04956247589,-84.448997929094
78765,HAPPY CHINA,1301 WINCHESTER RD. #109,40505,11,2007-08-06,2025-12-10,127,38.042843489057,-84.458376273754
78769,BANDIDO TAQUERIA MEXICANA,535 S. UPPER STREET STE. 145,40508,11,2010-04-19,2024-06-24,54,38.042829858033,-84.504305055056
78798,ZAXBY'S,1772 SHARKEY WAY,40511,605,2007-11-30,2022-02-08,77,38.06865440126,-84.530925872105
78800,HYATT PLACE,2001 BRYANT ROAD,40509,605,2008-12-03,2021-08-19,72,38.018622771525,-84.411230207133
78803,GEORGE PRIVETT RECOVERY CENTER (HOPE CENTER),250 LOUDON AVENUE,40508,CENTER (HOPE,2008-05-20,2025-12-05,123,38.06315037712,-84.489280092883
78857,MAN O'WAR FOUNDATION FARMHOUSE,4089 IRONWORKS PKWY,40511,605,2007-07-16,2016-11-01,23,38.147731380711,-84.520583688077
78866,IMANI FAMILY LIFE CENTER,1555 GEORGETOWN RD.,,,2017-01-23,2017-07-24,6,38.083034244709,-84.509608916497
78867,SONIC 5852,2633 RICHMOND ROAD,40509,605,2007-11-01,2024-01-25,93,38.010368141733,-84.45521924104
78868,PRINCE HOOKAH,555 S LIMESTONE,40508,605,2007-08-23,2019-09-18,77,38.039100926195,-84.506807965407
78924,CLASSIC CAKES,1896 COURTLAND DRIVE,40505,605,2007-08-31,2018-01-24,27,38.055103887975,-84.443128836983
79020,RAISING CANE'S CHICKEN FINGERS - C639,544 S. UPPER STREET,40508,FINGERS - C639,2007-09-13,2025-09-08,85,38.042758803999,-84.504187541496
79116,SUPERMERCADO AGUASCALIENTES,459 W. NEW CIRCLE RD,40511,607,2007-10-03,2025-11-05,263,38.071090590654,-84.476987062593
79179,RAISING CANE'S CHICKEN FINGERS - C640,2201 WAR ADMIRAL WAY,40509,FINGERS - C640,2007-10-02,2025-08-08,100,38.039610738189,-84.428598246467
79185,WALGREENS #18102,2284 VERSAILLES RD.,40504,610,2009-01-30,2020-12-11,15,38.046692697717,-84.551742900343
79186,RITE AID #4041,2296 EXECUTIVE DR,40509,610,2008-08-08,2019-01-07,20,38.042213169847,-84.428479856539
79200,ALDI FOOD MARKET,1509 COLESBURY CIRCLE,40511,610,2008-02-14,2025-10-24,23,38.073767423254,-84.482527868339
79256,MOD SUPERFAST PIZZA,2217 WAR ADMIRAL WAY,40509,605,2008-03-24,2025-10-10,88,38.040553715088,-84.427763324453
79290,BANTER BY PIERCING PAGODA #492,,40503,#492,2025-12-02,2025-12-02,1,,
79342,DOLLAR TREE #1117,"127 W. TIVERTON, SUITE 134",40503,610,2007-10-26,2025-09-04,23,37.981152821875,-84.53132802812
79354,"UK COMMISSARY, UNIVERSITY OF",19 DONOVAN DR,40506,605,2007-10-23,2014-03-31,15,,
79451,DON JOSE CUERVO MEXICAN CUISINE,861 S BROADWAY,40504,605,2007-03-12,2014-01-23,22,38.039903787171,-84.513642196845
79471,SEE'S CANDIES,3401 NICHOLASVILLE RD. SPACE T49A,40503,610,2007-11-27,2013-12-17,7,37.98845683202,-84.525168704428
79519,"MESSNER HOME RESIDENTIAL CARE HOME,",708 HILL RISE COURT,40504,605,2007-12-04,2022-04-25,77,38.0472080926,-84.534326287556
79521,"H Q ENTERPRISES, INC",1488 ANNISTON DR,40505,607,2008-06-03,2016-01-25,74,38.056320702477,-84.438218436939
79522,OLIVE GARDEN ITALIAN #6456,3094 HELMSDALE PL,40509,#6456,2007-12-03,2025-10-08,102,38.012331630617,-84.42079700197
79536,HUGO'S,206 W. MAIN STREET,40507,605,2007-12-05,2012-11-28,11,38.047233868361,-84.498075757768
79540,STARBUCKS #14259,2320 ELKHORN ROAD,40509,605,2008-04-01,2025-08-25,92,38.040612305201,-84.424398297056
79541,SIR VEZA'S,4000 TERMINAL DR,40510,11,2008-04-01,2025-08-06,89,38.03904167707,-84.598385282452
79542,SUSHI BLUE,"185 PASADENA DRIVE, #130",40503,605,2008-03-13,2025-07-17,82,38.004560893918,-84.522340070843
79572,KROGER L-768,1600 LEESTOWN RD.  SUITE 150,40502,55,2007-12-07,2025-09-25,154,38.067140773235,-84.525708417293
79573,ZENSHI HANDCRAFTED SUSHI @ KROGER #768,"1600 LEESTOWN ROAD, STE 150",40511,@ KROGER #768,2007-12-10,2025-11-13,95,38.067140773235,-84.525708417293
79638,HOLIDAY INN EXPRESS,1000 EXPORT ST.,40504,607,2007-12-20,2025-10-20,149,38.036866430174,-84.51370763837
79711,EL CAMIONCITO (STATE MOBILE),207 ALSAB COURT,40509,605,2008-01-14,2020-01-29,9,38.012865491544,-84.452266006032
79780,"H & S CITRUS, INC.",750 E. NEW CIRCLE ROAD,40505,610,2008-01-23,2008-01-23,1,38.047142371604,-84.454163480561
79784,FEED THE HUNGRY,811 BRYAN AVENUE,40505,605,2008-01-25,2025-11-05,98,38.056452835165,-84.480171757255
79860,CREATIVE BEGINNINGS,2050 VERSAILLES RD. PEDS BLDG.,40504,605,2008-02-08,2023-01-18,70,38.04755635786,-84.54215829836
79974,NEW BEGINNINGS EARLY LEARNING CENTER,585 W. MAIN ST.,40507,LEARNING CENTER,2008-02-20,2025-08-11,88,38.051597731845,-84.502768150997
80011,SAUL GOOD RESTAURANT AND PUB,"3801 MALL ROAD, SUITE 120",40503,605,2008-02-22,2022-11-03,111,37.985253300986,-84.530712605953
80049,SAM'S INTERNATIONAL MARKET,393 WALLER AVENUE,40504,610,2008-03-06,2024-02-02,7,38.030873637403,-84.520059372389
80162,THE BACKDOOR,6270 ATHENS WALNUT HILL RD.,40515,605,2008-03-06,2019-03-10,53,37.950111228283,-84.367418659137
80175,MOLLY BROOKES IRISH BAR,109 N LIMESTONE ST,40507,BAR,2008-03-11,2025-11-04,133,38.046696267019,-84.496714019712
80213,LEXINGTON INN,2221 ELKHORN,40505,605,2008-03-12,2025-09-30,80,38.044637228859,-84.423018720158
80349,BLAZER XPRESS,131 MARTIN LUTHER KING BLVD,40506,610,2008-02-28,2013-04-30,13,,
80351,WILDCAT PANTRY - STUDENT CENTER,404 S LIMESTONE,40506,610,2008-02-28,2015-04-17,15,38.041415641279,-84.503889639702
80353,WILDCAT PANTRY @ COMMONS,770 WOODLAND AVE.,40506,610,2008-02-28,2015-11-24,17,38.030418224028,-84.501714656708
80355,STARBUCKS @ BOWMAN'S DEN,220 AVENUE OF CHAMPIONS,40506,605,2008-02-28,2017-10-24,36,38.039144467869,-84.501358556774
80453,PANADERIA TORREON,1930 OXFORD CIRCLE,40504,65,2009-06-09,2025-08-21,101,38.049110180701,-84.542730932267
80464,BLUE CHIP CAFE,GATTON COLLEGE OF BUSINESS,40506,607,2008-03-14,2014-03-13,14,,
80467,KIDS UNLIMITED,1365 DEVONPORT DRIVE,40504,605,2008-04-18,2020-01-07,62,38.048703048701,-84.553548336626
80475,SUBWAY @ BOWMAN'S DEN,220 AVENUE OF CHAMPIONS,40506,605,2008-03-21,2017-10-24,44,38.039144467869,-84.501358556774
80476,JIMMY JOHN'S,333 EAST MAIN ST.,40507,605,2008-04-01,2018-06-15,63,38.04247937072,-84.492542005903
80512,ASHLAND AVE. BAPTIST CHURCH,483 W. REYNOLDS RD.,40503,CHURCH,2008-03-27,2025-09-23,79,37.995518418513,-84.537948144259
80513,EAST END TAP AND TABLE,"333 E. MAIN ST., STE 180",40507,605,2008-05-12,2025-11-07,50,38.04247937072,-84.492542005903
80653,LITTLE CAESARS PIZZA,3805 DYLAN PLACE #110,40514,605,2008-04-18,2025-11-10,85,37.981270527802,-84.551887981911
80751,LA PATRONA,1424 VERSAILLES RD,40504,605,2008-04-17,2021-03-05,85,38.049349403437,-84.527259940332
80843,PUCCINI'S SMILING TEETH,3191 BEAUMONT CENTRE CR #110,40513,605,2008-05-02,2014-06-24,8,38.01967524537,-84.559572548698
80965,COMMON GROUNDS,4772 HARTLAND PARKWAY #128,40515,605,2008-04-28,2025-10-20,85,37.960501403906,-84.480153525831
80974,LA MICHOACANA DE LEXINGTON,1801 ALEXANDRIA DR #176,40504,11,2009-02-24,2025-11-25,122,38.036272089506,-84.551366449014
80997,"SMASHING TOMATO 2, LLC",2200 WAR ADMIRAL WAY,40509,605,2008-05-09,2025-11-21,89,38.038195544959,-84.427026741065
81053,QDOBA MEXICAN EATS #2521,101 E. TIVERTON WAY,40503,605,2008-06-17,2023-02-02,57,37.981498580577,-84.532525787841
81072,"MELTING POT, THE",152 W TIVERTON WAY STE 130,40503,605,2008-05-16,2015-06-12,18,37.981246234494,-84.53209411258
81149,4 SPICE INDIAN CUISINE,3801 NICHOLASVILLE CTR DR #305,40503,605,2008-05-16,2015-10-27,43,37.984395952978,-84.52780095512
81169,FRUTERIA LAS VERACRUZANAS,"133 VENTURE CT, STE 170",40511,610,2008-05-23,2018-11-29,36,38.081796739703,-84.549102176325
81245,VINAIGRETTE SALAD KITCHEN,"2200 WAR ADMIRAL WAY, STE 195",40509,605,2008-05-29,2025-08-22,90,38.038195544959,-84.427026741065
81251,"BARTER HOUSE PLUS SOUL FOOD EXPRESS, THE",891 GEORGETOWN ST,40508,605,2008-05-05,2012-08-23,17,38.070303563149,-84.504571863158
81252,CRANK & BOOM CRAFT ICE CREAM,3101 CLAYS MILL RD STE 301,40503,CREAM,2008-06-12,2025-11-17,126,38.003933324905,-84.544211718628
81292,CHICK-FIL-A,2514 NICHOLASVILLE RD,40503,605,2008-05-06,2025-08-18,83,37.999661746656,-84.520552928323
81337,DON TACO,756 FAULKNER AVENUE,40505,605,2008-06-13,2014-07-07,3,38.094204690838,-84.455315787889
81350,MALONE'S,3735 PALOMAR CENTRE DRIVE,40513,11,2008-06-19,2025-07-16,105,38.003459531439,-84.571166851002
81390,EMBRACE UNITED METHODIST CHURCH,1015 N LIMESTONE ST.,40505,CHURCH,2008-06-20,2025-08-25,91,38.059210574578,-84.478916916874
81432,HOLIDAY INN EXPRESS - FOOD-RETAIL KROGER L-767,1780 SHARKEY WAY,40511,KROGER L-767,2008-06-24,2025-11-18,115,38.068537508432,-84.531161335773
81433,HOLIDAY INN EXPRESS - HOTEL,,40511,- HOTEL,2025-11-05,2025-11-05,1,,
81443,DEVASSA BAR & CAFE,401 W. MAIN ST. STE 104,40508,605,2008-06-20,2011-06-30,8,38.04901355511,-84.499859450443
81476,QDOBA MEXICAN GRILL #2524,3735 PALOMAR DR #65,40513,605,2008-06-20,2023-05-05,92,38.003459531439,-84.571166851002
81478,SHANGHAI BISTRO,"2200 WAR ADMIRAL WAY, STE #170",40509,11,2008-06-30,2025-11-20,102,38.038195544959,-84.427026741065
81536,AMERICA'S UPTOWN HOUNDS LUXURY,466 ANGLIANA AVE,40508,605,2008-07-15,2016-08-08,12,38.042524451807,-84.511914916918
81539,TOWNLEY PARK APTS - OUTDOOR,,40511,OUTDOOR,2025-08-28,2025-08-28,1,,
81547,MCMAINE'S RIVERHAVEN FARMERS MKT,450 HAWKINS LANE,40372,610,2010-06-05,2017-06-24,4,37.94565748454,-84.914467521426
81615,PUCCINI'S,3801 DYLAN PL. STE 150,40514,11,2008-07-21,2025-07-30,152,37.980314442978,-84.551392764183
81712,EL MARIACHI MEXICAN RESTAURANT,125 TOWNE CENTER DR STE 115,40511,RESTAURANT,2008-08-05,2025-11-20,96,38.066862325855,-84.530858473218
81807,WILLIAM W BROWN ELEMENTARY,555 E. 5TH STREET,40508,605,2008-08-07,2025-10-14,70,38.045491510596,-84.48065822487
81808,WILLIAM W BROWN ELEM SCHOOL,,40508,SCHOOL,2025-10-14,2025-10-14,1,,
81810,SANDERSVILLE ELEMENTARY SCHOOL,,40508,SCHOOL,2025-10-16,2025-10-16,1,,
81811,SANDERSVILLE ELEMENTARY SCHOOL,3025 SANDERSVILLE RD,40511,SCHOOL,2008-08-07,2025-10-16,72,38.103661434401,-84.53811569862
81865,VILLAGE AT RABBIT RUN - OUTDOOR FAIRFIELD INN AND SUITES - INDOOR,,40503,FAIRFIELD INN AND SUITES - INDOOR,2025-08-27,2025-08-27,1,,
81926,LOTS OF LOVE LEARNING CENTER,1507 VERSAILLES RD,40504,605,2008-08-26,2015-03-23,19,38.049316903512,-84.528745728092
81929,WINE & MARKET,486 W. 2ND ST.,40507,607,2008-09-12,2023-08-24,101,38.053421272551,-84.500292991802
82072,LIBERTY ELEMENTARY,,40509,,2025-10-10,2025-10-10,1,,
82073,LIBERTY ELEMENTARY SCHOOL,2585 LIBERTY ROAD,40505,605,2008-08-07,2025-10-24,84,38.0181690629,-84.432605948691
82107,KELLY FARM GIANT CORN MAZE,6483 RICHMOND RD,40515,603,2010-10-27,2014-10-07,4,37.92767724375,-84.376858905675
82113,COCINA EL SABOR JAROCHO,1416 VILLAGE DR.,40504,605,2008-09-19,2025-12-04,85,38.048561656633,-84.549076097607
82152,PARKS & REC. CATERING KITCHEN,"1306 VERSAILLES RD, STE 160",40504,605,2008-09-16,2016-01-25,17,38.049858087634,-84.521674735572
82186,ARCHA NINE THAI KITCHEN,"162 OLD TODDS ROAD, SUITE 110",40509,605,2008-09-25,2025-08-19,103,38.010261071941,-84.45297703171
82187,FAIRFIELD INN AND FAIRFIELD INN AND SUITES - INDOOR,,82203,FAIRFIELD INN AND SUITES - INDOOR,2025-08-28,2025-08-28,1,,
82212,NEWTOWN PIKE FOODMART,771 NEWTOWN PIKE,40511,607,2008-10-07,2023-08-14,132,38.068241095303,-84.498033866355
82226,PAULIE'S TOASTED BARRELL,517 W MAIN ST,40507,605,2008-10-09,2016-06-08,18,38.050360653816,-84.501381880268
82346,DUNKIN DONUTS,1306 SOUTH BROADWAY,40504,605,2008-10-27,2025-10-06,61,38.03437819079,-84.522083984914
82515,FORTY 57 APARTMENTS (OUTDOOR),,40515,(OUTDOOR),2025-08-07,2025-08-07,1,,
82518,FORTY 57 APARTMENTS (OUTDOOR) THE LEX-STUDENT HOUSING CTR,,40515,THE LEX-STUDENT HOUSING CTR,2025-08-07,2025-08-07,1,,
82565,STARBUCKS @ KROGERS,3101 RICHMOND ROAD,40509,605,2008-12-05,2014-11-24,20,,
82656,CENTRAL BANK CENTER - SOFT SERVE S24,430 W VINE STREET,40507,- SOFT SERVE S24,2008-12-22,2025-11-07,53,38.049432604464,-84.500968150647
82657,CENTRAL BANK CENTER - SOFT SERVE S21,430 W VINE ST,40507,- SOFT SERVE S21,2008-12-22,2025-11-07,79,38.049432604464,-84.500968150647
82658,CENTRAL BANK CENTER - SOFT SERVE N38,430 W VINE ST,40507,- SOFT SERVE N38,2008-12-22,2025-11-07,72,38.049432604464,-84.500968150647
82659,CENTRAL BANK CENTER - SOFT SERVE N41,430 W VINE ST,40507,- SOFT SERVE N41,2008-12-22,2025-11-07,63,38.049432604464,-84.500968150647
82740,ZAXBY'S,531 W NEW CIRCLE RD,40511,605,2009-01-15,2022-03-31,91,38.071159886636,-84.477125654527
82797,PRO SHAKES NUTRITION,340 E. NEW CIRCLE RD #130,40505,605,2009-01-26,2025-10-02,112,38.058823751768,-84.463841077792
82821,AFC ZENCHI @ UK HOSPITAL CAFETERIA,1000 S LIMESTONE,40502,CAFETERIA,2009-01-23,2025-11-07,70,,
82838,QUIZNOS SUBS,3191 BEAUMONT CENTRE CIR #150,40513,605,2009-01-27,2016-12-05,16,38.01967524537,-84.559572548698
82873,TATTOO CHARLIE'S OF LEXINGTON,,40505,LEXINGTON,2025-07-28,2025-07-28,1,,
82945,THE KEENE PLACE,4201 VERSAILLES RD,40510,605,2009-02-18,2025-10-21,59,38.042657946848,-84.60702556961
82967,AMERICAN CHOICE MEAT CO LLC,"1020 ENTERPRISE DR., STE 1",40510,610,2009-03-10,2010-06-15,4,38.060673285946,-84.557184474742
83077,"VITO'S ITALIAN SAUSAGE, LLC",@ FARMERS MARKET,40507,610,2010-05-29,2011-07-16,2,,
83163,DOLLAR GENERAL STORE #4199,208 LEGENDS LANE STE 170,40505,#4199,2009-03-23,2025-10-29,22,38.064001563589,-84.478533530915
83193,BABYCAKES CUPCAKES,"153 PATCHEN DR., SUITE 57B",40517,605,2009-04-30,2011-08-08,7,38.008283771728,-84.455703666047
83204,SAYRE SCHOOL ATHLETIC CONC.,300 CANEBRAKE DRIVE,40509,603,2009-04-01,2022-12-02,10,37.970336519467,-84.385412960911
83231,VUE,"201 E MAIN STREET, 15TH FLOOR",40507,605,2009-04-08,2013-02-05,17,38.045031928439,-84.495456720533
83259,ST. LUKE UNITED METHODIST CHURCH,2351 ALUMNI DRIVE,40517,62,2009-04-09,2024-06-04,87,37.993561978876,-84.461488484151
83261,SAPORI D'ITALIA,RETAIL-FARMERS MARKET,40356,610,2010-04-24,2010-04-24,1,,
83286,ZENSHI HANDCRAFTED SUSHI @ KROGER #767,3175 BEAUMONT CNTR CIRCLE,40513,@ KROGER #767,2009-04-09,2025-11-24,68,38.020453679795,-84.558365229535
83292,"DAD'S FAVORITES, LLC. - FARMERS MKT RETAIL","820 LANE ALLEN, STE 148",40502,610,2010-04-24,2016-07-23,4,38.029458493354,-84.540069775644
83293,KROGER L-767,3175 BEAUMONT CENTRE CIRCLE,40513,55,2009-03-30,2024-06-21,120,38.020453679795,-84.558365229535
83317,CREATION KINGDOM,"1595 MERCER RD, SUITE 120",40511,605,2009-04-15,2013-12-16,12,38.075559179849,-84.521642252503
83433,MAI THAI RESTAURANT,130 W TIVERTON WAY #170,40503,605,2009-04-28,2016-05-18,17,37.980929410968,-84.53096306968
83458,ZAXBY'S,104 SAND LAKE DR,40509,605,2009-05-08,2022-05-11,73,37.999437616929,-84.444332635033
83459,SOUNDBAR,208 S LIMESTONE ST.,40508,607,2009-05-01,2022-10-05,86,38.044992442848,-84.498893677276
83462,"WILDCAT AQUATICS, IN",LANCASTER AQUATICS CENTER,40508,603,2009-06-29,2024-01-10,15,,
83492,LEXINGTON MARKETPLACE #9370,"4000 TERMINAL DR., STE 122",40510,610,2009-05-07,2023-11-17,144,38.03904167707,-84.598385282452
83561,BRICK OVEN PIZZERIA,4379 OLD HARRODSBURG RD #110,40513,11,2009-05-12,2024-05-02,114,37.996303967587,-84.584650656368
83571,LOVERS LEAP VINEYARD & WINERY,1180 LANES MILL ROAD,40342,610,2010-04-24,2011-07-16,2,38.093764079129,-84.877664670307
83658,BUSTER'S BILLARDS AND BACKROOM,899 MANCHESTER ST,40508,605,2009-09-04,2014-06-23,10,38.05272771535,-84.50924022135
83767,FAIRFIELD INN & SUITES,,40511,,2025-12-04,2025-12-04,1,,
83768,FAIRFIELD INN & SUITES,2100 HACKNEY PLACE,40511,607,2009-06-29,2025-09-18,120,38.101540948159,-84.481631640165
83870,CANDLEWOOD SUITES,,40511,,2025-12-03,2025-12-03,1,,
83871,LAS PRINCESAS (STATE MOBILE),STATE MOBILE,40504,605,2009-06-17,2023-04-28,83,,
83911,CHILDCARE NETWORK #256,3650 BOSTON RD SUITE L-1,40503,605,2009-06-29,2019-06-12,53,37.98048457978,-84.551138754078
83942,CUMBERLAND HILLS SWIMMING POOL,1095 ROCKBRIDGE RD,40515,603,2009-07-06,2023-06-15,15,37.957706480465,-84.49092823858
84045,CANDLEWOOD SUITES,603 ADCOLOR DR,40511,610,2009-07-10,2025-12-03,19,38.072286031838,-84.496317795881
84098,KYHP - ALLTECH COMMISSARY,4089 IRON WORKS PIKE,40511,605,2009-07-17,2025-10-27,73,,
84099,KYHP - ALLTECH #3,4089 IRON WORKS PIKE,40511,605,2009-07-17,2025-10-27,60,,
84100,KYHP - PINK CLOUD - ALLTECH ARENA STAND,4089 IRON WORKS PIKE,40511,ALLTECH ARENA STAND,2009-07-17,2025-09-23,72,,
84101,KYHP - PINK CLOUD - COVERED ARENA DINER,4089 IRON WORKS PIKE,40511,COVERED ARENA DINER,2009-07-17,2025-10-22,61,,
84218,KENTUCKY PROUD MARKET,410 W VINE ST #220,40507,607,2009-08-07,2013-11-08,11,38.049316781514,-84.501044692312
84319,KIDS HOUSE CHILDCARE,1891 AUGUSTA DR,40505,31,2009-08-25,2025-12-05,70,38.05572018223,-84.438555848979
84340,EL TENAMPA,96 LAREDO DR,40324,610,2009-08-20,2009-08-20,1,38.15923915362,-84.542955522138
84406,LEXINGTON CHRISTIAN ACADEMY SEASONAL CONCESSION,SEASONAL CONCESSION,40503,603,2009-09-04,2025-09-15,32,,
84476,VILLAGE HOST PIZZA,431 OLD VINE ST,40507,605,2009-09-18,2014-07-11,11,38.039899363195,-84.491770263368
84489,SNOWIE MARKETING,8198 BEECHMONT AVE REAR,45255,603,2009-09-18,2011-09-10,3,39.072876046922,-84.327489675995
84490,SNOWIE MARKETING B8-3,8198 BEECHMONT AVE REAR,45255,603,2009-09-19,2012-10-06,5,39.072876046922,-84.327489675995
84515,SCREAM PARK,903 MANCHESTER STREET,40508,603,2009-09-24,2012-10-27,4,38.052790753117,-84.509393040884
84535,MADCO MARKETING LLC - STATE MOBILE,105 WALNUT CIRCLE,40475,605,2009-09-28,2015-07-10,4,37.76174662606,-84.340313835334
84546,GOODFELLAS PIZZERIA,333 S LIMESTONE,40508,605,2009-09-30,2018-08-08,39,38.042722718834,-84.502290854928
84685,AFC ZENSHI @ KROGER #352L,2335 NICHOLASVILLE RD,40503,#352L,2009-11-04,2025-07-29,58,38.00496511661,-84.519022870425
84717,SNOWIE MARKETING B8-2,SEASONAL RESTRICTED,40503,603,2009-10-29,2011-09-17,3,,
84729,SNOWIE MARKETING C5-1,SEASONAL RESTRICTED,40503,603,2009-10-30,2012-10-06,3,,
84730,SKYBAR - LEXINGTON,269 W MAIN ST.,40507,605,2009-11-02,2019-12-13,60,38.047977061828,-84.498697620743
84744,SELBY'S INTERNATIONAL FOOD MKT,1995 HARRODSBURG RD,40503,610,2009-12-18,2015-08-03,14,,
84768,"MONTEA, LLC","814 EUCLID AVE, STE B",40502,610,2009-12-15,2016-11-28,8,38.030071290954,-84.491165903827
84794,BURGER KING #17304,2548 RICHMOND ROAD,40509,605,2009-11-30,2025-10-07,75,38.011507575374,-84.457360265754
84852,TINKER'S CAKE SHOP,317 WEST MAXWELL STREET,40508,605,2009-12-02,2025-09-12,70,38.04559350165,-84.503665446021
84856,LEXINGTON RESIDENCE INN (INDOOR POOL),,40513,INN (INDOOR POOL),2025-12-23,2025-12-23,1,,
84857,LEXINGTON RESIDENCE INN (INDOOR SPA),,40513,INN (INDOOR SPA),2025-12-29,2025-12-29,1,,
84947,PAPI'S PALOMAR,3901 HARRODSBURG RD SUITE 180,40513,605,2009-12-21,2025-10-01,56,,
84961,DUDLEY'S RESTAURANT,259 W SHORT ST,40507,11,2010-03-18,2025-12-02,96,38.048301626532,-84.497740078712
84976,MONKEY JOE'S,1850 BRYANT ROAD,40509,605,2010-01-08,2025-08-18,91,,
85008,PAN CASERO REMYS - CANNOT COOK MEAT,1426 VILLAGE DR,40504,COOK MEAT,2010-01-11,2025-10-20,200,38.048388661881,-84.549053992737
85017,BABA SUSHI TERIYAKI & SEAFOOD RESTAURANT,240 CANARY RD,40503,605,2010-01-05,2012-11-15,7,37.993618423171,-84.518532014298
85020,GIGI'S CUPCAKES,2703 RICHMOND RD STE 120,40509,11,2002-02-01,2025-07-11,61,38.009246825809,-84.454344860319
85052,BIG CITY PIZZA,1060 CHINOE RD #128,40502,11,2010-01-05,2025-12-04,85,37.997769521367,-84.48071491237
85076,LEXUS DEALERSHOP,1264 E. NEW CIRCLE RD,40509,605,2010-08-26,2023-10-23,70,38.030208340831,-84.452695578619
85084,VINAIGRETTE SALAD KITCHEN,3735 PALOMAR CENTRE DR STE 180,40513,11,2010-02-16,2025-07-10,55,38.003459531439,-84.571166851002
85119,LIQUOR BARN EXPRESS AT THOROUGHBRED #909,2005 VERSAILLES RD.,40504,AT THOROUGHBRED #909,2010-01-22,2025-10-14,19,,
85122,URBAN ACADEMY & PERFORMING ARTS PRESCHOOL,102 12TH STREET,40505,605,2011-11-02,2012-10-08,3,38.060290514907,-84.477500350772
85262,MICROTEL INN,2240 BUENA VISTA DR,40505,605,2010-04-30,2025-11-12,159,38.042603464443,-84.427367942774
85313,AGUASCALIENTES - PANADERIA,1465 ALEXANDRIA DR,40504,605,2010-03-02,2012-12-10,11,38.047479261135,-84.552075371369
85414,EUROPEAN FOOD MART,"4013 NICHOLASVILLE RD, STE.140",40503,610,2010-03-08,2015-03-17,7,37.98016080238,-84.528634956736
85431,DARIO'S,170 NORTH EAGEL CREEK,40509,605,2010-03-25,2012-11-20,9,38.000526246126,-84.439945909419
85459,CVS PHARMACY #6941,118 EAST NEW CIRCLE RD,40505,610,2010-04-28,2025-12-03,17,38.064680173566,-84.469684773073
85460,LONCHERIA Y BOTANAS AQUASCALIENTE,1489 ALEXANDRIA DRIVE,40504,605,2010-04-28,2011-05-24,9,38.047067809006,-84.552026215619
85470,ACCESS MINISTRIES KY - MCLEOD'S COFFEE,376 SOUTHLAND DRIVE,40503,- MCLEOD'S COFFEE,2010-03-24,2025-10-07,113,38.017411912373,-84.525776136678
85475,SORELLA GELATERIA,591 W. SHORT ST,40507,11,2010-04-14,2025-12-13,14,38.052171370837,-84.502089436615
85521,CARDINAL HILL REHABILITATION (INDOOR,,40504,(INDOOR,2025-12-04,2025-12-04,1,,
85522,CARDINAL HILL REHABILITATION (INDOOR,,40504,(INDOOR,2025-12-04,2025-12-04,1,,
85523,CARDINAL HILL REHABILITATION (INDOOR,,40504,(INDOOR,2025-12-04,2025-12-04,1,,
85539,APOTHECARY CAFE,789 S LIMESTONE,40506,605,2010-03-29,2018-12-05,38,38.033445102755,-84.508934734819
85588,VIBURNUM VALLEY FARM CONFECT.,FARMER'S MARKET RETAIL,40507,610,2010-04-24,2019-07-06,7,,
85685,A TO Z CHILD CARE CENTER,1128 WINCHESTER RD STE 120&130,40505,605,2010-04-28,2013-09-25,12,38.042224283263,-84.464067209037
85725,PAQUITOS ICE CREAM,1388 ALEXANDERIA DR STE 5,40504,605,2010-04-29,2021-05-19,62,38.049258072265,-84.552217236359
85742,PEPE'S MEXICAN RESTAURANT,3165 BEAUMONT CENTRE CIR #180,40513,605,2010-04-30,2014-06-16,10,38.020649228876,-84.557574701335
85787,LEXINGTON PASTA - RETAIL,227 N. LIMESTONE,40505,610,2010-09-27,2022-06-12,6,38.048632782181,-84.493905612265
85793,MR. GYROS (STATE MOBILE),442 RETRAC ROAD,40503,605,2010-04-29,2025-10-27,52,37.983921699975,-84.543666302657
85794,BODEGA BY LEXINGTON PASTA,227 NORTH LIMESTONE,40507,607,2017-10-20,2020-01-13,37,38.048632782181,-84.493905612265
85891,TATES CREEK YOUTH CAMP,,40517,,2025-07-25,2025-07-25,1,,
85934,"PRESS JUICE BAR & CAFE, THE",191 KENTUCKY AVE.,40502,605,2010-05-10,2023-11-09,95,38.036000658397,-84.491999152742
85947,COFFEE HOUSE DBA MINTON'S CAFE,760 N. LIMESTONE,40508,11,2011-12-22,2024-05-23,106,38.056382774757,-84.482739423626
85972,CARAMANDA'S CUPCAKES,3401 NICHOLASVILLE RD,40503,603,2010-07-09,2014-10-27,13,37.98845683202,-84.525168704428
86012,MIRACLES & WONDERS PLAY/LEARN,3330 PARTNER PLACE,40503,605,2010-06-01,2014-06-07,9,37.995773592138,-84.546697690661
86039,MOVEABLE FEAST,474 SILVER MAPLE WAY,40502,605,2016-11-02,2025-11-17,45,38.049645262987,-84.486331049388
86107,LEXINGTON RESIDENCE INN,,40513,INN,2025-09-26,2025-09-26,1,,
86108,LEXINGTON RESIDENCE INN,3110 WALL STREET,40513,INN,2010-09-02,2025-10-10,106,38.017023339493,-84.553875071471
86161,CYNTHIA'S RESTAURANT,1875 AUGUSTA DR. STE 130,40505,605,2010-06-16,2016-05-06,16,38.055309151841,-84.439630967554
86192,GREEN ACRES OF PARIS KENTUCKY,1198 MILLERSBURG RD.,40361,610,2010-10-02,2022-06-12,9,38.247931672535,-84.207096534678
86199,GREEN ACRES OF PARIS KENTUCKY,1198 MILLENSBURG RD,40361,610,2010-10-02,2010-10-02,1,38.247931672535,-84.207096534678
86212,SUPERLATIVE COFFEE ROASTERS,116 MECHANIC STREET,40507,610,2010-10-02,2010-10-02,1,38.048979372589,-84.493720445156
86233,KENTUCKY WILDCAUGHT SEAFOOD,3034 DELANEY FERRY,40385,610,2010-10-02,2010-10-02,1,,
86315,"THE SWEET STOP,",3401 NICHOLASVILLE RD,40503,605,2010-08-12,2025-08-12,73,37.98845683202,-84.525168704428
86351,SNOWIE,475 EAST NEW CIRCLE RD,40505,603,2010-07-15,2010-09-13,2,38.05500075982,-84.459811376703
86481,ALDI FOOD MARKET,126 ROJAY DR.,40503,610,2010-08-13,2025-09-22,18,37.984595491296,-84.528056197948
86489,THE CORNER CAFE,385 SOUTH MILL ST.,40508,605,2010-08-13,2013-07-17,7,38.045439503587,-84.502866875632
86516,BIG LOTS #5125,1980 PAVILLION WAY,40509,610,2010-09-29,2023-05-19,16,38.02394404126,-84.4180525699
86541,SHENANIGANS WINE AND SPIRITS,561 S BROADWAY STE 120,40508,610,2010-09-10,2023-01-19,18,38.044863486384,-84.505781831025
86549,THE GIFT BOX & TEA ROOM,3330 PARTNER PLACE,40503,ROOM,2010-09-16,2025-08-19,73,37.995773592138,-84.546697690661
86577,KI KI'S KID'S CHILDCARE,729 LANE ALLEN,40504,605,2010-09-30,2014-01-24,10,38.027347823222,-84.535746818527
86660,KORE ACADEMY,,40502,,2025-09-10,2025-09-10,1,,
86662,AJ'S TAKEOUT & DELIVERY,2432 FORTUNE DR.,40509,605,2010-08-30,2013-12-26,10,38.034648406368,-84.447638603407
86664,AJ'S TAKEOUT & DELIVERY,101 YORKSHIRE BLVD,40509,605,2010-08-30,2013-06-06,12,37.996624514407,-84.437745070425
86670,SAKURA JAPANESE,"3695 NICHOLASVILLE RD, STE 120",40503,607,2010-09-08,2022-05-05,151,37.984367849088,-84.526983299773
86676,NOVEDADES NEFERTITI,1388 ALEXANDRIA DR #11,40504,610,2010-09-01,2014-01-29,7,38.049258072265,-84.552217236359
86699,RAHUL FOOD & SPICES,505 EUCLID AVE.,40502,607,2010-09-15,2015-08-06,17,38.034256768432,-84.495681900665
86704,SETON CATHOLIC SCHOOL,,40515,,2025-10-28,2025-10-28,1,,
86708,KEENELAND EQUESTRIAN ROOM,4201 VERSAILLES RD,40510,ROOM,2010-10-20,2025-10-08,66,38.042657946848,-84.60702556961
86709,KEENELAND 2ND FLOOR CLUB SERVICE BAR,4201 VERSAILLES RD,40510,CLUB SERVICE BAR,2010-10-20,2025-10-08,68,38.042657946848,-84.60702556961
86710,KEENELAND 3RD FLOOR CLUB SERVICE BAR,4201 VERSAILLES RD,40510,CLUB SERVICE BAR,2010-10-20,2025-10-08,79,38.042657946848,-84.60702556961
86711,KEENELAND MAIN PANTRY,4201 VERSAILLES RD,40510,605,2010-10-20,2025-10-08,73,38.042657946848,-84.60702556961
86726,MARCO'S PIZZA #1172,115 N LOCUST HILL DR. #117,40509,605,2010-07-23,2019-08-02,75,38.00430215422,-84.446092742275
86771,WING ZONE,351 SOUTHLAND DR.,40503,11,2010-09-10,2025-07-18,93,38.016867054828,-84.524922962013
86782,CHILDCARE NETWORK #258,1748 ALYSHEBA WAY,40509,605,2010-09-16,2025-10-02,84,38.014967190542,-84.423142470483
86899,ORANGE LEAF - SELF SERVE FROZE,"152 WEST TIVERTON WAY, STE 170",40503,605,2010-10-12,2025-08-04,74,37.981246234494,-84.53209411258
86918,EL GRAN TAKO #2,1801 ALEXANDRIA DR. # 156,40504,11,2010-10-05,2025-10-27,149,38.036272089506,-84.551366449014
86947,STUARTO'S OLIVE OIL COMPANY,"2200 WAR ADMIRAL WAY, STE 165",40509,610,2010-10-13,2023-04-05,19,38.038195544959,-84.427026741065
86953,SULLIVAN UNIVERSITY-LEX CAMPUS,2355 HARRODSBURG RD,40504,CAMPUS,2010-10-13,2025-11-14,71,,
86955,"DAD'S FAVORITES, LLC","820 LANE ALLEN ROAD, STE. 148",40504,607,2010-10-11,2025-09-26,94,38.029458493354,-84.540069775644
86979,MAD MUSHROOM OF CLAYS MILL INC,3340 CLAYS MILL RD,40513,MILL INC,2010-10-29,2025-07-16,84,37.996502880044,-84.54849179327
87028,MAIN STREET DELI,380 WEST MAIN,40508,605,2010-12-29,2025-08-06,99,,
87029,WING ZONE,580 EUREKA SPRINGS DR. #A,40517,11,2010-10-26,2024-06-20,79,37.99598022131,-84.45724247025
87046,TRINITY CHRISTIAN ACADEMY,,40515,,2025-10-10,2025-10-10,1,,
87111,UNCLE SEVENS,628 DELZAN PLACE,40503,53,2010-12-28,2025-07-17,70,37.996246263556,-84.546605233854
87125,DEJA VU,"485 NEW CIRCLE RD, NW",40511,605,2010-10-27,2020-10-01,89,38.072268226175,-84.479345022551
87126,CREAUX,310 W SHORT ST,40507,605,2010-11-10,2024-01-25,71,38.048698145629,-84.498375856904
87131,DISTILLED,157 JEFFERSON STREET,40508,605,2010-11-04,2025-11-04,111,38.052924020861,-84.501600388716
87135,NEXT GENERATION CHILD CARE,"LEARNING CENTER, LLC",40505,605,2010-11-19,2012-12-06,6,,
87194,DOLLAR TREE #06788,420 SOUTHLAND DR,40503,610,2010-12-13,2025-09-10,19,38.018734010539,-84.527272299846
87222,UNIVERSITY OF KY BOOKSTORE,106 STUDENT CENTER ANNEX,40506,610,2010-11-19,2015-04-29,10,,
87246,BOB'S HOT DOGS COMMISSARY,411 SOUTHLAND DR,40503,605,2010-11-30,2014-12-23,9,38.018506943422,-84.526862697687
87249,HAPPY PANDA,117 TOWN CENTER DR,40511,11,2010-11-29,2025-07-18,130,38.066933588192,-84.530787210879
87294,EL RANCHO TAPATIO BAKERY,138 -140 BURT ROAD,40503,607,2011-02-04,2014-01-27,9,38.007542639536,-84.519798461993
87430,PANDA EXPRESS #2113,2433 NICHOLASVILLE RD,40503,11,2011-01-05,2025-09-24,89,38.002497206297,-84.519894562616
87496,DOUGHBY'S,561 S BROADWAY STE 110,40508,605,2011-01-14,2016-02-25,10,38.044863486384,-84.505781831025
87515,JIMMY JOHN'S,3735 PALOMAR CTR DR #20,40513,605,2011-01-25,2025-10-07,84,38.003459531439,-84.571166851002
87516,BARBARA COOK CATERING,"820 LANE ALLEN, STE 148",40502,605,2011-01-21,2012-03-13,3,38.029458493354,-84.540069775644
87579,"SHE BAKES CAKES, LLC",820 LANE ALLEN RD #148,40504,605,2011-01-28,2014-10-21,8,38.029458493354,-84.540069775644
87591,TROPICAL SMOOTHIE CAFE',3181 BEAUMONT CTR. STE 112,40513,11,2011-02-07,2025-07-08,74,,
87658,CHOCOLATE HOLLER,"400 OLD VINE STREET, SUITE 104",40507,605,2017-01-23,2023-08-03,79,,
87686,DIAMOND BILLIARD PUB,1128 WINCHESTER RD STE 100-110,40505,605,2011-03-04,2011-08-25,2,38.042224283263,-84.464067209037
87698,ROSE'S #494,1301 WINCHESTER RD. SUITE 181,40505,610,2011-03-17,2023-10-19,20,38.042843489057,-84.458376273754
87711,FIRST PRESBYTERIAN CHURCH,171 MARKET ST,40507,605,2011-04-15,2025-08-21,91,38.049067078712,-84.496615259385
87712,NAT'S,111 S UPPER ST,40507,605,2011-01-18,2025-07-23,78,38.047116001633,-84.49809044775
87741,MUDDOX STUDIOS,"1301 WINCHESTER RD., STE 17",40505,605,2011-03-18,2015-01-27,9,38.042843489057,-84.458376273754
87760,CENTRAL BANK CENTER - EXPRESS 34,430 W VINE ST,40507,- EXPRESS,2011-03-18,2025-11-07,83,38.049432604464,-84.500968150647
87894,SUPER MARIO  RETAIL MOBILE,785 BURGESS AVE,40511,610,2011-03-23,2017-03-02,7,38.08400897849,-84.472606235989
87917,CLYDES MINI MART,1208 OLD MAIN ST.,40508,610,2011-04-29,2011-04-29,1,38.061469810746,-84.5174650395
87941,LEXINGTON COURTYARD (INDOOR POOL),,40513,(INDOOR POOL),2025-12-10,2025-12-10,1,,
87961,OLE' HOOKERS BAR,205 S LIMESTONE ST.,40508,53,2011-05-13,2025-12-04,81,38.04507873635,-84.498989414964
87962,LEXINGTON RESCUE MISSION THRIFT STORE,720 BRYAN AVE.,40505,605,2011-06-29,2014-02-12,6,38.056653149541,-84.481695532967
87986,BOONE CREEK CREAMERY,2462 PALUMBO DR,40509,610,2011-07-16,2011-07-16,1,38.018226406157,-84.446096464952
88003,SCHOOL RESTAURANT,163 W SHORT STREET,40507,11,2011-04-29,2025-12-04,121,38.047573079578,-84.496920623414
88010,PANDA EXPRESS,220 AVENUE OF CHAMPIONS,40506,605,2011-04-07,2017-10-24,28,38.039144467869,-84.501358556774
88036,GATHER ON MAIN,233 E MAIN STREET,40507,605,2011-05-06,2020-01-21,98,38.044029062538,-84.494303311145
88091,EL GRAN TACO #4,RETAIL MOBILE,40505,610,2011-04-14,2011-04-14,1,,
88148,KITCHEN ON HIGH,1226 VERSAILLES RD,40504,607,2011-04-27,2020-02-19,71,38.049956172811,-84.519339485685
88182,LA PRINCESA SUPER MERCADO,1430 VILLAGE DR,40504,54,2011-05-31,2025-11-19,318,38.048319463981,-84.549045150788
88221,ZENSHI HANDCRAFTED SUSHI @ KROGER #737,1060 CHINOE RD.,40502,@ KROGER #737,2011-06-03,2025-09-29,61,37.997769521367,-84.48071491237
88222,D'S DOGS 1 (STATE MOBILE),1829 RANIER DR,40505,603,2011-04-29,2017-08-12,10,38.064682575298,-84.455426300141
88229,TOLLY HO RESTAURANT,606 S BROADWAY,40507,605,2011-05-16,2023-09-20,146,38.043216505553,-84.508034924152
88305,WONG WONG RESTAURANT,458 SOUTHLAND DR,40503,11,2011-05-13,2025-12-01,107,38.019496085862,-84.527887957129
88313,COURTYARD CAFE @ UK HOSPITAL,1000 S LIMESTONE,40536,HOSPITAL,2011-05-16,2025-11-12,78,,
88328,BRYANITAS ICE CREAM,2112 LISA CIRCLE,40505,610,2011-05-17,2011-05-17,1,38.080215677249,-84.457008240183
88366,BELLA FORNO,2573 RICHMOND RD STE 170,40509,605,2011-05-20,2019-11-06,54,,
88390,TAQUERIA JUAREZ STATE MOBILE,"734 HILL RISE CT, APT 10",40504,605,2011-05-25,2017-08-28,18,38.04670513129,-84.534280605944
88400,LEGENDS 3RD BASE FROZEN,207 LEGENDS LANE,40505,605,2011-05-25,2022-09-30,60,38.064057019028,-84.478400964329
88401,LEGENDS - TOYOTA  CITY,207 LEGENDS LANE,40505,610,2011-05-25,2019-08-14,16,38.064057019028,-84.478400964329
88403,"KING OF SWEETS/GTJMB, INC",3401 NCHOLASVILLE RD SPACE 5A,40503,610,2011-06-06,2011-06-06,1,37.98845683202,-84.525168704428
88423,MARIA'S KITCHEN,895 N BROADWAY,40508,605,2011-06-01,2015-10-29,18,38.06058105713,-84.483308157946
88473,JET'S PIZZA,"3901 HARRODSBURG RD., STE 120",40513,605,2011-06-07,2019-01-24,51,,
88504,SAHARA INTERNATIONAL MARKET & BUTCHER SHOP,"3061 FIELDSTONE WAY, STE 1250",40513,MARKET & BUTCHER,2011-06-10,2025-10-31,18,38.013771147251,-84.557217481748
88572,MINI MOVERS LEARNING CENTER,338 BLACKBURN AVE.,40508,CENTER,2011-06-27,2025-09-26,70,38.056664341841,-84.499107689199
88750,BARBARA'S LOVING LEARNING CENTER,3323 PARTNERS PLACE STE. 13 & 14,40503,605,2011-07-13,2013-07-16,5,37.995931532937,-84.546770868763
88786,"VILLAGE MARKET AND DOLLAR, DBA, NAIM",680 LIMA DR. #170,40511,"DBA, NAIM",2011-07-27,2025-11-04,20,38.07290930865,-84.505884656143
88808,HAMPTON INN,2251 ELKHORN RD.,40505,607,2011-06-29,2023-11-22,124,38.043075605026,-84.423232216315
88877,GUESTHOUSE INN & SUITES,2261 ELKHORN ROAD,40505,605,2011-07-29,2025-10-07,91,38.042601162123,-84.42348540998
88878,CHERRY BERRY,4750 HARTLAND PKWY #166,40515,605,2011-08-10,2015-08-05,10,37.960989548405,-84.480744164403
88933,"WILD THYME, LLC",1060 CHINOE RD. SUITE 108,40502,605,2011-08-03,2022-07-22,114,37.997769521367,-84.48071491237
88983,KITCHEN SHIFT,"3101 CLAYS MILL ROAD, STE. 401",40503,605,2012-12-17,2025-10-22,20,38.003933324905,-84.544211718628
88988,"LARRY MAC'S CHEESE SPREADS, LLC",6535 JACKS CREEK PIKE,40515,610,2016-07-24,2016-07-24,1,37.875298549002,-84.377962068455
89022,DISCOUNT TOBACCO ZONE NUMBER 1,717 NORTH BROADWAY,40508,610,2011-08-18,2023-09-12,19,38.058580589572,-84.486189234669
89027,DOLLAR TREE #4611,1555 E NEW CIRCLE RD #152,40509,610,2011-08-19,2025-11-07,20,38.018893877591,-84.455940323671
89038,WELLINGTON ELEMENTARY SCHOOL,,40503,SCHOOL,2025-11-07,2025-11-07,1,,
89039,WELLINGTON ELEMENTARY SCHOOL,3280 KEITHSHIRE DRIVE,40503,SCHOOL,2011-08-08,2025-10-14,63,37.993440906753,-84.544116704823
89042,WIENERS UNLIMITED LLC,1313 HARTLAND WOODS WAY,40515,603,2011-08-18,2012-08-10,2,37.9626144047,-84.481148005419
89123,LEVEL UP NUTRITION,203 S LIMESTONE,40508,605,2011-09-02,2021-04-02,13,38.045118216344,-84.498932037372
89212,CHRISMAN MILL WINERY,"2308 SIR BARTON WAY, STE 190",40509,607,2011-07-01,2016-04-14,21,,
89221,KROGER FIELD - FIELD CLUB LOWER LEVEL,1540 UNIVERSITY DR,40506,CLUB LOWER LEVEL,2011-08-17,2025-10-18,102,38.020735764383,-84.509953367431
89304,ZENSHI HANDCRAFTED SUSHI @ KROGER L-721,4750 HARTLAND PARKWAY,40515,@ KROGER L-721,2011-10-10,2025-10-27,109,37.960989548405,-84.480744164403
89305,AFC SUSHI @ KROGER L-720,344 ROMANY ROAD,40502,605,2011-10-04,2015-02-25,8,38.019667968554,-84.48604997405
89306,AFC ZENSHI @ KROGER #359,1650 BRYAN STATION ROAD,40505,#359,2012-04-17,2025-09-04,111,38.060545619244,-84.46321099488
89307,"SPOT LLC, THE",299 E. LOUDON AVE STE 120,40505,607,2011-10-07,2017-03-17,8,38.053516269301,-84.477086720207
89308,BACKSTRETCH BAR & GRILL (COMMISSARY FOR D DOGS),1784 BRYAN STATION RD,40505,605,2011-09-29,2015-04-08,9,38.06319537735,-84.454842062399
89322,PARLAY SOCIAL,249 W SHORT ST. #101,40507,605,2011-10-05,2019-12-18,67,38.048295436073,-84.497732935877
89348,"RICK'S HOT DOGS, LLC",355 GAWAINE DR,40517,605,2011-10-07,2013-03-08,6,37.981004033022,-84.510141970471
89382,EL AS DEL TACO (STATE MOBILE),1045 CROSS KEYS #4,40504,605,2011-10-18,2017-03-02,9,38.039796299334,-84.549484951423
89394,WAGON BONES GRILL,591 W SHORT ST,,,2017-01-06,2019-06-06,15,38.052171370837,-84.502089436615
89396,PULSE NIGHTLIFE,931 WINCHESTER RD,40505,605,2011-10-17,2014-07-01,6,38.041838667139,-84.469689748924
89398,GOODFELLAS PIZZERIA,STATE MOBILE,40507,605,2011-10-13,2016-07-04,4,,
89403,FIREHOUSE SUBS,1781 SHARKEY WAY,40511,605,2011-10-28,2025-10-20,108,38.068547640907,-84.530871438171
89407,"RAINBAR, LLC",231 WOODLAND AVE,40508,605,2011-10-20,2011-10-20,1,38.036611544295,-84.493154449812
89410,HOLA HAVANA CUBAN RESTAURANT,"115 N. LOCUST HILL DR, SUITE 109",40509,11,2011-10-17,2025-11-05,100,38.00430215422,-84.446092742275
89420,"CULLEN'S CARTS, LLC - COMMISSARY",1095 ROCKBRIDGE ROAD,40515,605,2011-10-18,2012-12-17,4,37.957706480465,-84.49092823858
89467,EL HABANERO LOKO MOBILE,102 W. VINE STREET,40507,605,2011-10-19,2013-03-20,7,38.045749101862,-84.498089015563
89468,BUCKHORN LIQUORS,3429 BUCKHORN DR #170,40515,610,2011-12-09,2019-09-24,13,37.976161101173,-84.458018205325
89540,BOSTON BROTHERS BBQ,905 S LIMESTONE,40507,605,2011-10-18,2011-11-07,2,38.032303293759,-84.509288952309
89705,VINAIGRETTE SALAD KITCHEN,1781 SHARKEY WAY #130,40511,605,2011-12-08,2024-01-24,100,38.068547640907,-84.530871438171
89718,LA PETITE CREPERIE,SEASONAL RESTRICTED,40502,603,2011-12-15,2011-12-15,1,,
89744,LA PETITE CREPERIE (COMMISSARY),820 LANE ALLEN RD STE 148,40504,605,2012-01-06,2012-01-06,1,38.029458493354,-84.540069775644
89752,ELLO'S ON BROADWAY,406 S BROADWAY STE 200,40508,605,2012-03-26,2018-01-24,38,38.045814281005,-84.504200291563
89763,"COUNTRY BOY BREWING, LLC",436 CHAIR AVE,40508,605,2012-02-08,2025-10-14,71,38.043721745294,-84.508734794448
89773,JIMMY JOHN'S,2535 NICHOLASVILLE STE #130,40503,605,2011-12-27,2025-08-07,92,38.000705211244,-84.520524823868
89799,SAV'S CHILL,289 S LIMESTONE ST,40508,605,2011-12-23,2020-06-15,55,38.043607080803,-84.501089172098
89821,BABYCAKES CUPCAKES,1616 LIBERTY ROAD,40505,605,2012-01-12,2023-08-29,60,38.037843585819,-84.464637719838
89822,"SUBWAY, SKY 21 LLC DBA",409 W NEW CIRCLE RD,40505,605,2012-01-05,2017-01-26,20,38.071042468444,-84.476890818194
89867,MORNING POINTE OF LEXINGTON,233 RUCCIO WAY,40503,605,2012-01-19,2025-10-02,84,37.996204177865,-84.529042499622
89904,CVS/PHARMACY #6940,2000 HARRODSBURG RD,40513,610,2012-02-06,2025-09-10,14,38.026461271137,-84.534864845888
89926,BARBARA COOK CATERING,1054 W HIGH STREET,40508,605,2012-01-31,2014-07-16,8,38.050241305978,-84.514539570206
89947,BLUE BLOOD LIQUOR,502 E 7TH STREET,40505,610,2012-07-16,2012-07-16,2,38.049510914229,-84.477470062819
89969,APIARY CATERING & EVENTS,218 W JEFFERSON ST,40508,605,2012-02-16,2025-10-16,67,38.053993750566,-84.499906128188
89979,RICHMOND PLACE REHABILITATION  AND HEALTH,2770 PALUMBO DRIVE,40509,605,2012-02-23,2018-11-21,51,38.00726700447,-84.436241083527
89981,"CHEN OSAKA , INC","3805 DYLAN PLACE, STE 130",40514,605,2012-01-31,2025-08-21,107,37.981270527802,-84.551887981911
89982,LAKEWOOD PARK APARTMENTS- OUTDOOR,,40502,OUTDOOR,2025-07-28,2025-07-28,1,,
90027,GOOD THYMES GARDENS,FARMER'S MARKET,40508,610,2012-06-30,2013-06-27,2,,
90028,EXPANSIVE ART,161 CANARY ROAD,40503,605,2012-02-13,2013-08-05,4,37.99360258529,-84.518698469119
90100,"WEEKLY JUICERY, THE",3256 LANSDOWNE DRIVE,40502,605,2012-03-02,2012-03-02,1,37.998737175117,-84.498218862208
90140,THOROUGHBRED CLUB OF AMERICA,3555 RICE ROAD,40510,AMERICA,2012-03-07,2025-11-21,64,38.043575436338,-84.615146697019
90181,BLUE DOOR SMOKEHOUSE,226 WALTON AVE,40502,605,2012-04-12,2023-05-18,64,38.039781242731,-84.481339589649
90195,MCALISTER'S DELI,836 EUCLID AVE #105,40502,11,2012-03-19,2024-05-01,114,38.02984884195,-84.490919164467
90207,GRAETER'S ICE CREAM,836 EUCLID AVE,40502,11,2012-03-19,2025-11-14,63,38.02984884195,-84.490919164467
90208,SUPER MARIO BROS.,15 PRINCE AVE L15,40504,610,2012-03-14,2012-03-14,1,38.070541304798,-84.498095206327
90209,BRYAN STATION BASEBALL CONCESSION,201 EASTIN DR,40505,CONCESSION,2012-03-30,2025-10-30,57,38.06653324697,-84.458237181429
90220,HILTON LEXINGTON DOWNTOWN COFFEE SHOP,369 W VINE ST,40507,COFFEE SHOP,2012-03-21,2025-11-25,25,38.048109322524,-84.500372707066
90259,UP IN SMOKE BBQ,812 STATESMAN WAY,40505,605,2012-03-20,2012-03-20,1,38.041185199341,-84.465043784963
90262,TAPROOM @ WEST SIXTH BREWING,"501 W SIXTH STREET, STE 100",40508,BREWING,2012-03-29,2025-11-04,67,38.05918362219,-84.491999523951
90279,CAKES BY JULIE,355 ROMANY RD,40502,605,2012-06-27,2018-06-19,29,38.019363629128,-84.486029821705
90312,A PLACE 2 GROW CHILDCARE,1801 ALEXANDRIA DR. STE 104,40504,605,2012-04-04,2013-07-10,5,38.036272089506,-84.551366449014
90334,FIVE GUYS BURGERS & FRIES,3090 HELMSDALE PLACE STE. 370,40509,FRIES,2012-04-06,2025-08-12,68,38.012333175486,-84.420828362787
90339,LEXINGTON COURTYARD,3100 WALL STREET,40513,54,2012-04-17,2025-12-08,166,38.01681701515,-84.554057251479
90344,RETREAT AT HAMBURG PLACE - OUTDOOR SPA,,40509,- OUTDOOR SPA,2025-08-14,2025-08-14,1,,
90345,RETREAT AT HAMBURG PLACE- OUTDOOR POOL,,40509,OUTDOOR POOL,2025-08-14,2025-08-14,1,,
90382,PAPA MURPHY'S,1890 STAR SHOOT PKWY,40509,605,2012-04-16,2021-09-15,76,38.024425040176,-84.423390560814
90402,BIG L'S GOURMET DOGS,404 W MAIN STREET,40507,605,2012-05-17,2019-07-24,19,38.048953070134,-84.499985698852
90416,LEXINGTON CATHOLIC BASEBALL CONCESSION,2250 CLAYS MILL RD,40503,605,2012-05-01,2025-09-16,54,38.018212649984,-84.535354710569
90472,BOURBON LIBRARY,4000 TERMINAL DR.,40510,11,2012-04-30,2025-08-06,91,38.03904167707,-84.598385282452
90559,DOGGIN IT,RESTRICTED PUSHCART,40511,603,2012-05-03,2016-03-21,4,,
90584,"WEEKLY JUICERY, THE",436 OLD VINE STREET,40507,605,2012-05-08,2023-11-14,115,38.039575415846,-84.491579527909
90659,KELLY'S KOBE BEEF / HERMAN'S HAPPY HOGS,472 HOBERT ESTES RD.,40444,610,2014-04-12,2019-06-01,4,37.665427555161,-84.522338811634
90674,SHAKESPEARE AND CO DOWNTOWN LEX LLC,367 W SHORT ST,40507,605,2012-05-18,2019-09-11,85,38.049198572691,-84.498746736691
90688,MADE FRESH CAFE AND BAKERY,4477 PRINCE ALBERT WAY,40515,605,2012-05-16,2012-05-16,1,37.967627145,-84.529665082938
90689,LAFAYETTE HS SOFTBALL CONCESSION,401 REED LANE,40514,CONCESSION,2012-05-17,2025-10-13,58,38.025062324858,-84.525333842496
90691,JACOBS CAFETERIA (HOPE CENTER),299 W LOUDON AVE,40508,CENTER),2012-04-13,2025-12-05,82,38.062769959367,-84.492509630859
90699,HONNAH LEE BUBBLE TEA,1983 HARRODSBURG RD,40503,603,2012-05-19,2016-07-23,6,,
90764,SUMMER STARTS HERE FARM,707 BURTON PIKE,40324,610,2020-06-13,2020-06-13,1,,
90782,HENRY CLAYS PUBLIC HOUSE,112 N UPPER ST.,40507,53,2012-06-18,2025-10-29,73,38.047595843874,-84.49721898805
90794,DRAGON BALL ICE CREAM,3401 NICHOLASVILLE RD. SUITE 311,40503,605,2012-06-01,2019-05-21,34,37.98845683202,-84.525168704428
90804,SWARTZ SWEET TOOTH FAIRY LLC (STATE MOBILE),2208 CHYLEEN DRIVE,40505,605,2012-06-04,2021-10-27,21,38.08507372749,-84.459600195436
90818,FAMILY CARE CENTER (LFUCG),1135 HARRY SYKES WAY,40504,605,2012-06-07,2025-11-04,54,,
90855,CAMP SHALOM,,40502,,2025-08-06,2025-08-06,1,,
90866,CITY BARBEQUE,3292 RICHMOND RD.,40509,605,2012-06-12,2025-10-21,93,37.999764857967,-84.444621813386
90867,BRYAN STATION FOOTBALL CONCESSION TEXAS ROADHOUSE,201 EASTIN RD.,40505,TEXAS ROADHOUSE,2014-10-20,2025-10-30,69,38.06653324697,-84.458237181429
90877,THAT'S HOW WE ROLL STATE MOBILE,600 ST. ANTHONY DRIVE,40505,605,2012-06-13,2016-04-08,2,38.058995075869,-84.447869939936
90903,AFC SUSHI @ KROGER 721,4750 HARTLAND PARKWAY,40515,605,2013-08-13,2013-08-13,1,37.960989548405,-84.480744164403
91025,GRANNY'S KITCHEN STATE MOBILE,305 ALEX LANE,40511,605,2012-07-02,2012-07-02,1,38.088696229575,-84.540444803019
91072,TEXAS ROADHOUSE,3030 LAKECREST CIRCLE,40513,11,2012-09-17,2024-06-25,81,,
91112,HENRY CLAY FOOTBALL CONCESSION,2100 FONTAINE RD.,40502,CONCESSION,2012-07-26,2025-10-29,58,38.017317123837,-84.469170471137
91129,CHILD DEVELOPMENT CENTER OF THE BLUEGRASS,290 ALUMNI DR.,40503,OF THE BLUEGRASS,2012-08-01,2025-09-22,68,38.020754027149,-84.507387558864
91136,UK NUTTER TRAINING COLD PLUNGE SPA -,,40508,PLUNGE SPA -,2025-08-20,2025-08-20,1,,
91137,UK NUTTER TRAINING HOT PLUNGE TOWNHOMES AT NEWTOWN CROSSING SPA- INDOOR,,40508,TOWNHOMES AT NEWTOWN CROSSING SPA- INDOOR,2025-08-20,2025-08-20,1,,
91165,TATES CREEK BOY'S BASKETBALL BOOSTERS,1111 CENTRE PARKWAY,40517,603,2012-09-25,2023-10-26,20,37.983621219364,-84.484517919726
91170,COMMONWEALTH CANTEEN,STATE MOBILE,40508,605,2012-07-25,2016-03-10,15,,
91397,LEXINGTON PASTA - MOBILE UNIT,962 DELAWARE AVE,40505,610,2019-07-06,2020-07-28,3,38.03965770687,-84.47215289431
91399,"DAD'S FAVORITES, LLC","820 LANE ALLEN ROAD, STE. 148",40504,610,2013-04-20,2014-04-12,2,38.029458493354,-84.540069775644
91414,MRS. ROGER'S POPCORN,FAYETTE MALL,40503,603,2012-08-07,2012-11-08,2,,
91424,FIRST WATCH,3071 RICHMOND RD.,40509,605,2012-09-04,2019-01-09,57,38.002096850546,-84.44669080189
91441,NATHAN'S FAMOUS HOT DOGS,PUSH CART,40515,603,2012-08-09,2014-02-05,2,,
91501,H & P RESTRICTED PUSHCART,RESTRICTED PUSHCART,40508,603,2012-08-15,2012-08-16,2,,
91558,H & P,516 BOOKER STREET,40508,610,2012-11-02,2015-09-29,4,38.061952459767,-84.501508446083
91576,IPALAPA'S - TRUCK - STATE RETAIL MOBILE,2024 DORSET DRIVE,40504,610,2012-10-09,2012-10-09,1,38.054474207828,-84.546616413981
91604,TACOS GUERRERO MOBILE,951 VALLEY FARM DRIVE,40511,605,2012-09-07,2021-06-24,24,38.090664944276,-84.474722084363
91605,NORTH LIME COFFEE AND DONUTS,575 N LIMESTONE,40508,605,2012-09-11,2020-09-08,60,38.053652503815,-84.486820854531
91654,"SWEET SPOT, THE",401 W MAIN STREET #107,40507,605,2012-09-28,2013-11-13,3,38.04901355511,-84.499859450443
91743,SUBWAY @ RGAN,RALPH G ANDERSON BLDG.,40506,605,2012-08-20,2014-03-13,4,,
91801,LEXINGTON CHRISTIAN ACADEMY O/S CONCESSION,450 W. REYNOLDS RD.,40503,ACADEMY O/S CONCESSION,2012-10-16,2025-09-15,49,37.994742844319,-84.535919451253
91841,THE WILLOWS AT HAMBURG,2531 OLD ROSEBUD RD,40509,605,2012-10-23,2025-11-07,80,38.02824454757,-84.430972166566
91842,HENRY CLAY BASEBALL BOOSTER'S,2100 FONTAINE RD.,40502,605,2013-04-18,2023-11-03,54,38.017317123837,-84.469170471137
91858,ARCADIUM,574 N LIMESTONE,40508,605,2012-11-02,2025-12-10,69,38.053616808835,-84.486653087414
91880,THE BLUE HERON,185 JEFFERSON ST.,40508,53,2012-11-01,2025-07-07,69,38.053288645865,-84.501099139329
91909,BASKIN ROBBINS,3061 FIELDSTONE WAY #1400,40513,605,2012-11-02,2025-10-06,66,38.013771147251,-84.557217481748
91928,COSI,410 W VINE STREET,40507,605,2012-11-08,2018-05-21,31,38.049316781514,-84.501044692312
91958,TOWNHOMES AT TOWNHOMES AT NEWTOWN CROSSING,,91960,TOWNHOMES AT NEWTOWN CROSSING,2025-07-21,2025-07-21,1,,
92022,MEMORIAL COLISEUM WEST STAND,201 AVENUE OF CHAMPIONS,40508,STAND,2013-02-06,2025-11-03,65,38.039558004351,-84.501621869574
92025,MEMORIAL COLISEUM EAST STAND,201 AVENUE OF CHAMPIONS,40508,STAND,2013-02-06,2025-11-03,65,38.039558004351,-84.501621869574
92043,"CHILL SPOT LOUNGE, THE","680 LIMA DR, STE 150-160",40511,605,2012-11-30,2023-09-08,66,38.07290930865,-84.505884656143
92085,RM LEXINGTON (OUTDOOR),,40514,,2025-08-25,2025-08-25,1,,
92086,R M LEXINGTON (OUTDOOR) THE WYATT - OUTDOOR,,40514,THE WYATT - OUTDOOR,2025-08-25,2025-08-25,1,,
92153,KARIBU INTERNATIONAL MARKET,349 OLD VIRGINIA AVE STE 130,40504,61,2013-03-22,2024-05-03,30,38.037258260644,-84.513835292539
92161,BURGERFI,"141 ROJAY DR, STE 110",40503,605,2012-12-27,2022-09-22,57,37.984601449747,-84.528485203315
92182,CHARMED LIFE TATTOO,,40508,,2025-10-07,2025-10-07,1,,
92183,TEMPUR CAFE,1000 TEMPUR WAY,40511,605,2013-01-03,2020-10-06,48,38.098401863731,-84.495173241179
92228,ROYAL HOOKAH,"393 WALLER AVE, STE 4",40504,605,2013-01-07,2013-01-07,1,38.030873637403,-84.520059372389
92289,BRICK OVEN PIZZERIA,4371 OLD HARRODSBURG RD #160,40513,605,2013-01-23,2020-08-26,49,37.996305876542,-84.58463320306
92381,NAPA PRIME,319 CEDAR ST,40508,605,2013-02-13,2019-05-31,24,38.044216467312,-84.505622369102
92402,COWBOY BRAZILIAN STEAK HOUSE,2041 RICHMOND RD,40502,605,2013-02-22,2019-04-18,25,,
92518,"JAX, THE",101 W SHORT STREET,40507,605,2013-07-03,2014-06-23,6,38.047006581565,-84.496277996754
92519,"RICK'S HOT DOGS, LLC",STATEWIDE PUSHCART,40517,605,2013-05-08,2013-05-08,1,,
92520,RICK'S HOT DOGS - COMMISSARY,517 W MAIN ST,40507,605,2013-03-06,2015-01-30,4,38.050360653816,-84.501381880268
92547,SLEEP INN,1920 PLAUDIT PLACE,40509,605,2013-03-04,2025-09-04,84,38.018710907127,-84.415560224276
92548,MILL STREET MINI MART,112 N MILL ST.,40507,607,2013-03-14,2015-08-12,20,38.048361691055,-84.49845143673
92575,TAILORED 2 CATER,STATE MOBILE,40508,605,2013-03-14,2018-03-27,13,,
92595,LOCO TACO,1764 COSTIGAN DR,40511,605,2013-03-13,2017-12-12,19,38.089714862898,-84.481832865489
92596,"SNACK SHAK, THE",1205 E NEW CIRCLE RD,40505,605,2013-03-18,2016-12-09,9,38.03209214988,-84.452827905418
92613,"HEAVENLY HOMESTEAD CHEESE, LLC - FM RETAIL",537 HUFF ROAD,42565,610,2013-04-20,2014-07-26,2,37.114514028602,-84.906527806931
92623,HAGER HAMS,"171 W LOWRY LANE, SUITE 180",40503,605,2013-03-23,2023-02-15,85,38.007222715532,-84.521892991926
92655,THE WILLOWS AT HAMBURG LEGACY,2531 OLD ROSEBUD RD.,40509,LEGACY,2013-03-26,2025-11-07,64,38.02824454757,-84.430972166566
92662,TACO'S DEL RIO,STATEWIDE MOBILE UNIT,40516,605,2013-03-26,2015-07-10,2,,
92688,MAGIC BEANS COFFEE ROASTERS,RETAIL FARMER'S MARKET,40508,610,2013-04-20,2015-06-06,3,,
92689,TACO LEONES,STATEWIDE MOBILE,40509,605,2013-03-28,2013-03-28,1,,
92692,AFC SUSHI & CENTRAL BAPTIST HOSPITAL,1720 NICHOLASVILLE RD,40503,605,2013-04-29,2013-06-07,2,38.019213123081,-84.51371657933
92709,KY LAMB,RETAIL FARMER'S MARKET,40078,610,2014-05-17,2014-05-17,1,,
92738,"ON TAPP DAIRY, LLC",FARMER'S MARKET RETAIL,40069,610,2014-04-12,2014-04-12,1,,
92754,COUNTY CLUB,555 JEFFERSON ST.,40508,605,2013-04-10,2025-11-13,74,38.058830036765,-84.493421651221
92755,K A LONCHERA,631 CHARLBURY ROAD,40505,610,2013-04-05,2019-01-04,2,38.083012376665,-84.466320809099
92801,LAPETITE CREPERIE,120 SYCAMORE RD.,40502,605,2013-04-18,2016-11-01,8,38.030124497703,-84.479778257738
92854,BLUEGRASS VOLLEYBALL CENTER,709 MILES POINT WAY,40510,605,2013-04-30,2017-06-10,12,38.067554801666,-84.555737154631
92855,FORCHT BANK STATE RETAIL MOBILE,2709 OLD ROSEBUD RD,40509,610,2013-04-18,2013-04-18,1,38.028422833318,-84.420742608634
92936,LEXINGTON ICE & RECREATION CTR.,,40517,CTR.,2025-07-15,2025-07-15,1,,
92948,GRAETER'S ICE CREAM,1925 JUSTICE DR. SUITE 180,40509,605,2013-05-14,2025-10-10,73,38.017339696521,-84.412805475966
92949,EATS N' BEATS - STATE MOBILE,792 MAIDENCANE DRIVE,40509,605,2013-05-02,2013-05-02,1,37.986578805814,-84.394291141855
92950,BANTER BY PIERCING PAGODA #2624,,40503,#2624,2025-11-18,2025-11-18,1,,
92992,SAGAR INDIA MARKET,3100 OLD TODDS RD. STE 110,40509,610,2013-05-14,2014-05-12,2,38.00980751073,-84.423034580332
92993,MI MEXICO RESTAURANT,818 E NEW CIRCLE RD.,40505,11,2013-06-10,2025-11-06,101,38.039040063825,-84.454643136994
92995,KY HORSE PARK ROLEX #1,4089 IRONWORKS PKWY,40511,605,2013-04-23,2018-04-27,25,38.147731380711,-84.520583688077
92996,KY HORSE PARK ROLEX #2,4089 IRON WORKS PKWY,40511,605,2013-04-23,2018-04-27,21,38.147731380711,-84.520583688077
92997,KYHP - ALLTECH #5,4089 IRONWORKS PIKE,40511,605,2013-10-28,2025-07-11,50,,
92998,KYHP - ALLTECH ARENA STAND #2,4089 IRONWORKS PIKE,40511,STAND #2,2013-04-23,2025-11-20,58,,
92999,KYHP - ALLTECH #1,4089 IRONWORKS PIKE,40511,605,2013-04-23,2025-10-27,43,,
93044,KYHP - PINK CLOUD - JOHN NICHOLSON,4089 IRONWORKS PKWY,40511,11,2014-01-29,2024-05-24,87,38.147731380711,-84.520583688077
93062,THE SOTHERN DELI & TAVERN,207 S LIMESTONE,40508,605,2013-06-07,2022-10-11,54,38.045039256356,-84.499046792556
93063,STUARTO'S OLIVE OIL COMPANY,804 EUCLID AVE.,40502,610,2013-06-10,2020-07-14,8,38.030172404138,-84.491278058081
93100,JOE JACK'S FISH & CHICKEN SHACK,STATE MOBILE,40516,605,2013-05-21,2022-09-09,35,,
93140,TOBACCO HUT,"3130 PIMLICO PKWY, SUITE 125",40517,610,2013-06-07,2016-01-28,7,37.986858277476,-84.461595802107
93177,STARBUCKS @ TARGET T-1094 MI PEQUENA HACIENDA STATE MOBILE,1940 PAVILLION WAY,40509,MI PEQUENA HACIENDA STATE MOBILE,2013-06-10,2025-09-05,74,38.022208556614,-84.416997611031
93228,BETTER BITES BIKE COMMISSIARY,468 SQUIRES RD,40515,605,2013-06-17,2013-12-16,2,37.991089798024,-84.448388596801
93234,"WEEKLY JUICERY, THE",RETAIL FARMER'S MARKET,40502,610,2015-06-06,2017-06-03,2,,
93252,SPOTZ LLC DBA SPOTZ GELATO,128 N BROADWAY,40507,605,2013-06-25,2019-09-11,63,38.049335672842,-84.499172412605
93253,CHICK-FIL-A AT CHASE BANK,201 E MAIN ST.,40507,605,2013-06-14,2013-06-14,1,38.045031928439,-84.495456720533
93254,"GROVE, THE (KIOSK)",3401 NICHOLASVILLE RD.,40503,610,2013-06-14,2013-07-16,2,37.98845683202,-84.525168704428
93272,BETTER BITES BIKE,RETAIL MOBILE SNACK BIKE,40508,603,2013-06-17,2013-06-17,1,,
93363,TACOS MINENA STATE MOBILE,"2223 DEVONPORT DRIVE, A-18",40504,605,2013-06-24,2019-07-02,39,,
93364,MI PEQUENA HACIENDA STATE MOBILE,3501 LANSDOWNE DR,40517,605,2013-06-26,2023-05-23,11,37.988576012554,-84.514945899322
93365,TASTE OF INDIA,2467 NICHOLASVILLE RD,40503,11,2013-07-03,2025-12-01,95,38.001567791165,-84.520218241441
93391,"WEEKLY JUICERY BICYCLE, THE",436 OLD VINE ST,40507,610,2013-06-27,2015-08-13,3,38.039575415846,-84.491579527909
93416,TROPICAL ICE,3401 NICHOLASVILLE RD,40503,603,2013-07-08,2017-05-23,5,37.98845683202,-84.525168704428
93419,MORNING POINTE,150 SHORE SIDE DR,40515,11,2013-07-30,2025-07-18,62,37.99213648732,-84.436723219596
93421,GOLD STAR CHILI,3735 PALOMAR CENTER DR STE 10,40513,605,2013-07-03,2020-02-19,49,38.003459531439,-84.571166851002
93443,EL BUEN TACO #1 (STATE MOBILE),"2220 DEVONPORT DR, APT H12",40504,MOBILE),2013-07-03,2025-12-04,47,,
93444,"SALT & VINEGAR, LLC",610 W THIRD ST,40508,605,2013-07-05,2023-11-10,87,38.057074136993,-84.501057176489
93445,EL LOUNGE LLC,1439 ALEXANDRIA DR,40504,605,2013-07-10,2025-09-25,102,38.047920484996,-84.552133959985
93456,SMITHTOWN SEAFOOD,501 W SIXTH ST SUITE 110,40508,54,2013-09-09,2025-09-09,131,38.05918362219,-84.491999523951
93457,LYLES BBQ COMPANY,3401 NICHOLASVILLE RD. FC-03,40503,605,2013-07-08,2019-05-03,23,37.98845683202,-84.525168704428
93523,SHAKEN BUBBLE,3401 NICHOLASVILLE RD,40503,605,2013-08-02,2025-11-17,106,37.98845683202,-84.525168704428
93539,R.J. CORMAN LEXINGTON DINNER TRAIN,133 BUCHANAN ST. BLDG 3,40507,605,2013-07-12,2015-10-16,11,38.056139468172,-84.509450388674
93540,SMART BEEZ LEARNING CENTER,2033 GARDEN SPRINGS DR.,40504,CENTER,2013-07-19,2025-12-08,74,38.028562782341,-84.54244875694
93629,FIRST WATCH SIMPSON CENTER,"1080 S BROADWAY, STE 301",40504,CENTER,2013-08-21,2025-12-01,59,38.037212765512,-84.517662057938
93630,"AGAVE & RYE LEXINGTON SQUARE, LLC",123 N BROADWAY,40507,"SQUARE, LLC",2013-09-04,2025-10-14,73,38.049314277113,-84.49942402281
93631,DOLLAR GENERAL STORE #14796,308 SOUTHLAND DR,40503,#14796,2013-08-26,2025-09-10,17,38.015950899313,-84.52402483537
93651,GINGER WASABI SUSHI & GRILL,103 W MAXWELL ST,40508,& GRILL,2013-09-06,2025-08-13,103,38.04351852874,-84.501318429018
93683,"NEW CREATION CHILDCARE, LLC",1037 INDUSTRY ROAD,40505,605,2013-08-12,2023-09-13,83,38.044283660226,-84.460589184905
93744,BIG BLUE WIENERS I,686 BROOKGREEN LANE,40509,603,2013-08-19,2016-03-29,4,37.997949132269,-84.415223162463
93771,COMMON GROUNDS,251 SCOTT STREET,40506,605,2013-08-21,2019-11-06,28,38.039719148426,-84.506736148441
93825,CENTRAL KY RECOVERY CNTR - #2,1366 BULL LEA LANE,40511,CNTR - #2,2013-09-03,2025-12-17,61,38.084731559474,-84.497751833342
93826,CENTRAL KY RECOVERY CNTR BLDG #1,1358 BULL LEA LANE,40511,605,2013-08-29,2023-09-25,67,38.084672591507,-84.497787524482
93827,EASTERN STATE HOSPITAL - KITCHEN,1350 BULL LEA LANE,40511,- KITCHEN,2014-02-18,2025-12-17,61,38.084613623539,-84.497823215621
93834,J. RENDER'S BBQ STATE MOBILE,1141 HAVERFORD WAY,40509,605,2013-11-20,2023-09-27,47,38.006783291469,-84.41308707744
93836,JIMMY JOHN'S,547 EUCLID AVE,40502,605,2013-09-03,2025-11-20,84,38.033046246263,-84.494310456096
93863,ZASTA'S CONCESSIONS,SEASONAL RESTRICTED,40515,603,2013-09-04,2016-03-24,5,,
93864,KARE BEARS,1697 PEABODY WAY,40511,605,2014-01-03,2025-08-15,79,38.067302084692,-84.527550126391
93890,CENTER FOR CHILDREN,500 PARK PLACE,40511,605,2013-09-13,2025-11-20,71,38.069758234476,-84.484018086408
93914,FAYETTE COUNTY PRESCHOOL,,40503,,2025-09-19,2025-09-19,1,,
93949,FURLONGS - CRAZY BOUT CAJUN,STATE MOBILE,40503,605,2013-09-19,2016-06-09,9,,
93978,IMPERIAL LIQUOR,1465 VILLAGE DR.,40504,610,2013-09-25,2025-12-04,15,38.047516341692,-84.549100229936
94033,COSTCO WHOLESALE #1156,1500 FITZGERALD CT.,40509,55,2013-10-10,2025-08-05,83,38.024634970528,-84.411572516455
94065,"GRASSROOTS PHARMACY, PLLC",2304 SIR BARTON WAY SUITE 195,40509,605,2013-10-24,2024-01-08,113,,
94103,MIX,301 EAST VINE STREET,40507,610,2013-11-27,2014-01-10,4,38.04145391627,-84.492953366029
94120,EPPINGS ON EAST SIDE,264 WALTON AVE.,40502,11,2013-11-12,2025-10-30,70,38.040548854518,-84.480591871338
94143,MISSY'S PIE SHOP,502 EAST HIGH ST,40502,11,2013-10-29,2025-11-18,86,38.036602284158,-84.492852592709
94174,HOOD'S HERITAGE HOGS FARMER'S MARKET,6096 CENTRAL RIDGE ROAD,41064,610,2015-06-06,2016-05-21,2,38.525410086225,-84.16360565113
94180,BELLE'S BAR,156 MARKET STREET,40507,53,2013-10-14,2024-05-30,54,38.049129778592,-84.496303644316
94230,"LANTERN AT MORNING POINTE OF LEXINGTON, THE",225 RUCCIO WAY,40503,"OF LEXINGTON,",2013-11-05,2025-08-07,81,37.995755357327,-84.528922411454
94256,"HUB HOLDING COMPANY, LLC, THE",153 TRADE ST. STE 120,40511,605,2013-11-13,2017-07-28,17,38.07465490158,-84.546068074216
94287,CENTERED CAFE,309 N ASHLAND AVE SUITE 180,40502,607,2014-10-20,2020-07-22,69,38.03889412542,-84.479138526447
94359,FRISCH'S RESTAURANT,1849 ALYSHEBA WAY,40509,605,2013-11-26,2023-10-24,100,38.019654032003,-84.419280839562
94360,"CHRISSY'S CAKE SHOP, LLC","381 UNITED COURT, STE 2",40509,605,2013-11-27,2013-11-27,1,37.966192018844,-84.375552220952
94387,KINGDOM CHRISTIAN ACADEMY,2009 FAMILY CIRCLE DR 5 & 6,40505,605,2013-12-19,2014-06-06,2,38.03373819648,-84.455325965235
94390,"NEST, THE",530 NORTH LIMESTONE,40508,605,2013-12-04,2025-09-16,68,38.053216807871,-84.487222697364
94405,CHERRY SEED COFFEE HOUSE,472 SOUTHLAND DR,40503,605,2014-01-02,2020-09-25,69,38.019791482611,-84.52808523384
94406,CORRISOFT,1713 JAGGIE FOX WAY,40511,605,2013-12-16,2016-06-01,6,38.087636376352,-84.517277777318
94410,D'S DOGS 2 PUSH CART,1829 RANIER DR,40505,603,2013-12-04,2017-01-06,3,38.064682575298,-84.455426300141
94436,TRANSYLVANIA UNIVERSITY ATHLETICS CONCESSIONS,300 N BROADWAY,40508,603,2013-12-11,2019-11-25,7,38.047618767492,-84.501662211584
94452,SWEET LILY'S,2573 RICHMOND RD SUITE 300,40509,605,2013-12-12,2015-07-21,5,,
94458,MAMA DEE'S CONEY ISLAND,340 E NEW CIRCLE RD,40505,605,2013-12-17,2022-10-24,33,38.058823751768,-84.463841077792
94461,"SWEET SPOT, THE",126 N BROADWAY,40507,605,2014-09-30,2019-01-29,36,38.049306511135,-84.49921462034
94470,DUNKIN DONUTS,4000 TERMINAL DR,40510,11,2014-01-09,2025-08-15,58,38.03904167707,-84.598385282452
94476,CORRAL EVENT CENTER & RESTAURANT,3130 MAPLE LEAF DR SUITE 160,40509,605,2013-12-19,2024-02-05,111,38.006593603162,-84.425601552842
94554,BOONE CREEK CREAMERY,"2416 PALUMBO DRIVE, STE. 110",40509,610,2017-06-03,2022-06-12,7,38.019983483558,-84.448514810884
94566,BAPTIST HEALTH LEXINGTON CHILD DEVELOPMENT CENTER,110 SOUTHLAND DR,40503,CHILD DEVELOPMENT,2014-01-10,2025-08-22,69,38.011443660233,-84.517401086023
94579,STAYBRIDGE SUITES STAYBRIDGE SUITES HOTEL (INDOOR,,94581,STAYBRIDGE SUITES HOTEL (INDOOR,2025-09-29,2025-09-29,1,,
94633,RAMSEY'S RESTAURANT,151 W ZANDALE DR STE 100,40503,605,2014-02-10,2025-10-21,88,38.008690692035,-84.517934656257
94641,ROLLING OVEN STATEWIDE MOBILE UNIT,944 TURKEY FOOT RD,40502,605,2014-08-11,2021-07-09,29,38.016166099996,-84.490242497312
94673,WILD EGGS,3537 PALOMAR CENTRE DR,40513,605,2014-02-06,2025-10-16,93,,
94733,BLUE SKILLET,213 E SEVENTH ST,40508,11,2014-03-28,2025-11-25,80,38.053098194808,-84.481549346611
94734,OUR MAGIC YEARS CHILDCARE 1016-1020 N LIMESTONE ST,1016-1020 N LIMESTONE ST,40505,1016-1020 N LIMESTONE ST,2014-02-12,2025-09-04,83,38.060234484094,-84.477234991924
94735,DAD'S FAVORITES,430 W VINE STREET,40504,610,2014-03-19,2014-03-19,1,38.049432604464,-84.500968150647
94803,LA CASA DE MI PADRE STATE MOBILE,1942 COBYVILLE CT,40511,605,2014-02-24,2015-04-17,3,38.091214797384,-84.475354494695
94829,TOWER HILL SPORTS,3025 BLAKE JAMES DR.,40509,605,2014-03-06,2022-07-21,46,38.008230964485,-84.435807907357
94850,UK SOCCER COMPLEX COLD PLUNGE -INDOOR,,40506,PLUNGE -INDOOR,2025-11-20,2025-11-20,1,,
94851,UK SOCCER COMPLEX HOT PLUNGE INDOOR,,40506,PLUNGE INDOOR,2025-11-20,2025-11-20,1,,
94860,ROOD & RIDDLE EQUINE HOSPITAL,2150 GEORGETOWN RD,40511,HOSPITAL,2014-03-13,2025-12-04,9,38.093503301845,-84.512724787975
94861,BIG BLUE WIENERS II,RESTRICTED PUSH CART,40509,603,2014-03-13,2014-03-13,1,,
94874,RICK'S HOT DOGS #2,RESTRICTED MOBILE PUSHCART,40517,603,2014-03-14,2014-03-14,1,,
94894,LA PETITE DE'LICAT,153 TRADE ST SUITE #130,40511,610,2014-04-12,2015-05-17,2,38.07465490158,-84.546068074216
94895,GLUTEN FREE MIRACLES,145 BURT RD #20,40503,605,2014-03-18,2022-08-24,81,38.007682967897,-84.519792111911
94938,JET'S PIZZA KY013,101 SAND LAKE DR STE 110,40515,605,2014-03-31,2025-11-04,71,37.999387685372,-84.445886040942
94939,VIBURNUM VALLEY FARM CONFECTIONS,2150 GEORGETOWN RD,40511,CONFECTIONS,2014-04-03,2025-12-04,65,38.093503301845,-84.512724787975
94962,ORLANDO'S,1230 EASTLAND,40505,605,2014-04-04,2014-04-04,1,38.045778409913,-84.457822232858
94973,HIBACHI EXPRESS THE WILLOWS AT CITATION,565 S LIMESTONE,40508,THE WILLOWS AT CITATION,2014-04-01,2025-11-21,76,38.039097160444,-84.506810852484
94993,BESSIN FAMILY FARM,295 SHARP ROAD,40444,610,2014-07-26,2019-06-01,5,37.713308334222,-84.712045192351
95009,THE WILLOWS AT CITATION,1376 SILVER SPRINGS DR,40504,605,2014-09-30,2023-09-06,76,38.082576147222,-84.48372004115
95028,FIRST WATCH RESTAURANT,2251 WAR ADMIRAL WAY STE 130,40509,605,2014-04-28,2025-11-20,58,38.040321515286,-84.425765056343
95032,DONUT DAYS BAKERY @ CHEVY CHASE,814 EUCLID AVE,40502,610,2014-04-14,2017-03-09,4,38.030071290954,-84.491165903827
95069,LOWE'S HOME IMPROVEMENT OF NE LEX,2300 GREY LAG WAY,40509,610,2014-04-23,2018-01-19,5,38.039260641405,-84.424101097663
95074,CRIPPLE CREEK FARM,RETAIL FARMER'S MARKET,42539,610,2014-04-12,2014-04-12,1,,
95082,LOWE'S HOME IMPROVEMENT,4055 NICHOLS PARK DR,40503,610,2014-04-15,2017-03-10,4,37.979705191685,-84.532826133835
95185,LARRY MAC'S CHEESE SPREADS,3101 CLAYS MILL RD STE. 401,40503,605,2014-05-01,2016-06-21,6,38.003933324905,-84.544211718628
95219,MINTON'S STATE MOBILE,760 NORTH LIMESTONE,40508,605,2015-06-05,2016-06-03,3,38.056382774757,-84.482739423626
95259,PHO SAIGON,1555 E NEW CIRCLE RD #162,40509,605,2014-06-20,2025-09-29,73,38.018893877591,-84.455940323671
95276,TINCAN COFFEE ROASTERS,STATE WIDE MOBILE,40507,605,2014-05-08,2018-05-12,17,,
95307,"A&W BURGERS, CHICKEN & FLOATS",2251 WAR ADMIRAL WAY STE 110,40509,& FLOATS,2014-04-28,2025-11-11,60,38.040321515286,-84.425765056343
95369,HORSEPARK BP,4538 GEORGETOWN RD,40511,54,2014-05-27,2024-05-22,154,38.149231783825,-84.542010379473
95452,DAD'S FAVORITES,236 E MAIN ST,40507,607,2014-06-06,2016-11-11,10,38.044154891123,-84.494640596291
95454,PLEASANT MEADOW ASSISTED LIVING,2141 EXECUTIVE DR,40505,605,2014-06-02,2023-10-13,78,38.045844538308,-84.428192367213
95457,PINOT'S PALETTE,3851 MALL RD #110,40503,53,2014-05-30,2025-07-30,79,37.984263229512,-84.531615539987
95479,OMG DONUT,3449 BUCKHORN DR STE 110,40515,605,2015-06-29,2022-07-13,63,37.976215395979,-84.458462435351
95504,SALSARITA'S LEXINGTON,"2380 NORMAN LANE, STE K10",40502,605,2014-06-11,2022-10-17,58,38.004751890131,-84.51997010924
95505,L'OVEN COOKIES AND MORE,1049 CHINOE RD,40502,610,2014-06-28,2015-07-01,2,37.998040230156,-84.480740379461
95528,OLD KENTUCKY POPCORN CO,1904 WILLIAMSBURG RD,40504,603,2014-06-13,2018-05-26,6,38.035969083852,-84.561951600095
95546,COOPER BROTHERS GOURMET MEATS,"4379 OLD HARRODSBURG RD, STE 150",40513,610,2014-06-12,2016-05-18,5,37.996303967587,-84.584650656368
95559,SPOTZ GELATO,,40324,,2025-08-16,2025-08-16,1,,
95585,EL REI DEL TACO STATE MOBILE,932 LIBERTY RD,40505,605,2014-06-13,2014-06-13,1,38.041351997022,-84.469504512904
95605,DICKEY'S BBQ PIT,"1315 WINCHESTER RD., SUITE 325",40505,605,2014-07-07,2025-09-11,115,38.042860844562,-84.458257677781
95631,PANCHANGA RENTAL'S PUSH CART,2220 AZALEA DR,40504,603,2014-06-19,2015-06-29,2,38.021812655826,-84.550290349135
95632,"WAFFLE-E-GOOD, INC STATE MOBILE",493 HILL N DALE,40503,605,2014-06-19,2014-06-19,1,38.012607792657,-84.534100010238
95646,XTREME SOUTHERN KITCHEN STATE MOBILE,792 MAIDEN CANE DRIVE,40509,605,2014-06-20,2014-06-20,1,37.986578805814,-84.394291141855
95654,WILLIES DOGS PUSH CART,381 ATWOOD DRIVE,40515,603,2014-06-23,2016-06-13,2,37.959989229147,-84.526080695902
95697,1809 AT WINCHESTER - OUTDOOR,,40505,OUTDOOR,2025-07-31,2025-07-31,1,,
95726,KAEDE MARKET,"4371 OLD HARRODSBURG RD, STE 105",40513,607,2014-12-12,2021-03-24,58,37.996305876542,-84.58463320306
95759,KENTUCKY KETTLE CORN MOBILE CONCESSION,SEASONAL RESTRICTED,40356,603,2015-05-23,2015-05-23,1,,
95814,FIREHOUSE SUBS,"101 SAND LAKE DR, SUITE 150",40509,11,2014-07-29,2025-11-17,70,37.999387685372,-84.445886040942
95827,SUBWAY - SOUTH PAVILION,"3851 MALL RD, STE 140",40503,605,2014-07-28,2025-10-29,89,37.984263229512,-84.531615539987
95851,WANDERFUL VENDING LLC,2421 FORTUNE DR,40509,610,2015-01-05,2015-01-05,1,38.034967002664,-84.447974818647
95866,LA REFERENCE RESTAURANT,2396 WOODHILL DR,40509,605,2014-07-31,2022-06-24,81,38.017038221186,-84.453623430216
95896,CONFUSED CONFECTIONS,113 CLAY AVE,40502,607,2014-08-04,2018-08-28,39,38.036022481951,-84.485790881087
95899,HONNAH-LEE BUBBLE TEA,894 MASON HEADLEY RD,40504,603,2014-07-31,2016-08-13,2,38.039713300468,-84.536863537037
95900,MCDONALD'S RESTAURANT #36629,2359 RICHMOND RD,40502,#36629,2014-08-06,2025-11-19,78,,
95975,CHASE TAP ROOM,266 JEFFERSON ST,40508,605,2014-08-13,2021-04-16,55,38.05470580185,-84.498917281248
96054,"KIDZ CLUB, THE",2200 REGENCY RD,40503,605,2014-09-05,2025-08-06,61,38.008010849755,-84.524549773325
96066,"NATHANIEL MISSIONARY SOCIETY,INC","1109 VERSAILLES RD, STE 400",40508,"SOCIETY,INC",2014-08-29,2025-09-03,74,38.050132987093,-84.517311678926
96075,SUPER MARIO'S ICE CREAM,340 E NEW CIRCLE RD #180,40505,11,2014-08-29,2025-12-08,53,38.058823751768,-84.463841077792
96097,FLIK @ BINGHAM MCCUTCHEN,1500 ARISTIDES BLVD,40511,610,2014-10-06,2014-10-06,1,38.093270777727,-84.488355139143
96116,KENTUCKY NATIVE CAFE,417 E MAXWELL STREET,40508,605,2014-09-15,2025-10-28,53,38.038164679564,-84.495276556782
96118,PETRO'S CHILI & CHIPS,4161 TATES CREEK CENTER,40517,605,2014-09-10,2016-02-09,6,37.968832939474,-84.500876586578
96133,"CHEESECAKE FACTORY, THE",3545 NICHOLASVILLE RD,40503,THE,2014-10-13,2025-10-22,75,37.986954479375,-84.525919705166
96156,JACKIE'S CARIBBEAN MARKET,359 LONGVIEW PLAZA,40503,610,2014-09-11,2017-11-02,5,38.01716553379,-84.527132166248
96246,EL CHARRO AUTHENTIC MEXICAN CUISINE,"3090 HELMSDALE PLACE, STE 260",40509,MEXICAN CUISINE,2014-10-01,2025-12-08,79,38.012333175486,-84.420828362787
96277,RISING ROLL,506 ADMINISTRATION DR,40506,605,2014-08-25,2022-10-27,56,38.038557635248,-84.505665869038
96278,KLAIR II,318 HILLTOP AVENUE,40506,605,2014-08-25,2022-10-31,50,38.032421384837,-84.50294745194
96279,EINSTEIN'S BAGELS,505 ROSE ST,40506,605,2014-08-25,2025-10-08,49,38.034774629323,-84.504215070278
96280,WILDCAT PANTRY @ INTERMEZZO,PATTERSON BUILDING,40506,610,2014-08-26,2017-10-25,7,,
96281,GREENS TO GO,220 AVENUE OF CHAMPIONS,40546,605,2014-08-25,2017-10-24,24,38.039144467869,-84.501358556774
96283,COMMON GROUNDS,344 S. ML KING BLVD,40506,605,2014-09-18,2022-02-25,49,,
96285,SUBWAY - MI KING,179 FUNKHOUSER DR,40506,605,2014-08-25,2025-11-06,63,,
96317,PL DUNBAR HIGH SCHOOL (INSIDE CONCESSIONS),1600 MAN O WAR BLVD,40513,605,2014-10-23,2025-07-31,49,38.017800964696,-84.57519981492
96334,COMMON GROUNDS,"2901 RICHMOND RD, STE 160",40509,605,2014-10-14,2023-08-24,43,,
96350,EMPYREAL ARTISAN ALES,1224 MANCHESTER ST,40504,605,2014-10-24,2025-10-15,56,38.056829809811,-84.519962952302
96367,MCDONALD'S,2012 HARRODSBURG RD,40503,11,2014-10-31,2025-12-08,96,38.026246795462,-84.535271442444
96368,WALGREENS #16036,2001 HARRODSBURG RD,40504,610,2014-11-04,2025-10-31,12,,
96417,TACOS EL FAROLITO,1150 KELSEY DR,40504,605,2014-10-21,2014-10-21,1,38.056700903962,-84.553811917906
96426,BLAZER COMMISSARY,343 S. MLKING BLVD,40508,605,2016-05-04,2017-04-21,7,38.041750339504,-84.500563671355
96427,KLAIR II COMMISSARY,318 HILLTOP AVE,40508,605,2014-10-28,2019-12-03,28,38.032421384837,-84.50294745194
96454,ASIAN BISTRO,4224 SARON DR,40515,605,2014-11-10,2025-12-22,117,37.967378398883,-84.502178254129
96491,GREEK ORTHODOX CHURCH,3001 TATES CREEK RD,40502,36,2014-10-02,2025-07-28,51,38.006772888125,-84.496086057959
96522,BRYAN STATION INDOOR CONCESSION,201 EASTIN RD.,40502,603,2014-11-07,2025-10-30,20,38.06653324697,-84.458237181429
96525,NEWK'S EATERY,"2369 RICHMOND RD, #110",40502,605,2014-11-11,2022-08-08,110,,
96526,MAD MUSHROOM OF UK,561 S BROADWAY STE 135,40508,605,2015-01-16,2025-11-21,93,38.044863486384,-84.505781831025
96527,CITY BARBEQUE,2187 HARRODSBURG RD,40504,605,2014-12-04,2025-11-06,68,,
96528,A&W BURGERS-CHICKEN-FLOATS,114 TOWNE CENTER DR,40511,605,2014-11-25,2021-04-23,44,38.066880519284,-84.530655033104
96532,COMFORT INN & SUITES,2400 BUENA VISTA RD,40505,605,2014-11-11,2025-11-14,61,38.043126324476,-84.420473153134
96533,ACTIVE DAY OF LEXINGTON,191 W LOWRY LANE,40503,605,2014-11-11,2025-08-06,57,38.00709600549,-84.523530626466
96558,STUARTO'S OLIVE OIL FARMER'S MKT RETAIL,2200 WAR ADMIRAL WAY,40509,610,2014-11-17,2022-06-12,6,38.038195544959,-84.427026741065
96559,DOMINO'S PIZZA #1405,3120 PIMLICO PARKWAY #116,40517,11,2014-11-19,2025-11-24,82,37.986437602225,-84.46117919731
96561,AGAVE & RYE,3535 NICHOLASVILLE RD I-9211,40503,607,2014-12-01,2025-11-06,61,37.987053427387,-84.525873930148
96605,EAST 7TH ST. MISSION,530 N.MARTIN LUTHER KING BLVD,,,2017-02-14,2018-04-24,26,38.051644590954,-84.48579089415
96623,CHIPOTLE MEXICAN GRILL #2429,"3565 NICHOLASVILLE RD, STE 935",40503,#2429,2015-02-10,2025-11-07,69,37.986756583352,-84.526011255202
96645,PIES AND PINTS,401 W MAIN ST. SUITE 106,40507,605,2014-12-23,2025-09-26,85,38.04901355511,-84.499859450443
96653,WINBURN CAFE / CHILD CARE CENTER,1100 WINBURN DR,40511,605,2014-12-12,2025-11-03,76,,
96660,"BREAK ROOM, THE",1178 MANCHESTER STREET,40508,605,2014-12-17,2025-12-19,70,38.05514639699,-84.51543327196
96668,BURGER KING #20867,730 LANE ALLEN RD.,40504,605,2014-12-29,2025-08-18,70,38.027509152729,-84.536160854812
96673,GREAT BAGEL TRUCK,STATE WIDE MOBILE,40508,605,2014-12-15,2015-07-08,3,,
96674,WILD EGGS,1925 JUSTICE DR,40509,605,2014-12-22,2025-08-29,74,38.017339696521,-84.412805475966
96680,UK - EARLY CHILDHOOD LABORATORY,621 SOUTH LIMESTONE,40508,LABORATORY,2015-01-08,2025-11-19,60,38.03748015265,-84.507478883074
96684,LIQUOR BARN EXPRESS AT CHEVY CHASE #908,866 E HIGH ST.,40502,AT CHEVY CHASE #908,2015-01-05,2025-11-19,13,38.028681264644,-84.490282357234
96685,LIQUOR BARN AT NORTH BROADWAY #910,1601 N BROADWAY,40505,BROADWAY #910,2014-12-18,2025-10-09,13,38.067895198004,-84.472804903315
96689,CHERISH THE CHILD CARE CENTER,474 STONE RD,40503,CENTER,2014-12-22,2025-08-12,82,38.004018393165,-84.529833133414
96695,BOULEVARD AT HAYS (OUTDOOR),,40509,,2025-08-20,2025-08-20,1,,
96696,BOULEVARD AT HAYS (OUTDOOR) YMCA WHITAKER FAMILY- INDOOR,,40509,YMCA WHITAKER FAMILY- INDOOR,2025-08-20,2025-08-20,1,,
96707,"CINCO DE MAYO OF LEXINGTON 2, INC","3031 RICHMOND RD., STE 120",40509,"2, INC",2015-01-22,2025-12-02,133,38.003289741872,-84.446788525608
96721,STAYBRIDGE SUITES LEXINGTON,125 LOUIE PLACE,40511,610,2015-03-24,2025-10-28,167,38.066429054736,-84.528751297976
96722,TYLOR ASIAN MARKET,"1555 E NEW CIRCLE RD, #170",40509,605,2015-01-21,2023-05-31,123,38.018893877591,-84.455940323671
96725,B&B VENDING,2440 INNOVATION DR,40511,610,2015-01-05,2020-09-28,8,38.10258667337,-84.521234706149
96773,LITTLE CAESARS PIZZA,3031 RICHMOND RD #110,40509,605,2015-01-13,2025-11-18,78,38.003289741872,-84.446788525608
96822,BRASA'S LLC,565 E NEW CIRCLE RD. STE #5,40505,605,2015-01-28,2025-10-01,94,38.052621365652,-84.457522087759
96860,LEXINGTON PEDDLER'S MALL GROCERY BOOTH #2,1205 E NEW CIRCLE RD,40505,610,2016-02-04,2018-05-16,6,38.03209214988,-84.452827905418
96866,EL SABROSO,1445 VILLAGE DR,40504,605,2015-02-04,2025-10-22,83,38.047742828463,-84.549122878595
96876,WINBURN MIDDLE SCHOOL (CONCESSION),1060 WINBURN DR,40511,603,2015-02-02,2023-10-31,13,38.088639813658,-84.478016472095
96880,ENOS YODER,1205 E NEW CIRCLE RD,40505,610,2015-04-06,2016-03-18,2,38.03209214988,-84.452827905418
96918,LOCUST TRACE AGRISCIENCE CENTER,,40511,CENTER,2025-10-15,2025-10-15,1,,
96931,STAYBRIDGE SUITES,,40511,,2025-11-18,2025-11-18,1,,
96932,"HIGH ON ART & COFFEE, LLC",523 E. HIGH ST,40502,LLC,2015-02-23,2025-10-07,70,38.036509769455,-84.492650590651
96933,TONY'S STEAKS AND SEAFOOD OF LEXINGTON,401 WEST MAIN ST. #102,40507,OF LEXINGTON,2015-02-26,2025-11-05,81,38.04901355511,-84.499859450443
96973,LEAN FEAST,220 RUCCIO WAY SUITE 190,40503,605,2015-04-27,2025-09-22,50,37.996720047388,-84.530215839531
96977,GEORGETTES AND CHIFFONS,900 N BROADWAY,40505,605,2015-03-17,2015-03-17,1,,
96983,HOME 2 SUITES,126 EAST LOWRY LANE,40503,605,2015-05-11,2023-02-06,58,38.005237599974,-84.517024030014
96992,LA QUINTA INN & SUITES,100 CANEBRAKE DRIVE,40509,605,2015-02-25,2025-11-14,118,37.965894797431,-84.385664589932
96995,STAGGER INN,269 W MAIN ST,40507,605,2015-03-09,2022-03-03,56,38.047977061828,-84.498697620743
97014,BAR LOUIE,"3565 NICHOLASVILLE RD, SUITE 932",40503,605,2015-03-31,2020-02-19,68,37.986756583352,-84.526011255202
97015,TOWNE PLACE SUITES BY MARRIOTT LEXINGTON,,40509,MARRIOTT LEXINGTON,2025-11-13,2025-11-13,1,,
97016,TOWNE PLACE SUITES BY MARRIOTT LEXINGTON,1790 VENDOR WAY,40509,MARRIOTT LEXINGTON,2015-04-10,2025-11-13,117,38.019351664639,-84.424836441215
97035,NOAH'S ARK ACADEMY,2350 WOODHILL DR. SUITE 46,40508,605,2015-03-20,2016-03-28,4,38.017345140045,-84.454949084827
97036,ATHENIAN GRILL - KROGER AT EUCLID,704 E EUCLID,40502,605,2015-03-11,2019-01-25,99,38.031433015383,-84.492693181187
97047,EASTLAND PARK CHURCH OF THE NAZARENE,1605 JENNIFER RD,40505,OF THE NAZARENE,2015-03-27,2025-07-11,53,38.047023904032,-84.449325993374
97052,CLARK'S PUMP N SHOP MAIN ST,529 W MAIN ST.,40507,MAIN ST,2015-04-09,2025-07-23,104,38.050367823802,-84.501390429096
97079,EL AS DEL TACO #2,STATE MOBILE,40504,605,2015-03-24,2023-04-28,5,,
97091,LA MICHOACANA DE LEXINGTON,1801 ALEXANDRIA DR STE 164,40504,605,2015-05-08,2019-08-08,44,38.036272089506,-84.551366449014
97098,VINAIGRETTE SALAD KITCHEN,113 N BROADWAY,40507,605,2015-03-30,2023-10-24,89,38.049177581611,-84.499621871566
97139,SWEET LILY'S,STATE MOBILE,40504,605,2015-04-02,2017-04-15,8,,
97173,GIRLSGIRLSGIRLS BURRITOS,395 S LIMESTONE,40508,11,2015-04-10,2025-08-22,66,38.041663687149,-84.503760566972
97280,OAK ACRES,1300 MIDWAY LANE,40069,610,2015-06-06,2021-06-20,4,37.791351758371,-85.235905910104
97297,TACO TIME,STATE MOBILE,40517,605,2016-08-04,2016-08-04,1,,
97310,RICK'S COMMISSARY STATE MOBILE,355 GAWAINE DR,40517,605,2015-04-23,2018-05-12,23,37.981004033022,-84.510141970471
97328,DOUBLE F CLUB LAMBS,1590 BOONESBORO RD,40391,610,2015-06-06,2015-06-06,1,37.975808486052,-84.19796448011
97330,CRYSTAL LIQUOR AND SPIRITS,1388 ALEXANDRIA DR STE 11,40504,610,2015-05-06,2015-05-06,1,38.049258072265,-84.552217236359
97350,A MARK ABOVE (STATE MOBILE),216 CODELL DR,40509,605,2015-04-28,2016-05-18,5,38.013662457553,-84.455079356309
97351,ROSA ANTOJITOS,STATE MOBILE,40517,605,2015-04-28,2017-04-21,2,,
97370,JIMMY JOHN'S,130 W TIVERTON ST #115,40503,605,2015-05-06,2020-01-06,59,37.980929410968,-84.53096306968
97385,EL PATRON (STATE RETAIL MOBILE),1858 OXFORD CIRCLE,40504,610,2015-05-01,2015-05-01,1,38.04959886603,-84.540073847335
97441,HOLIDAY INN EXPRESS & SUITES,2255 BUENA VISTA RD,40505,& SUITES,2015-05-21,2025-12-03,134,38.042688261458,-84.426984492765
97442,HOLIDAY INN EXPRESS & SUITES,,40505,& SUITES,2025-12-16,2025-12-16,1,,
97444,PETRA GROCERY & HALAL MEAT,820 LANE ALLEN RD STE 176,40504,610,2015-05-11,2015-11-12,14,38.029458493354,-84.540069775644
97465,THE STABLES,,40511,,2025-09-11,2025-09-11,1,,
97467,"GASTRO GNOMES, THE",STATE MOBILE,40508,605,2015-05-08,2017-06-27,12,,
97468,TAQUERIA LOS ABUELOS,STATE MOBILE,40511,605,2018-10-18,2018-10-18,3,,
97492,GRAND RESERVE,903 MANCHESTER ST #190,40508,605,2015-05-13,2023-12-21,67,38.052790753117,-84.509393040884
97511,CRANK & BOOM CRAFT ICE CREAM,1210 MANCHESTER ST.,40504,CREAM,2015-06-08,2025-09-02,72,38.056569930596,-84.519310696594
97512,THE COURTYARD DELI,351 CHURCH ST,40507,605,2015-05-29,2025-11-03,78,38.049840282991,-84.498147645876
97544,PANADERIA AGUASCALIENTES (BAKERY),1400 ALEXANDRIA DR,40504,(BAKERY),2015-05-28,2025-09-30,150,38.048577934387,-84.552154801639
97560,WANDERFUL VENDING,2312 ALEXANDRIA DR,40504,610,2015-05-28,2016-06-28,2,38.019821417805,-84.550993674833
97601,MONTEA,814 EUCLID AVE,40502,610,2015-06-06,2015-06-06,1,38.030071290954,-84.491165903827
97619,"DREAM CHASER TATTOO'S, LLC",,40517,LLC,2025-07-28,2025-07-28,1,,
97621,EL MANGO NIEVERIA & SNACKS,1414 VILLAGE DR,40504,SNACKS,2015-08-03,2025-10-09,85,38.048596255583,-84.549080518581
97675,"FARMER JOE'S, LLC",4104 LOUISVILLE RD,40372,607,2015-07-26,2016-07-24,4,37.890446333834,-84.85567080946
97693,MIDDLE FORK KITCHEN BAR,1224 MANCHESTER ST SUITE 110,40504,605,2015-06-16,2020-07-09,59,38.056829809811,-84.519962952302
97764,A LITTLE RED WAGON STATE MOBILE,1245 COLONIAL,40504,605,2015-06-16,2015-07-29,2,38.042776850812,-84.560804660438
97765,PEDDLER'S MALL BOOTH 158 - ALICE DIXON,1205 E. NEW CIRCLE RD,40505,610,2017-12-07,2017-12-07,1,38.03209214988,-84.452827905418
97766,PASTA GARAGE ITALIAN CAFE,962 DELAWARE AVE,40505,CAFE,2015-06-22,2025-08-13,104,38.03965770687,-84.47215289431
97769,SAVOR THE FLAVOR ICE,1465 VILLAGE DR,40504,603,2015-06-25,2015-06-25,1,38.047516341692,-84.549100229936
97771,YMCA WHITAKER FAMILY- INDOOR SPA,,40509,INDOOR SPA,2025-12-10,2025-12-10,1,,
97796,BUDDHA LOUNGE,109 N MILL ST. #150,40507,11,2015-06-26,2025-12-09,80,38.048245919861,-84.498843188155
97815,HAMPTON INN - OUTDOOR,,40503,,2025-08-25,2025-08-25,1,,
97882,MISTER SOFTEE STATE MOBILE,1063 REDWOOD DRIVE,40511,605,2015-07-09,2023-08-26,60,38.082725775554,-84.502003338407
97925,PANERA BREAD #7015,"120 E MAIN STREET, SUITE 105",40507,605,2015-07-28,2020-03-16,41,38.046039834948,-84.496764508504
97929,BIG BLUE WEINER MOBILE PUSHCART,STATEWIDE MOBILE,40503,603,2016-04-11,2021-09-03,8,,
97967,"DOLCE, LLC",STATE WIDE MOBILE,40511,605,2015-07-16,2016-06-24,2,,
98026,ROLLING STATE BBQ  RED PHOENIX LLC MOBILE,500 LAKETOWER DR UNIT 85,40511,605,2015-07-23,2019-04-11,33,38.009266892667,-84.470058731214
98035,LA PETITE DELICAT,445 S ASHLAND AVE,40502,605,2015-12-11,2016-11-29,5,38.029585304688,-84.492384918654
98047,ROLLING OVEN,405 S. LIMESTONE,40508,605,2015-08-04,2023-03-28,22,38.041514727246,-84.50396752978
98067,FAILTE IRISH IMPORTS,113 S UPPER ST,40507,605,2015-08-05,2025-08-22,91,38.047105194233,-84.498108227666
98068,BROOMWAGON,800/802 N LIMESTONE,40505,605,2015-08-13,2023-07-06,83,38.057357893914,-84.481331821373
98082,"CHRYSALIS HOUSE, INC",1374 BULL LEA LANE,40511,605,2015-08-11,2025-08-15,37,38.084771170738,-84.497728636147
98141,FRANKIE'S BAR AND GRILL,1101 WINBAK WAY,40504,605,2015-09-04,2025-10-24,66,,
98142,EL CID,701 NATIONAL AVE.,40502,605,2015-08-20,2022-12-12,55,38.041125258654,-84.480023072579
98184,DARSHAN NAMASTE,2519 REGENCY RD SUITE 101-102,40503,610,2015-08-24,2019-01-07,6,38.00227593794,-84.524531205053
98209,ART INSPIRATIONS,312 S ASHLAND AVE,40502,605,2015-08-27,2015-08-27,1,38.031024240204,-84.49021973783
98247,NEPMART GROCERY,2350 WOODHILL DR STE  172,40509,607,2015-09-03,2025-11-05,104,38.017345140045,-84.454949084827
98272,WILD FIG BOOKS & COFFEE,726 N LIMESTONE,40508,605,2015-09-14,2020-02-25,47,38.055876090024,-84.483459762471
98331,ZAXBY'S,435 REDDING RD,40517,605,2015-10-09,2022-01-25,71,37.983430950135,-84.496149338964
98341,TACO BELL,400 HILLTOP,40506,605,2015-08-20,2019-11-13,31,,
98342,FRESH FOOD COMPANY - THE 90,400 HILLTOP AVE,40508,THE 90,2015-08-20,2025-08-15,59,,
98343,WILDCAT PANTRY,400 HILLTOP AVE,40506,610,2015-08-20,2025-10-20,21,,
98344,AQUA SUSHI,400 HILLTOP AVE,40506,605,2015-08-20,2019-11-13,30,,
98354,CORTO LIMA,101 W SHORT ST.,40507,11,2015-09-21,2025-12-05,61,38.047006581565,-84.496277996754
98391,KY STRONG BBQ,STATE MOBILE,40505,605,2015-09-24,2023-04-10,39,,
98392,WHOOO WANTS WAFFLES STATE MOBILE,1664 LIBERTY ROAD,40505,605,2015-09-24,2017-09-23,20,38.03693976056,-84.463349431871
98410,PALOMAR VIEW APTS (OUTDOOR),,40514,,2025-08-28,2025-08-28,1,,
98419,"Z MARKET I, INC",1150 VERSAILLES RD,40508,610,2015-10-01,2015-10-01,1,38.050013921372,-84.517664633703
98422,STONE BURR LAMB,1482 CIN CINNATI RD,40324,610,2015-07-18,2015-07-18,1,38.249507564534,-84.566907930306
98452,STARBUCK'S - TEAVANA #28807,"3401 NICHOLASVILLE RD, I-912",40503,605,2015-10-08,2017-12-15,19,37.98845683202,-84.525168704428
98457,"LOCOMOTO, LLC",STATEWIDE MOBILE UNIT,40505,605,2015-10-06,2016-05-20,3,,
98494,"TRACERY, THE (OUTDOOR)",,40513,,2025-08-28,2025-08-28,1,,
98555,PIE FIVE,3615 NICHOLASVILLE RD STE F-616,40503,605,2015-10-09,2024-01-26,79,37.986027013166,-84.526349857338
98556,RESTORATION JUICERY,145 BURT RD #8,40503,607,2015-10-15,2017-06-29,11,38.007682967897,-84.519792111911
98557,SORELLA GELATERIA,219 N LIMESTONE,40507,605,2015-11-30,2021-05-12,53,38.048574697486,-84.493985478723
98558,HEALTHY WAY LEX,460 SOUTHLAND DR,40503,605,2015-10-20,2023-09-29,70,38.019537105521,-84.527917789602
98572,NEW LEX EATS,STATE MOBILE,40508,605,2015-10-23,2015-10-23,1,,
98576,ANTOJITOS SHALOM (STATE MOBILE),115 W. LOUDON AVE.  #L94,40508,605,2015-10-26,2023-01-05,39,38.058322292595,-84.482629021631
98609,PROVIDENCE MONTESSORI SCHOOL,1209 TEXACO ROAD,,,2016-09-12,2018-10-04,35,38.059672041197,-84.520349802703
98645,PIG AND PEPPER BAKING,105 EASTERN AVE,40508,605,2015-10-12,2016-10-07,3,38.042268620131,-84.490554695143
98676,HONNAH-LEE BUBBLE TEA,1983 HARRODSBURG,40503,605,2015-11-11,2020-08-12,40,,
98723,SWEET LILY'S ICE CREAM,3401 NICHOLASVILLE RD STE 824,40503,605,2015-11-20,2017-06-02,9,37.98845683202,-84.525168704428
98735,TAQUERIA LOS NIETOS,STATE MOBILE,40517,52,2015-11-13,2024-05-11,8,,
98745,CHICK FIL-A,400 HILLTOP,40506,605,2015-11-11,2025-11-12,58,,
98746,KROGER FIELD THE LOGE,1540 UNIVERSITY AVE,40506,605,2015-11-04,2025-10-18,62,38.020735764383,-84.509953367431
98748,BLUEGRASS CATERING,"903 MANCHESTER ST., SUITE110",40508,605,2015-12-04,2023-12-21,116,38.052790753117,-84.509393040884
98750,PAPA MURPHY'S,"3165 BEAUMONT CENTER CIRLE, SUITE 160",40503,605,2015-11-23,2020-04-30,57,38.020649228876,-84.557574701335
98818,MAD MIKE'S,STATE MOBILE,40504,605,2015-11-24,2018-04-27,26,,
98852,LEXINGTON GRIFFIN GATE MARRIOTT RESORT & SPA,1800 NEWTOWN PIKE,40511,605,2015-12-04,2023-09-13,134,38.093151772206,-84.487008625878
98856,LAS DIVAS (STATE MOBILE),STATE MOBILE,40504,605,2015-12-03,2021-03-16,34,,
98859,PANERA BREAD #1018,2230 NICHOLASVILLE RD,40503,11,2015-12-04,2025-12-15,78,38.007795843384,-84.51771397098
98871,SPARK BY HILTON LEXINGTON HAMBURG,2381 BUENA VISTA RD,40505,HAMBURG,2015-12-03,2025-11-21,87,38.042463798251,-84.420829518565
98886,POPEYE'S LOUISIANA KITCHEN,115 E NEW CIRCLE RD,40505,605,2015-12-17,2022-06-21,73,38.064899067255,-84.469522100513
98932,LOCKBOX INSIDE 21C,167 W MAIN STREET,40507,605,2016-01-25,2023-10-18,78,38.046943443616,-84.497571513936
98933,BEAUMONT SHELL #17,961 MIDNIGHT PASS,40513,54,2015-12-21,2025-07-14,137,38.016160505205,-84.557312208016
98943,"21C LEXINGTON MASTER TENANT, LLC",,40507,"TENANT, LLC",2025-12-04,2025-12-04,1,,
98977,JERSEY MIKE'S SUBS BROADWAY,"867 S BROADWAY, SUITE 120",40504,11,2016-01-27,2025-12-08,63,38.039814789729,-84.513786405666
99060,JACKED-NUTRITION,10 QUALITY ST,40507,610,2016-01-14,2023-03-07,14,38.043739824291,-84.49420323111
99068,TAQUERIA LA BARCA,STATE MOBILE,40517,605,2016-01-12,2016-01-12,1,,
99107,D'S CAFE,1818 BRYAN STATION RD,40505,605,2016-01-21,2022-12-09,75,38.063716585992,-84.453325152065
99112,J.T.BARRICKS,930 WINCHESTER RD,40505,610,2016-01-21,2016-01-21,1,38.04173330202,-84.469575080011
99139,JASMINE RICE STATE MOBILE,911 WINCHESTER RD,40508,605,2016-03-15,2023-08-19,72,38.041717688653,-84.471145417154
99145,ANTOJITOS ROSALES (STATE MOBILE),STATE MOBILE,40505,605,2016-02-04,2022-10-05,15,,
99159,RUNOOSH CAFE & PANTRY,547 SOUTH LIMESTONE,40508,607,2016-02-12,2019-04-29,64,38.039103938796,-84.506805655747
99180,HOWLIN' WOLF FARM,FARMER'S MARKET RETAIL,40510,610,2016-05-21,2016-05-21,1,,
99203,NIKKO ENTERPRISE,1030 SOUTH BROADWAY STE B,40504,605,2016-09-22,2017-12-13,20,38.03808243971,-84.516279575827
99216,TANDOOR EXPRESS LLC,630 EUCLID AVE STE 150,40502,605,2016-02-24,2021-04-19,54,38.031814840214,-84.49312275065
99217,ROCK HOUSE BREWING,119 LUIGART CT,40508,605,2016-12-14,2023-08-31,56,38.056540264795,-84.48235553865
99218,DUCK'S PUSH CART,3765 RED RIVER RD,40517,605,2017-01-18,2017-05-05,6,37.968372956694,-84.482221817977
99219,PIE FIVE,867 SOUTH BROADWAY STE 130,40503,605,2016-02-12,2021-10-18,54,38.039814789729,-84.513786405666
99230,Z MARKET #1,1150 VERSAILLES RD,40508,54,2016-02-24,2025-08-12,118,38.050013921372,-84.517664633703
99244,CABELA'S,1510 CONSERVATION WAY,40509,607,2016-03-08,2021-02-24,69,,
99259,BED BATH & BEYOND #167,"3220 NICHOLASVILLE RD., SUTE 175",40503,610,2016-02-16,2020-11-11,8,37.992592127852,-84.522818025143
99261,"LIGHTHOUSE MINISTRIES, THE",190 SPRUCE ST,40508,THE,2016-02-11,2025-07-25,82,38.045968244334,-84.49087705984
99276,STIR KRAZY,"373 VIRGINIA AVE., #130",40504,605,2017-01-27,2022-04-19,62,38.037513211209,-84.514029288291
99277,BUY BUY BABY #3042,2321 SIR BARTON WAY SUITE 110,40509,610,2016-02-25,2022-10-20,8,38.02530875979,-84.423046767955
99312,TEPPAN,120 GARRETT AVE,40504,52,2016-02-25,2024-05-25,23,38.050593794263,-84.534414788089
99337,BOONE CREEK CREAMERY - STORE,2416 PALUMBO DR #110,40509,- STORE,2016-03-17,2025-11-24,12,38.019983483558,-84.448514810884
99339,KING TUT INTERNATIONAL GROCERY & MARKET,"198 MOORE DRIVE, STE. 101",40503,610,2018-06-06,2020-12-16,7,38.0003963186,-84.523721863509
99386,"LEMON TREE, THE",135 GRAHAM AVENUE,40506,605,2016-03-07,2025-12-05,44,38.035336281992,-84.5054938945
99403,QUEEN'S KITCHEN,1392 TRENT BLVD #2,40515,605,2016-03-18,2017-11-08,14,37.969935554615,-84.479970609081
99420,AQUA - TOTS (INDOOR),,40503,,2025-12-16,2025-12-16,1,,
99421,KY LAMB,514 CARDWELL-TABLOW RD,40078,610,2016-05-21,2016-05-21,1,,
99440,MAMA JEHOVA JIREH AFRICAN FOOD MARKET,1395 N FORBES RD,40511,FOOD MARKET,2016-05-05,2025-07-28,19,38.064269479127,-84.519808037031
99444,HAMPTON INN,,40503,,2025-10-15,2025-10-15,1,,
99446,HAMPTON INN LEXINGTON MEDICAL CENTER,1953 NICHOLASVILLE ROAD,40503,MEDICAL CENTER,2016-03-30,2025-09-22,97,38.012299678714,-84.516406310511
99454,COMMUNITY MONTESSORI SCHOOL,,40503,SCHOOL,2025-10-15,2025-10-15,1,,
99455,"COMMUNITY MONTESSORI SCHOOL, INC.",725 STONE ROAD,40503,"SCHOOL, INC.",2016-03-18,2025-10-15,53,38.001302666132,-84.535287672084
99477,CHIGGER HILL BBQ SAUCE,1631 ELM FORK RD,40356,610,2016-07-23,2019-06-01,3,37.818416232429,-84.537453972762
99498,CALDO,230 WEST MAIN ST (7TH FLOOR),40507,607,2017-01-13,2017-01-13,6,38.047505320114,-84.49837047675
99549,GIRLS GIRLS GIRLS BURRITOS,500 EUCLID AVE,40502,605,2016-05-27,2018-03-24,28,38.034272928699,-84.495896436278
99600,COLD STONE CREAMERY,3801 MALL RD SUITE 110,40515,607,2016-06-17,2025-08-15,112,37.985253300986,-84.530712605953
99601,TAZIKIS MEDITERRANEAN CAFE,117 SOUTHLAND DR,40503,CAFE,2016-04-11,2025-11-10,82,38.011755799192,-84.517916255763
99666,KENTUCKY BLENDED NUTRITION,128 BURT RD,40503,605,2016-05-10,2023-01-17,75,38.007428224475,-84.519547405285
99677,BROADWAY CANTINA,207 LEGENDS LANE,40505,603,2016-04-21,2022-09-30,9,38.064057019028,-84.478400964329
99778,THE CRAFTY FOX,109 W MAIN ST,40507,605,2016-05-02,2023-11-08,63,38.046507510444,-84.497088677348
99799,RICK & SON HOT DOGS (ST PUSHCART),171 WOODLAND AVE,40502,605,2016-05-04,2018-05-10,11,38.037691365769,-84.491639479718
99800,RICK & SON HOT DOG CART (COMMISSARY),474 SILVER MAPLE WAY,40508,605,2016-05-10,2019-05-17,39,38.049645262987,-84.486331049388
99818,PLATINUM DOLLS/LEXINGTON GOLF & TRAVEL(ST MOBILE),1101 E NEW CIRCLE RD,40505,605,2016-05-24,2017-01-12,10,38.034714143855,-84.453636256977
99832,RAISING CANE'S CHICKEN FINGERS - C644,2030 HARRODSBURG RD,40503,FINGERS - C644,2016-05-09,2025-11-26,66,38.025929346901,-84.535888855291
99880,PANCHITOS ICE CREAM #2,481 W NEW CIRCLE RD STE 155,40505,#2,2016-05-13,2025-08-06,103,38.071111764426,-84.477029410128
99904,TUK TUK SRI LANKAN BITES COMMISSARY,C/O WILD THYME,40502,605,2016-06-02,2019-01-29,32,,
99906,JOJO GYROS,"3401 NICHOLASVILLE RD, STE 303",40503,11,2016-05-31,2025-07-11,49,37.98845683202,-84.525168704428
99948,MAGNOLIA SPRINGS LEXINGTON,2701 MAGNOLIA SPRINGS DRIVE,40511,605,2016-07-06,2025-12-05,65,38.092753106594,-84.533162421816
99949,TAQUERIA JAIR STATE MOBILE,231 FAIRDALE DR,40511,605,2016-05-19,2017-06-10,16,38.068444463612,-84.511629103337
99956,UK HEALTHCARE FACILITY KITCHEN,1000 S LIMESTONE,40536,KITCHEN,2016-12-05,2025-11-21,60,,
99957,UK HEALTHCARE FACILITY CAFETERIA,1000 S LIMESTONE,40508,CAFETERIA,2016-12-05,2025-11-07,67,,
