Permit #,query,status,matched_address,lat,lon
100580,1150 PASSAGE MOUND WAY,Match,"1150 PASSAGE MOUND WAY, LEXINGTON, KY, 40509",38.00556984231,-84.399921407593
100240,909 SUMMERVILLE DR,Match,"909 SUMMERVILLE DR, LEXINGTON, KY, 40504",38.043007292041,-84.534226893162
100340,370 CODELL DR,Match,"370 CODELL DR, LEXINGTON, KY, 40509",38.0189481592,-84.452701684077
100341,375 THOMPSON RD,Match,"375 THOMPSON RD, LEXINGTON, KY, 40508",38.057315809651,-84.518218409066
100484,125 E REYNOLDS RD 110,Match,"125 E REYNOLDS RD, LEXINGTON, KY, 40517",37.990864245124,-84.522545059326
100682,304 SOUTHLAND DR,Match,"304 SOUTHLAND DR, LEXINGTON, KY, 40503",38.015864957369,-84.523921817647
100537,1474 ANNISTON DR A1,Match,"1474 ANNISTON DR, LEXINGTON, KY, 40505",38.056834584225,-84.438261020188
100516,"1474 ANNISTON DRIVE, A1",Match,"1474 ANNISTON DR, LEXINGTON, KY, 40505",38.056834584225,-84.438261020188
100419,242 LOCUST FARM RD,Match,"242 LOCUST FARM RD, LEXINGTON, KY, 40511",38.10584257956,-84.572087988741
100255,468 SQUIRES RD,Match,"468 SQUIRES RD, LEXINGTON, KY, 40515",37.991089798024,-84.448388596801
100695,725 NATIONAL AVE,Match,"725 NATIONAL AVE, LEXINGTON, KY, 40502",38.040817522872,-84.479472454545
100038,1364 DEVONPORT DR,Match,"1364 DEVONPORT DR, LEXINGTON, KY, 40504",38.048815300407,-84.553519082187
100138,685 WILSON DOWNING RD,Match,"685 WILSON DOWNING RD, LEXINGTON, KY, 40517",37.974126993241,-84.498959032907
100139,3805 BROOKDALE CIRCLE,Match,"3805 BROOKDALE CIR, LEXINGTON, KY, 40514",37.97341943213,-84.550663627982
100514,214 RUGBY RD,Match,"214 RUGBY RD, LEXINGTON, KY, 40504",38.053898113995,-84.539979459114
100756,1555 E. NEW CIRCLE RD,Match,"1555 E NEW CIRCLE RD, LEXINGTON, KY, 40509",38.018893877591,-84.455940323671
100471,111 AVE. OF CHAMPIONS,Match,"111 AVE OF CHAMPIONS, LEXINGTON, KY, 40506",38.041392904373,-84.503605956658
100472,680 ROSE ST,Match,"680 ROSE ST, LEXINGTON, KY, 40506",38.03388677853,-84.505294476054
100702,1806 MARLBORO DRIVE,Match,"1806 MARLBORO DR, LEXINGTON, KY, 40505",38.079642216245,-84.464771332662
100746,350 N LIMESTONE,Match,"350 N LIMESTONE ST, LEXINGTON, KY, 40508",38.050250705514,-84.491442797355
100626,130 W TIVERTON WAY,Match,"130 W TIVERTON WAY, LEXINGTON, KY, 40503",37.980929410968,-84.53096306968
100703,804 N LIMESTONE,Match,"804 N LIMESTONE ST, LEXINGTON, KY, 40505",38.057434887895,-84.48122443503
100769,316 LUCILLE DR,Match,"316 LUCILLE DR, LEXINGTON, KY, 40511",38.090534318642,-84.545040469752
100627,3735 PALOMAR CENTRE DR,Match,"3735 PALOMAR CENTRE DR, LEXINGTON, KY, 40513",38.003459531439,-84.571166851002
100342,200 LEXINGTON GREEN CIRCLE,Match,"200 LEXINGTON GREEN CIR, LEXINGTON, KY, 40503",37.994140842372,-84.526595879393
100485,125 E REYNOLDS RD,Match,"125 E REYNOLDS RD, LEXINGTON, KY, 40517",37.990864245124,-84.522545059326
100683,50 IMPERIAL AVE,Match,"50 IMPERIAL AVE, LEXINGTON, KY, 40511",38.072081422081,-84.499307812938
100046,397 WALLER AVE.,Match,"397 WALLER AVE, LEXINGTON, KY, 40504",38.031380425915,-84.520780086525
100047,3297 NICHOLASVILLE RD,Match,"3297 NICHOLASVILLE RD, LEXINGTON, KY, 40503",37.991146884471,-84.523868497759
100245,300 E. REYNOLDS RD,Match,"300 W REYNOLDS RD, LEXINGTON, KY, 40503",37.993325914712,-84.530403067023
100048,867 S BROADWAY,Match,"867 S BROADWAY RD, LEXINGTON, KY, 40504",38.039814789729,-84.513786405666
100466,550 S. LIMESTONE,Match,"550 S LIMESTONE ST, LEXINGTON, KY, 40508",38.039043200504,-84.506682258961
100587,2441 HUNTLY,Match,"2441 HUNTLY PL, LEXINGTON, KY, 40511",38.102005173868,-84.512435416398
100467,111 AVE OF CHAMPIONS,Match,"111 AVE OF CHAMPIONS, LEXINGTON, KY, 40506",38.041392904373,-84.503605956658
100325,1400 DELAWARE AVE,Match,"1400 DELAWARE AVE, LEXINGTON, KY, 40505",38.037484912314,-84.469023955201
100468,1540 UNIVERSITY DR,Match,"1540 UNIVERSITY CT, LEXINGTON, KY, 40503",38.020735764383,-84.509953367431
100326,104 W SIXTH ST,Match,"104 W 6TH ST, LEXINGTON, KY, 40508",38.054017145418,-84.486618642931
100469,335 S. MLKING BLVD,Match,"335 S MARTIN LUTHER KING BLVD, LEXINGTON, KY, 40506",38.040769949048,-84.501683712696
116927,561 SOUTH BROADWAY,Match,"561 S BROADWAY RD, LEXINGTON, KY, 40508",38.044863486384,-84.505781831025
109398,2201 SWEETLEAF CT,Match,"2201 SWEETLEAF CT, LEXINGTON, KY, 40513",38.008669011324,-84.578165473933
109399,2321 SIR BARTON WAY,Match,"2321 SIR BARTON WAY, LEXINGTON, KY, 40509",38.02530875979,-84.423046767955
109395,1322 STEPHEN FOSTER,Match,"1322 STEPHEN FOSTER DR, LEXINGTON, KY, 40517",37.9761095578,-84.481851198731
109396,1414 N. FORBES RD,Match,"1414 N FORBES RD, LEXINGTON, KY, 40511",38.066186842978,-84.519745576357
109397,808 SHELBY AVE,Match,"808 SHELBY AVE, LEXINGTON, KY, 40505",38.044044211767,-84.468840190669
115833,408 CHESTNUT ST,Match,"408 CHESTNUT ST, LEXINGTON, KY, 40508",38.046565254447,-84.485303472778
109392,3111 SPURR,Match,"3111 SPURR RD, LEXINGTON, KY, 40511",38.110386187212,-84.539764211305
102518,3256 LANSDOWNE DRIVE,Match,"3256 LANSDOWNE DR, LEXINGTON, KY, 40502",37.998737175117,-84.498218862208
102519,1496 LEESTOWN RD.,Match,"1496 LEESTOWN RD, LEXINGTON, KY, 40511",38.065587096853,-84.523454692632
101421,171 LEESTOWN CENTER WAY,Match,"171 LEESTOWN CENTER WAY, LEXINGTON, KY, 40511",38.068468174242,-84.534927109618
110153,720 FAULKHER,Match,"720 FAULKNER AVE, LEXINGTON, KY, 40505",38.092725639091,-84.45183567054
113661,2296 EXECUTIVE DR,Match,"2296 EXECUTIVE DR, LEXINGTON, KY, 40505",38.042213169847,-84.428479856539
103601,1419 VERSAILLES RD,Match,"1419 VERSAILLES RD, LEXINGTON, KY, 40504",38.049468115848,-84.527226966676
110151,1500 FITZGERALD,Match,"1500 FITZGERALD CT, LEXINGTON, KY, 40509",38.024634970528,-84.411572516455
103603,220 RUCCIO WAY,Match,"220 RUCCIO WAY, LEXINGTON, KY, 40503",37.996720047388,-84.530215839531
103844,3100 PIMLICO PKWY,Match,"3100 PIMLICO PKWY, LEXINGTON, KY, 40517",37.985709006158,-84.459738014223
103847,401 REED LANE,Match,"401 REED LN, LEXINGTON, KY, 40503",38.025062324858,-84.525333842496
116919,111 AVENUE OF CHAMPIONS,Match,"111 AVE OF CHAMPIONS, LEXINGTON, KY, 40506",38.041392904373,-84.503605956658
113887,1553 CHADWICH DR.,Match,"1553 CHADWICK DR, LEXINGTON, KY, 40515",37.973022582374,-84.466770542791
116913,101 LOUDON AVE,Match,"101 W LOUDON AVE, LEXINGTON, KY, 40508",38.057365606284,-84.481536626574
113409,1060 CHINOE RD.,Match,"1060 CHINOE RD, LEXINGTON, KY, 40502",37.997769521367,-84.48071491237
114981,206 W. MAIN STREET,Match,"206 W MAIN ST, LEXINGTON, KY, 40507",38.047233868361,-84.498075757768
112304,904 LIBERTY RD,Match,"904 LIBERTY RD, LEXINGTON, KY, 40505",38.041637841306,-84.469880874465
111211,3116 RICHMOND ROAD,Match,"3116 RICHMOND RD, LEXINGTON, KY, 40509",38.002668070181,-84.447693106162
107190,1170 MANCHESTER ST.,Match,"1170 MANCHESTER ST, LEXINGTON, KY, 40508",38.055061393962,-84.515217882983
114965,1388 ALEXANDRA DR 5-6,Match,"1388 ALEXANDRIA DR, LEXINGTON, KY, 40504",38.049258072265,-84.552217236359
116902,2050 VERSAILLES RD.,Match,"2050 VERSAILLES RD, LEXINGTON, KY, 40504",38.04755635786,-84.54215829836
114968,3090 HELMSDALE PLACE PL.,Match,"3090 HELMSDALE PL, LEXINGTON, KY, 40509",38.012333175486,-84.420828362787
116903,1740 NICHOLASVILLE RD.,Match,"1740 NICHOLASVILLE RD, LEXINGTON, KY, 40503",38.019099370202,-84.51375591061
101406,3146 MAPLE LEAF DR,Match,"3146 MAPLELEAF DR, LEXINGTON, KY, 40509",38.006172563863,-84.424977068991
103827,170 N EAGLE CREEK,Match,"170 N EAGLE CREEK DR, LEXINGTON, KY, 40509",38.000526246126,-84.439945909419
118092,2887 RICHMOND ROAD,Match,"2887 RICHMOND SRD, LEXINGTON, KY, 40509",38.006481108037,-84.450022662205
101889,2100 FONTAINE RD,Match,"2100 FONTAINE RD, LEXINGTON, KY, 40502",38.017317123837,-84.469170471137
119185,400 WEST MAIN STREET,Match,"400 W MAIN ST, LEXINGTON, KY, 40507",38.048937846458,-84.49996868416
111445,101 W. LOUDON AVE,Match,"101 W LOUDON AVE, LEXINGTON, KY, 40508",38.057365606284,-84.481536626574
110111,814 EUCLID AVE,Match,"814 EUCLID AVE, LEXINGTON, KY, 40502",38.030071290954,-84.491165903827
112772,271 W. SHORT ST,Match,"271 W SHORT ST, LEXINGTON, KY, 40507",38.048392519547,-84.497842777761
113861,2905 TUSCALOOSA LN,Match,"2905 TUSCALOOSA LN, LEXINGTON, KY, 40515",37.992195006184,-84.450221903981
114710,1335 S. BRODWAY,Match,"1335 S BROADWAY RD, LEXINGTON, KY, 40504",38.034069861056,-84.523163271229
114953,402 FAIRDALE DR.,Match,"402 FAIRDALE DR, LEXINGTON, KY, 40511",38.070570023577,-84.514872773055
111279,1889 LOST TRAIL LANE,Match,"1889 LOST TRAIL LN, LEXINGTON, KY, 40511",38.086540081685,-84.50560383718
110187,471 JEFFERSON ST,Match,"471 JEFFERSON ST, LEXINGTON, KY, 40508",38.057536528844,-84.49520613567
103893,3449 BUCKHORN DR,Match,"3449 BUCKHORN DR, LEXINGTON, KY, 40515",37.976215395979,-84.458462435351
116964,1765 ALEXANDRIA DR.,Match,"1765 ALEXANDRIA DR, LEXINGTON, KY, 40504",38.038982299652,-84.552606961387
117810,1768 ALEXANDRIA DR,Match,"1768 ALEXANDRIA DR, LEXINGTON, KY, 40504",38.038769088528,-84.552245918021
116723,1290 INDUSTRY RD.,Match,"1290 INDUSTRY RD, LEXINGTON, KY, 40505",38.049506363301,-84.455353976974
114789,209 RUCCIO WAY,Match,"209 RUCCIO WAY, LEXINGTON, KY, 40503",37.994924778635,-84.52930575143
115639,891 GEORGETOWN ST.,Match,"891 GEORGETOWN RD, LEXINGTON, KY, 40508",38.070303563149,-84.504571863158
116727,1600 LEESTOWN RD,Match,"1600 LEESTOWN RD, LEXINGTON, KY, 40511",38.067140773235,-84.525708417293
106919,2220 NICHOLASVILLE RD,Match,"2220 NICHOLASVILLE RD, LEXINGTON, KY, 40503",38.008008586798,-84.517638342533
114550,1765 ALEXANDRIA DR,Match,"1765 ALEXANDRIA DR, LEXINGTON, KY, 40504",38.038982299652,-84.552606961387
114551,1806 MARLBORO DR.,Match,"1806 MARLBORO DR, LEXINGTON, KY, 40505",38.079642216245,-84.464771332662
116731,1735 SHARKEY WAY,Match,"1735 SHARKEY WAY, LEXINGTON, KY, 40511",38.067871028268,-84.529096667429
114553,4750 HARTLAND PKWY,Match,"4750 HARTLAND PKWY, LEXINGTON, KY, 40515",37.960989548405,-84.480744164403
102796,126 E NEW CIRCLE RD,Match,"126 E NEW CIRCLE RD, LEXINGTON, KY, 40505",38.064474900851,-84.469472096119
104733,2456 WOODHILL DR,Match,"2456 WOODHILL DR, LEXINGTON, KY, 40509",38.015747167043,-84.449682604198
111043,2432 REGENCY ES,Match,"2432 REGENCY RD, LEXINGTON, KY, 40503",38.00381938108,-84.525061893554
102795,222 WILSON DOWNING RD,Match,"222 WILSON DOWNING RD, LEXINGTON, KY, 40517",37.983426185193,-84.518570180735
104731,331 E SHORT ST,Match,"331 E SHORT ST, LEXINGTON, KY, 40507",38.043115376397,-84.491470285466
103405,4561 IRON WORKS PIKE,Match,"4561 IRON WORKS RD, LEXINGTON, KY, 40511",38.149657326667,-84.535469719256
106915,140 MOORE DR,Match,"140 MOORE DR, LEXINGTON, KY, 40503",38.000072581909,-84.522308466346
104735,160 AVENUE OF CHAMPIONS,Match,"160 AVE OF CHAMPIONS, LEXINGTON, KY, 40526",38.040688491462,-84.503039463729
117808,858 W MAIN ST,Match,"858 W MAIN ST, LEXINGTON, KY, 40508",38.056900415574,-84.510106789769
117809,746 ALLENDALE DR,Match,"746 ALLENDALE DR, LEXINGTON, KY, 40503",38.028232433324,-84.53558227526
103661,400 E. THIRD ST,Match,"400 E 3RD ST, LEXINGTON, KY, 40508",38.044808283318,-84.486964267581
104993,4383 OLD HARRODSBURG RD,Match,"4383 OLD HARRODSBURG RD, LEXINGTON, KY, 40513",37.99630301311,-84.584659383022
103663,341 SOUTHLAND DR,Match,"341 SOUTHLAND DR, LEXINGTON, KY, 40503",38.016647628586,-84.524659938037
103662,908 HICKORY HILL,Match,"908 HICKORY HILL DR, NICHOLASVILLE, KY, 40356",37.876311955778,-84.59286335501
112112,161 LEXINGTON GREEN CIR,Match,"161 LEXINGTON GREEN CIR, LEXINGTON, KY, 40503",37.992954800994,-84.523973904593
114533,3401 NICHOLASVILLE RD.,Match,"3401 NICHOLASVILLE RD, LEXINGTON, KY, 40503",37.98845683202,-84.525168704428
115622,640 MAXWELL ST 130,Match,"640 W MAXWELL ST, LEXINGTON, KY, 40508",38.048135264031,-84.506691789509
114534,561 S. BRODWAY STE.,Match,"561 S BROADWAY RD, LEXINGTON, KY, 40508",38.044863486384,-84.505781831025
117801,1900 RICHMOND RD,Match,"1900 RICHMOND RD, LEXINGTON, KY, 40502",38.022629172393,-84.470178774156
114541,1244 VERSAILLES RD,Match,"1244 VERSAILLES RD, LEXINGTON, KY, 40508",38.049938778701,-84.519745085093
103412,2151 CHRISTIAN RD,Match,"2151 CHRISTIAN RD, LEXINGTON, KY, 40509",38.030673618635,-84.450386902221
111498,545 N. UPPER ST,Match,"545 N UPPER ST, LEXINGTON, KY, 40508",38.053898997462,-84.48840144591
113434,1181 GRAY PEAK,Match,"1181 GRAYS PEAK, COVINGTON, KY, 41011",39.073963695044,-84.523728564684
103630,134 MALABU DR,Match,"134 MALABU DR, LEXINGTON, KY, 40503",38.002447692057,-84.517377763172
111497,1445 NEWTOWN DRIVE,Match,"1445 NEWTOWN CENTER WAY, LEXINGTON, KY, 40511",38.083998823234,-84.489083718088
101694,722 NATIONAL AVE,Match,"722 NATIONAL AVE, LEXINGTON, KY, 40502",38.040749716318,-84.479602543912
116704,1730 SUMMERHILL DR,Match,"1730 SUMMERHILL DR, LEXINGTON, KY, 40515",37.968160241808,-84.460025781957
114530,1800 NEWTOWN PIKE,Match,"1800 NEWTOWN PIKE, LEXINGTON, KY, 40511",38.093151772206,-84.487008625878
101684,3146 MAPLELEAF DR,Match,"3146 MAPLELEAF DR, LEXINGTON, KY, 40509",38.006172563863,-84.424977068991
105802,2225 SUNNINGDALE DR,Match,"2225 SUNNINGDALE DR, LEXINGTON, KY, 40509",38.01644248532,-84.400315007988
102537,"342 WALLER AVE., 3-G",Match,"342 WALLER AVE, LEXINGTON, KY, 40504",38.029603309461,-84.517526780813
112335,155 N. HANOVER AVE.,Match,"155 N HANOVER AVE, LEXINGTON, KY, 40502",38.03597799586,-84.48085707503
104730,410 ROSE LANE,Match,"410 ROSE LN, LEXINGTON, KY, 40508",38.035581831609,-84.499494518873
102794,567 RED HAWK LN,Match,"567 REDHAWK LN, CAMPBELLSVILLE, KY, 42718",37.394465927094,-85.194721197355
114511,4275 HARRODSBURG RD.,Match,"4275 HARRODSBURG RD, LEXINGTON, KY, 40513",37.99841298464,-84.580256914081
115843,3636 BOSTON RD.,Match,"3636 BOSTON RD, LEXINGTON, KY, 40514",37.980872333625,-84.55090610176
115844,1450 HIGBEE MILL ROAD,Match,"1450 HIGBEE MILL RD, LEXINGTON, KY, 40503",37.98808093227,-84.563057299644
114514,3165 BEAUMONT CENTER CIRCLE,Match,"3165 BEAUMONT CENTRE CIR, LEXINGTON, KY, 40513",38.020649228876,-84.557574701335
104728,2417 NICHOLASVILLE RD,Match,"2417 NICHOLASVILLE RD, LEXINGTON, KY, 40503",38.002985326435,-84.519720863035
116940,1497 ALEXANDRIA DR.,Match,"1497 ALEXANDRIA DR, LEXINGTON, KY, 40504",38.046930658296,-84.552009830369
105811,411 PENNSYLVANIA CT,Match,"411 PENNSYLVANIA CT, LEXINGTON, KY, 40508",38.034835564833,-84.500263024362
102120,1165 MONARCH STREET,Match,"1165 MONARCH ST, LEXINGTON, KY, 40513",38.018161323026,-84.559084715405
113016,444 PARKWAY,Match,"444 PARKWAY DR, LEXINGTON, KY, 40504",38.035784361901,-84.524304005979
114348,2034 GARDEN SPRING DR,Match,"2034 GARDEN SPRINGS DR, LEXINGTON, KY, 40504",38.028315577614,-84.542429873895
116769,100 MARKETPLACE DR,Match,"100 MARKETPLACE DR, LEXINGTON, KY, 40503",37.978245413028,-84.529396255323
117616,2220 NICHOLASVILLE RD 102,Match,"2220 NICHOLASVILLE RD, LEXINGTON, KY, 40503",38.008008586798,-84.517638342533
114350,630 EUCLID AVE,Match,"630 EUCLID AVE, LEXINGTON, KY, 40502",38.031814840214,-84.49312275065
114354,2770 PALUMBO DR,Match,"2770 PALUMBO DR, LEXINGTON, KY, 40509",38.00726700447,-84.436241083527
115443,1474 ANNISTON DR.,Match,"1474 ANNISTON DR, LEXINGTON, KY, 40505",38.056834584225,-84.438261020188
102356,1401 LOCUST STREET,Match,"1401 LOCUST ST, LOUISVILLE, KY, 40206",38.252250484051,-85.72025655749
101267,501 DARBY CREEK DR. 49A,Match,"501 DARBY CREEK RD, LEXINGTON, KY, 40509",38.007072921669,-84.431272957851
101027,750 NEWTOWN CT.,Match,"750 NEWTOWN CT, LEXINGTON, KY, 40511",38.076249661865,-84.492486334843
103449,501 W 6TH ST,Match,"501 W 6TH ST, LEXINGTON, KY, 40508",38.05918362219,-84.491999523951
112171,251 CHIPPENDALE CIRCLE,Match,"251 CHIPPEN DALE CIR, LEXINGTON, KY, 40517",38.006201969496,-84.45924562775
105881,145 BURT RD,Match,"145 BURT RD, LEXINGTON, KY, 40503",38.007682967897,-84.519792111911
112159,141 DIXIE PLAZA,Match,"141 DIXIE PLZ, RICHMOND, KY, 40475",37.727391214233,-84.27704891604
105882,3303 NICHOLASVILLE RD,Match,"3303 NICHOLASVILLE RD, LEXINGTON, KY, 40503",37.990227918816,-84.52431737587
112157,3459 BUCKHORN DR,Match,"3459 BUCKHORN DR, LEXINGTON, KY, 40515",37.976242543383,-84.458684550364
114577,395 S. LIMESTONE,Match,"395 S LIMESTONE ST, LEXINGTON, KY, 40508",38.041663687149,-84.503760566972
114579,1500 MUI STATION RD.,Match,"1500 MUIR STATION RD, LEXINGTON, KY, 40516",38.099903566834,-84.371460637659
104547,962 DELWARE AVE,Match,"962 DELAWARE AVE, LEXINGTON, KY, 40505",38.03965770687,-84.47215289431
106724,1935 STANTON WAY,Match,"1935 STANTON WAY, LEXINGTON, KY, 40511",38.102641319128,-84.484400841192
104309,124 MALABU DR.,Match,"124 MALABU DR, LEXINGTON, KY, 40503",38.00279794787,-84.518006520499
104306,610 W THIRD ST,Match,"610 W 3RD ST, LEXINGTON, KY, 40508",38.057074136993,-84.501057176489
111071,2548 LANGSTANE LANE,Match,"2548 LANGSTANE LN, LEXINGTON, KY, 40511",38.105106227843,-84.509022561479
112148,1804 ALEXANDRIA DRIVE,Match,"1804 ALEXANDRIA DR, LEXINGTON, KY, 40504",38.036279375194,-84.551202342445
101253,1228 MANCHESTER STREET,Match,"1228 MANCHESTER ST, LEXINGTON, KY, 40504",38.056904105367,-84.520148691149
116986,3201 CATSKILL,Match,"3201 CATSKILL CT, LEXINGTON, KY, 40515",37.980683588055,-84.461299962522
117833,780 N LIMESTONE,Match,"780 N LIMESTONE ST, LEXINGTON, KY, 40508",38.05645961763,-84.482630783701
118924,809 HIDDEN STREAM DR,Match,"809 HIDDEN STREAM DR, LEXINGTON, KY, 40511",38.08486000257,-84.50977823109
116745,704 EUCLID,Match,"704 EUCLID AVE, LEXINGTON, KY, 40502",38.031433015383,-84.492693181187
114569,1725 ROSECRANS DR.,Match,"1725 ROSECRANS DR, LEXINGTON, KY, 40504",38.037391950507,-84.536104192577
116989,1467 LEESTOWN RD.,Match,"1467 LEESTOWN RD, LEXINGTON, KY, 40511",38.065062175034,-84.522492580106
117836,509 SANDEE DR,Match,"509 SANDEE DR, NICHOLASVILLE, KY, 40356",37.927774959507,-84.475925008529
105609,573 ALDERBROOK WAY,Match,"573 ALDERBROOK WAY, LEXINGTON, KY, 40515",37.963723797083,-84.518597267528
114332,333 E. MAIN ST,Match,"333 E MAIN ST, LEXINGTON, KY, 40507",38.04247937072,-84.492542005903
104514,1649 LIBERTY RD,Match,"1649 LIBERTY RD, LEXINGTON, KY, 40505",38.037326602032,-84.463682086728
101247,417 GEORGETOWN ST.,Match,"417 GEORGETOWN ST, LEXINGTON, KY, 40508",38.060263959509,-84.501333471608
111061,434 COMPLEX DR,Match,"434 UK COMPLEX DR, LEXINGTON, KY, 40502",38.029448736276,-84.50550379155
104515,3490 RIVER PARK,Match,"3490 RIVER PARK DR, LEXINGTON, KY, 40517",37.979163547935,-84.476973799296
102350,124 OLDHAM ROAD,Match,"124 OLDHAM RD, MOUNT STERLING, KY, 40353",37.992684449893,-83.93841837325
102352,305 LINDENHURST DR,Match,"305 LINDENHURST DR, LEXINGTON, KY, 40509",38.002571177469,-84.430353947374
112379,430 W. MAIN ST,Match,"430 W MAIN ST, LEXINGTON, KY, 40507",38.049052024026,-84.500096294356
113468,576 E. 3RD ST,Match,"576 E 3RD ST, LEXINGTON, KY, 40508",38.043121908811,-84.483108138739
101263,561 S BROADWAY,Match,"561 S BROADWAY RD, LEXINGTON, KY, 40508",38.044863486384,-84.505781831025
101264,1115 SOUTH BROADWAY,Match,"1115 S BROADWAY RD, LEXINGTON, KY, 40504",38.036698582804,-84.518834806357
102595,212 ELKHORN MEADOWS,Match,"212 ELKHORN MEADOWS DR, GEORGETOWN, KY, 40324",38.209514955071,-84.534722893635
118913,1747 ALEXANDRIA DRIVE,Match,"1747 ALEXANDRIA DR, LEXINGTON, KY, 40504",38.039393449322,-84.552580424943
115651,128 N. BROADWAY,Match,"128 N BROADWAY RD, LEXINGTON, KY, 40507",38.049335672842,-84.499172412605
106945,828 LANE ALLEN RD,Match,"828 LANE ALLEN RD, LEXINGTON, KY, 40504",38.030115838,-84.541417838
113233,594 E. THIRD ST,Match,"594 E 3RD ST, LEXINGTON, KY, 40508",38.042724371449,-84.482384986963
111052,2400 NEWTOWN PIKE,Match,"2400 NEWTOWN PIKE, LEXINGTON, KY, 40511",38.109195682761,-84.482197165649
102349,2380 NORMAN LANE,Match,"2380 NORMAN LN, LEXINGTON, KY, 40503",38.004751890131,-84.51997010924
106947,518 SANDAL WOOD DR,Match,"518 SANDALWOOD DR, LEXINGTON, KY, 40505",38.062360673409,-84.446651466901
106946,105 W. LOUDON AVE,Match,"105 W LOUDON AVE, LEXINGTON, KY, 40508",38.057638776812,-84.481849065299
104583,1976 JUSTICE DR,Match,"1976 JUSTICE DR, LEXINGTON, KY, 40509",38.018177076801,-84.411749387312
104581,542 E LOUDON AVE,Match,"542 E LOUDON AVE, LEXINGTON, KY, 40505",38.050921703857,-84.474230660681
103011,3901 RAPID RUN DR,Match,"3901 RAPID RUN DR, LEXINGTON, KY, 40515",37.965138896247,-84.483076492738
106763,1725 ROSEGLANS DR.,Match,"1725 ROSECRANS DR, LEXINGTON, KY, 40504",38.037391950507,-84.536104192577
115238,1180 NEWTOWN PIKE,Match,"1180 NEWTOWN PIKE, LEXINGTON, KY, 40511",38.081030204909,-84.49225192956
118503,3401 NICHOLASVILE RD,Match,"3401 NICHOLASVILLE RD, LEXINGTON, KY, 40503",37.98845683202,-84.525168704428
118992,200 OLD TODDS RD,Match,"200 TODDS RD, LEXINGTON, KY, 40509",38.010610135365,-84.452498627813
114393,1938 STANTON WAY,Match,"1938 STANTON WAY, LEXINGTON, KY, 40511",38.101605967497,-84.481951226022
115482,1465 VALDOSTA CT.,Match,"1465 VALDOSTA CT, LEXINGTON, KY, 40505",38.056937572826,-84.436653148267
116573,4101 TATES CREEK CENTER DRIVE,Match,"4101 TATES CREEK CENTRE DR, LEXINGTON, KY, 40517",37.96993417395,-84.497580956576
115486,1801 ALEXANDRIA DR.,Match,"1801 ALEXANDRIA DR, LEXINGTON, KY, 40504",38.036272089506,-84.551366449014
116574,3175 BEAUMONT CENTER CIR,Match,"3175 BEAUMONT CENTRE CIR, LEXINGTON, KY, 40513",38.020453679795,-84.558365229535
117424,545 S BROADWAY,Match,"545 S BROADWAY RD, LEXINGTON, KY, 40508",38.044953983501,-84.505651256612
107847,125 CHEAPSIDE,Match,"125 CHEAPSIDE ST, LEXINGTON, KY, 40507",38.047979636942,-84.498425106014
104338,2167 N. BROADWAY,Match,"2167 N BROADWAY RD, LEXINGTON, KY, 40505",38.07760666862,-84.45334049598
107846,2890 RICHMOND RD,Match,"2890 RICHMOND SRD, LEXINGTON, KY, 40509",38.006667873314,-84.452192125338
107849,3650 BOSTON RD,Match,"3650 BOSTON RD, LEXINGTON, KY, 40514",37.98048457978,-84.551138754078
114391,111 WOODLAND AVE,Match,"111 WOODLAND AVE, LEXINGTON, KY, 40502",38.039077680395,-84.489674762715
104110,3429 BUCKHORN,Match,"3429 BUCKHORN DR, LEXINGTON, KY, 40515",37.976161101173,-84.458018205325
104114,105 SPRUCE ST,Match,"105 SPRUCE ST, LEXINGTON, KY, 40508",38.045325074112,-84.491994254671
114138,367 W. SHORT STREEET.,Match,"367 W SHORT ST, LEXINGTON, KY, 40507",38.049198572691,-84.498746736691
117409,2800 RICHMOND RD,Match,"2800 RICHMOND SRD, LEXINGTON, KY, 40509",38.007829323713,-84.453482690632
118501,106 BURKE RD,Match,"106 BURKE RD, LEXINGTON, KY, 40511",38.065872121873,-84.523159039808
118984,257 RIVERSIDE DR,Match,"257 RIVERSIDE DR, TROY, OH, 45373",40.054594572445,-84.205216305939
113299,501 WEST SIXTH STREET,Match,"501 W 6TH ST, LEXINGTON, KY, 40508",38.05918362219,-84.491999523951
113298,550 SOUTH LIMESTONE,Match,"550 S LIMESTONE ST, LEXINGTON, KY, 40508",38.039043200504,-84.506682258961
104347,909 WINCHESTER RD,Match,"909 WINCHESTER RD, LEXINGTON, KY, 40505",38.041707897777,-84.471266824068
106766,119 W. REYNOLDS RD,Match,"119 W REYNOLDS RD, LEXINGTON, KY, 40503",37.991491893666,-84.524519584827
108945,428 SOUTHLAND DR,Match,"428 SOUTHLAND DR, LEXINGTON, KY, 40503",38.018889195276,-84.527412852303
113036,685 S. LIMESTONE,Match,"685 S LIMESTONE ST, LEXINGTON, KY, 40508",38.035267631079,-84.508260871685
116308,727 CHILES AVE.,Match,"727 CHILES AVE, LEXINGTON, KY, 40508",38.06520488007,-84.507772922457
116309,961 MIDNIGHT PASS,Match,"961 MIDNIGHT PASS, LEXINGTON, KY, 40513",38.016160505205,-84.557312208016
118970,1951 N BROADWAY,Match,"1951 N BROADWAY RD, LEXINGTON, KY, 40505",38.075075736074,-84.457766286583
115461,2936 CASTHILLS DR.,Match,"2936 EASTHILLS DR, LEXINGTON, KY, 40515",37.992762149133,-84.450866514336
117400,3180 RICHMOND RD.,Match,"3180 RICHMOND RD, LEXINGTON, KY, 40509",38.001432465282,-84.446394549313
117642,4265 HARRODSBURG RD,Match,"4265 HARRODSBURG RD, LEXINGTON, KY, 40513",37.998517656267,-84.580160965089
114376,2160 SIR BARTON WAY,Match,"2160 SIR BARTON WAY, LEXINGTON, KY, 40509",38.019773022133,-84.417681029183
105647,133 VENTURE CT,Match,"133 VENTURE CT, LEXINGTON, KY, 40511",38.081796739703,-84.549102176325
101061,481 W NEW CIRCLE RD,Match,"481 W NEW CIRCLE RD, LEXINGTON, KY, 40511",38.071111764426,-84.477029410128
101062,2358 NICHOLASVILLE RD,Match,"2358 NICHOLASVILLE RD, LEXINGTON, KY, 40503",38.004352923885,-84.518931267256
101063,2681 OLD ROSEBUD RD,Match,"2681 OLD ROSEBUD RD, LEXINGTON, KY, 40509",38.029310993233,-84.425041694641
105420,509 E NEW CIRCLE RD,Match,"509 E NEW CIRCLE RD, LEXINGTON, KY, 40505",38.054102453529,-84.458945137308
106510,2200 HIGH BRIDGE RD,Match,"2200 HIGH BRIDGE RD, WILMORE, KY, 40390",37.834527149297,-84.681180151219
113268,101 WEST LOUDON AVE.,Match,"101 W LOUDON AVE, LEXINGTON, KY, 40508",38.057365606284,-84.481536626574
115687,837 CHEVY CHASE PL.,Match,"837 CHEVY CHASE PL, LEXINGTON, KY, 40502",38.028925907518,-84.491651408099
114599,319 CEDAR ST.,Match,"319 CEDAR ST, LEXINGTON, KY, 40508",38.044216467312,-84.505622369102
117865,219 WOODLAND AVE,Match,"219 WOODLAND AVE, LEXINGTON, KY, 40502",38.036635371756,-84.493119625062
114119,1060 CHINOE DR.,Match,"1060 CHINOE RD, LEXINGTON, KY, 40502",37.997769521367,-84.48071491237
115690,1115 S. BROADWAY,Match,"1115 S BROADWAY RD, LEXINGTON, KY, 40504",38.036698582804,-84.518834806357
114360,3256 LANSDOWNE DR,Match,"3256 LANSDOWNE DR, LEXINGTON, KY, 40502",37.998737175117,-84.498218862208
115691,1772 SHARKEY WAY,Match,"1772 SHARKEY WAY, LEXINGTON, KY, 40511",38.06865440126,-84.530925872105
115692,531 W. NEW CIRCLE RD.,Match,"531 W NEW CIRCLE RD, LEXINGTON, KY, 40511",38.071159886636,-84.477125654527
115693,104 SAND LAKE DR.,Match,"104 SAND LAKE DR, LEXINGTON, KY, 40515",37.999437616929,-84.444332635033
115694,435 REDDING RD.,Match,"435 REDDING RD, LEXINGTON, KY, 40517",37.983430950135,-84.496149338964
114364,200 W. MAIN ST.,Match,"200 W MAIN ST, LEXINGTON, KY, 40507",38.047166005423,-84.498002078022
115453,140 WEST MAIN STREET,Match,"140 W MAIN ST, LEXINGTON, KY, 40507",38.046900191105,-84.497715693388
105416,1601 HAWTHORNE LANE,Match,"1601 HAWTHORNE LN, LEXINGTON, KY, 40505",38.073019290297,-84.474777190383
103479,2200 WAR ADMIRAL WAY,Match,"2200 WAR ADMIRAL WAY, LEXINGTON, KY, 40509",38.038195544959,-84.427026741065
111092,3637 IRON LACE DRIVE,Match,"3637 IRON LACE DR, LEXINGTON, KY, 40509",38.005081278403,-84.403524861313
107773,3479 BUCKHORN,Match,"3479 BUCKHORN DR, LEXINGTON, KY, 40515",37.976287998886,-84.459163434558
106682,2532 REGENCY RD,Match,"2532 REGENCY RD, LEXINGTON, KY, 40503",38.001994058349,-84.524422992823
104025,148 MALABU DR,Match,"148 MALABU DR, LEXINGTON, KY, 40503",38.002308533149,-84.517234085405
107775,3408 KY HIGHWAY 581,Match,"3408 STATE HWY 581, TUTOR KEY, KY, 41263",37.846367805979,-82.77285248662
107774,810 N. LIMESTONE,Match,"810 N LIMESTONE ST, LEXINGTON, KY, 40505",38.057664127871,-84.480901615141
116006,227 N LIMESTONE,Match,"227 N LIMESTONE ST, LEXINGTON, KY, 40507",38.048632782181,-84.493905612265
103170,3101 CLAYS MILL RD,Match,"3101 CLAYS MILL RD, LEXINGTON, KY, 40503",38.003933324905,-84.544211718628
117584,3600 APPIAN WAY,Match,"3600 APPIAN WAY, LEXINGTON, KY, 40517",37.978814873136,-84.486523898399
116255,373 VIRGINIA AVE,Match,"373 VIRGINIA AVE, LEXINGTON, KY, 40504",38.037513211209,-84.514029288291
110709,1561 ALEXANDRIA DR,Match,"1561 ALEXANDRIA DR, LEXINGTON, KY, 40504",38.045085026002,-84.551973832919
115160,848 E. HIGH ST.,Match,"848 E HIGH ST, LEXINGTON, KY, 40502",38.029766016271,-84.489982221743
104033,210 ROSEMONT GARDEN,Match,"210 ROSEMONT GARDEN, LEXINGTON, KY, 40503",38.019248792116,-84.521759744595
110938,1704 CLAYS MILLS RD.,Match,"1704 CLAYS MILL RD, LEXINGTON, KY, 40503",38.02897994641,-84.52935380768
117329,155 E. REYNOLDS RD.,Match,"155 E REYNOLDS RD, LEXINGTON, KY, 40517",37.99050425345,-84.521304586133
103182,340 EAST NEW CIRCLE RD,Match,"340 E NEW CIRCLE RD, LEXINGTON, KY, 40505",38.058823751768,-84.463841077792
110933,574 N. LIMESTONE ST,Match,"574 N LIMESTONE ST, LEXINGTON, KY, 40508",38.053616808835,-84.486653087414
115393,128 E. NEW CIRCLE RD.,Match,"128 E NEW CIRCLE RD, LEXINGTON, KY, 40505",38.064423626542,-84.469418892144
116482,215 ELKEHESTER CIR.,Match,"215 ELKCHESTER CIR, NICHOLASVILLE, KY, 40356",37.87377779996,-84.563439140641
116001,400 W MAIN ST,Match,"400 W MAIN ST, LEXINGTON, KY, 40507",38.048937846458,-84.49996868416
117574,907 WINCHESTER RD,Match,"907 WINCHESTER RD, LEXINGTON, KY, 40505",38.041698106902,-84.471388230983
116484,2860 RICHMOND RD.,Match,"2860 RICHMOND SRD, LEXINGTON, KY, 40509",38.007055368938,-84.45262189312
114067,393 WALLER AVE.,Match,"393 WALLER AVE, LEXINGTON, KY, 40504",38.030873637403,-84.520059372389
117335,1488 LEESTOWN RD,Match,"1488 LEESTOWN RD, LEXINGTON, KY, 40511",38.065424360061,-84.523224030968
115391,192 LEXINGTON GREEN CIRCLE,Match,"192 LEXINGTON GREEN CIR, LEXINGTON, KY, 40503",37.992987386144,-84.524480547746
116480,509 E. NEW CIRCLE RD.,Match,"509 E NEW CIRCLE RD, LEXINGTON, KY, 40505",38.054102453529,-84.458945137308
105331,1701 ALEXANDRIA DR,Match,"1701 ALEXANDRIA DR, LEXINGTON, KY, 40504",38.040433054252,-84.552276640377
109931,500 EUCLID AVE,Match,"500 EUCLID AVE, LEXINGTON, KY, 40502",38.034272928699,-84.495896436278
109933,123 W. MAIN ST,Match,"123 W MAIN ST, LEXINGTON, KY, 40507",38.046594958289,-84.497185841599
106422,442 1/2 S ASHLAND AVE,Match,"442 1/2 S ASHLAND AVE, LEXINGTON, KY, 40502",38.029537185765,-84.492252682073
104244,980 MIDNIGHT PASS,Match,"980 MIDNIGHT PASS, LEXINGTON, KY, 40513",38.015856037902,-84.557385904607
116469,2155 PAUL JONES WAY,Match,"2155 PAUL JONES WAY, LEXINGTON, KY, 40509",38.020495753246,-84.420277038559
117316,304 S LIMESTONE,Match,"304 S LIMESTONE ST, LEXINGTON, KY, 40508",38.043290661287,-84.501322324261
110922,408 PENNSYLVANIA CT,Match,"408 PENNSYLVANIA CT, LEXINGTON, KY, 40508",38.034775258281,-84.500389647079
115383,1314 VERSAILLES RD.,Match,"1314 VERSAILLES RD, LEXINGTON, KY, 40504",38.049815610351,-84.522432247659
118892,1496 LEESTOWN RD,Match,"1496 LEESTOWN RD, LEXINGTON, KY, 40511",38.065587096853,-84.523454692632
117564,126 E LOWRY LN,Match,"126 E LOWRY LN, LEXINGTON, KY, 40503",38.005237599974,-84.517024030014
116478,208 LEGENDS LN.,Match,"208 LEGENDS LN, LEXINGTON, KY, 40505",38.064001563589,-84.478533530915
109700,171 MARKET ST,Match,"171 MARKET ST, LEXINGTON, KY, 40507",38.049067078712,-84.496615259385
108613,3328 SMOKY MTN DRIVE,Match,"3328 SMOKY MOUNTAIN DR, LEXINGTON, KY, 40515",37.978401896393,-84.45758243935
105103,3600 PALOMAR CENTRE DR,Match,"3600 PALOMAR CENTRE DR, LEXINGTON, KY, 40513",38.005031346653,-84.568590257985
106677,109 W SIXTH ST,Match,"109 W 6TH ST, LEXINGTON, KY, 40508",38.054279831268,-84.486704583664
117305,545 SOUTH BROADWAY,Match,"545 S BROADWAY RD, LEXINGTON, KY, 40508",38.044953983501,-84.505651256612
117546,4379 OLD HARRODSBURG RD.,Match,"4379 OLD HARRODSBURG RD, LEXINGTON, KY, 40513",37.996303967587,-84.584650656368
110912,1416 LEESTOWN RD,Match,"1416 LEESTOWN RD, LEXINGTON, KY, 40511",38.063959728936,-84.521148075992
110911,123 CHEAPSIDE,Match,"123 CHEAPSIDE ST, LEXINGTON, KY, 40507",38.047970551865,-84.498437872113
114285,680 LIMA DR. STE.,Match,"680 LIMA DR, LEXINGTON, KY, 40511",38.07290930865,-84.505884656143
117312,101 W LOUDAN AVE,Match,"101 W LOUDON AVE, LEXINGTON, KY, 40508",38.057365606284,-84.481536626574
115376,5531 ATHENS BOONESBORO RD.,Match,"5531 ATHENS BOONESBORO RD, LEXINGTON, KY, 40509",37.961533657885,-84.386520238019
116222,3060 FIELDSTONE WAY,Match,"3060 FIELDSTONE WAY, LEXINGTON, KY, 40513",38.013682117897,-84.557125910678
118403,2005 FORDSON CT,Match,"2005 FORDSON CT, LEXINGTON, KY, 40505",38.061120787356,-84.44010958202
115378,300 W. VINE ST.,Match,"300 W VINE ST, LEXINGTON, KY, 40507",38.047507638382,-84.499905613351
117313,249 RUCCIO WAY,Match,"249 RUCCIO WAY, LEXINGTON, KY, 40503",37.996741289623,-84.529930074926
113199,1346 ALTON STATION RD,Match,"1346 ALTON STATION RD, LAWRENCEBURG, KY, 40342",38.077513781616,-84.95401247025
104065,172 TRADE ST,Match,"172 TRADE ST, LEXINGTON, KY, 40511",38.074153476859,-84.546458082104
109996,4950 JENNIE KATE LANE,Match,"4950 JENNIE KATE LN, LEXINGTON, KY, 40510",38.053100625778,-84.629622556141
109997,1100 S. BROADWAY,Match,"1100 S BROADWAY RD, LEXINGTON, KY, 40504",38.036827668209,-84.51826119023
109756,1880 PLEASANT RIDGE DRIVE,Match,"1880 PLEASANT RIDGE DR, LEXINGTON, KY, 40509",38.016891323106,-84.413669302586
104064,269 W MAIN ST 1ST FLR G,Match,"269 W MAIN ST, LEXINGTON, KY, 40507",38.047977061828,-84.498697620743
110982,1555 GEORGETOWN RD.,Match,"1555 GEORGETOWN RD, LEXINGTON, KY, 40511",38.083034244709,-84.509608916497
104067,1850 MERCER RD,Match,"1850 MERCER RD, LEXINGTON, KY, 40511",38.078098749415,-84.532457655128
111836,428 SOUTHLAND DRIVE,Match,"428 SOUTHLAND DR, LEXINGTON, KY, 40503",38.018889195276,-84.527412852303
117385,3565 NICHOLASVILLE ROAD,Match,"3565 NICHOLASVILLE RD, LEXINGTON, KY, 40503",37.986756583352,-84.526011255202
117388,1474 ANNISTON DRIVE,Match,"1474 ANNISTON DR, LEXINGTON, KY, 40505",38.056834584225,-84.438261020188
109525,2320 JACKS CREKKS PIKE,Match,"2320 JACKS CREEK PIKE, LEXINGTON, KY, 40515",37.923393194113,-84.413824889236
106010,4248 SARON DR,Match,"4248 SARON DR, LEXINGTON, KY, 40515",37.966751126499,-84.502155246149
106499,133 N LIMESTONE,Match,"133 N LIMESTONE ST, LEXINGTON, KY, 40507",38.04715040424,-84.496064565289
118217,2414 PALUMBO DRIVE,Match,"2414 PALUMBO DR, LEXINGTON, KY, 40509",38.020059941235,-84.448619878508
109760,1 ST. JOSEPH DRIVE,Match,"1 ST JOSEPH DR, LEXINGTON, KY, 40504",38.031314711935,-84.521900526356
117138,1858 OXFORD CIRCLE,Match,"1858 OXFORD CIR, LEXINGTON, KY, 40504",38.04959886603,-84.540073847335
109758,462 LINDBERG DR,Match,"462 LINDBERG DR, LEXINGTON, KY, 40508",38.067248373502,-84.504319933212
109759,404 SPORTING CT.,Match,"404 SPORTING CT, LEXINGTON, KY, 40503",37.997159203978,-84.533302965899
111811,601 WEST MAIN ST,Match,"601 W MAIN ST, LEXINGTON, KY, 40508",38.051875562258,-84.503086098157
107552,101 S. LIMESTONE ST.,Match,"101 S LIMESTONE ST, LEXINGTON, KY, 40507",38.046383401719,-84.49714253646
108402,1451 LEESTOWN RD,Match,"1451 LEESTOWN RD, LEXINGTON, KY, 40511",38.06473670145,-84.522031256778
106226,810 N LIMESTONE,Match,"810 N LIMESTONE ST, LEXINGTON, KY, 40505",38.057664127871,-84.480901615141
109972,720 HENRY CLAY BLVD,Match,"720 HENRY CLAY BLVD, LEXINGTON, KY, 40505",38.037231334424,-84.465027454737
111818,344 E. TIVERTON WAY,Match,"344 E TIVERTON WAY, LEXINGTON, KY, 40517",37.975775805883,-84.516416912679
117359,483 W. REYNOLD'S RD,Match,"483 W REYNOLDS RD, LEXINGTON, KY, 40503",37.995518418513,-84.537948144259
110969,716 N. LIMESTONE,Match,"716 N LIMESTONE ST, LEXINGTON, KY, 40508",38.05571330604,-84.483692694437
108880,1407 N. LIMESTONE,Match,"1407 N LIMESTONE ST, LEXINGTON, KY, 40505",38.062677927118,-84.473951721798
111812,1474 ANNISTON DR,Match,"1474 ANNISTON DR, LEXINGTON, KY, 40505",38.056834584225,-84.438261020188
117365,240 CANARY RD.,Match,"240 CANARY RD, LEXINGTON, KY, 40503",37.993618423171,-84.518532014298
105129,719 ALLENDALE DR,Match,"719 ALLENDALE DR, LEXINGTON, KY, 40503",38.027645724187,-84.534606860546
110710,2865 PARIS PIKE,Match,"2865 PARIS PIKE, LEXINGTON, KY, 40511",38.089262310697,-84.434624040797
107321,450 W. REYNOLDS RD,Match,"450 W REYNOLDS RD, LEXINGTON, KY, 40503",37.994742844319,-84.535919451253
107320,416 BOSTON CT,Match,"416 BOSTON CT, LEXINGTON, KY, 40503",37.98572656139,-84.546266247284
117107,144 ROJAY DR,Match,"144 ROJAY DR, LEXINGTON, KY, 40503",37.984659093359,-84.528268451286
117106,150 N. EAGLE CREEK DR.,Match,"150 N EAGLE CREEK DR, LEXINGTON, KY, 40509",38.000247360465,-84.440220284166
117108,500 EUCLID,Match,"500 EUCLID AVE, LEXINGTON, KY, 40502",38.034272928699,-84.495896436278
104290,2241 ELKHORN RD,Match,"2241 ELKHORN RD, LEXINGTON, KY, 40505",38.043583369505,-84.423128321596
117596,200 W MAIN,Match,"200 W MAIN ST, LEXINGTON, KY, 40507",38.047166005423,-84.498002078022
118682,820 N BROADWAY,Match,"820 N BROADWAY RD, LEXINGTON, KY, 40508",38.059940236552,-84.484016463844
117116,1 ST. JOSEPH DR.,Match,"1 ST JOSEPH DR, LEXINGTON, KY, 40504",38.031314711935,-84.521900526356
117358,700 MASON HEADLEY ROAD,Match,"700 MASON HEADLEY RD, LEXINGTON, KY, 40504",38.035762829503,-84.528695957178
111809,2433 REGENCY ROAD,Match,"2433 REGENCY RD, LEXINGTON, KY, 40503",38.003806190752,-84.525206353126
117115,1 SAINT JOSEPH DR.,Match,"1 ST JOSEPH DR, LEXINGTON, KY, 40504",38.031314711935,-84.521900526356
118687,3527 LANSDOWNE DR,Match,"3527 LANSDOWNE DR, LEXINGTON, KY, 40517",37.986848163207,-84.516235677999
106229,321 EAST VINE ST,Match,"321 E VINE ST, LEXINGTON, KY, 40507",38.040959066022,-84.491854065353
106228,3401 NICHOLASVILLE DR,Match,"3401 NICHOLASVILLE RD, LEXINGTON, KY, 40503",37.98845683202,-84.525168704428
110303,405 WALLER AVE,Match,"405 WALLER AVE, LEXINGTON, KY, 40504",38.031771443156,-84.521268719317
110545,4669 SPRING CREEK DRIVE,Match,"4669 SPRING CREEK DR, LEXINGTON, KY, 40515",37.959444289996,-84.485279267758
111635,3401 NICHOLASVILLE RD,Match,"3401 NICHOLASVILLE RD, LEXINGTON, KY, 40503",37.98845683202,-84.525168704428
114906,1198 WINBURN DR.,Match,"1198 WINBURN DR, LEXINGTON, KY, 40511",38.087946356489,-84.472689113875
110542,369 THOMPSON RD,Match,"369 THOMPSON RD, LEXINGTON, KY, 40508",38.057468871233,-84.518121822202
114909,561 S. BROADWAY,Match,"561 S BROADWAY RD, LEXINGTON, KY, 40508",38.044863486384,-84.505781831025
106280,3968 KENESAW DRIVE,Match,"3968 KENESAW DR, LEXINGTON, KY, 40515",37.958140556215,-84.482758635369
106282,4171 TATES CREEK CENTRE DR,Match,"4171 TATES CREEK CENTRE DR, LEXINGTON, KY, 40517",37.968710217199,-84.501427140004
106281,2323 WOODHILL DR,Match,"2323 WOODHILL DR, LEXINGTON, KY, 40509",38.017642086945,-84.455714866189
118033,200 WEST MAIN,Match,"200 W MAIN ST, LEXINGTON, KY, 40507",38.047166005423,-84.498002078022
119127,3110 MAPLELEAF DRIVE,Match,"3110 MAPLELEAF DR, LEXINGTON, KY, 40509",38.007236275338,-84.426319968143
109549,"1403 N. FORBES RD, SUITE130",Match,"1403 N FORBES RD, LEXINGTON, KY, 40511",38.064436425904,-84.519611860377
111863,405 S. LIMESTONE,Match,"405 S LIMESTONE ST, LEXINGTON, KY, 40508",38.041514727246,-84.50396752978
112719,949 NATIONAL AVE.,Match,"949 NATIONAL AVE, LEXINGTON, KY, 40502",38.03821483548,-84.474311934977
118024,1395 W MAIN ST,Match,"1395 W MAIN ST, LEXINGTON, KY, 40508",38.063581147866,-84.520385747844
116086,3057 N. CLEVELAND RD.,Match,"3057 N CLEVELAND RD, LEXINGTON, KY, 40516",38.031354081901,-84.356282887977
117177,1500 FITZGERALD CT,Match,"1500 FITZGERALD CT, LEXINGTON, KY, 40509",38.024634970528,-84.411572516455
118029,3021 SEWANEE LN,Match,"3021 SEWANEE LN, LEXINGTON, KY, 40509",38.021906851188,-84.407790645978
100987,2935 TRAILWOOD LANE,Match,"2935 TRAILWOOD LN, LEXINGTON, KY, 40511",38.084735441971,-84.559135793772
111612,"101 WEST LOUDON AVE, B-9",Match,"101 W LOUDON AVE, LEXINGTON, KY, 40508",38.057365606284,-84.481536626574
108205,3677 KING ARTHUR DR,Match,"3677 KING ARTHUR DR, LEXINGTON, KY, 40517",37.979966523615,-84.510269373275
108206,4561 IRONWORKS PIKE,Match,"4561 IRON WORKS RD, LEXINGTON, KY, 40511",38.149657326667,-84.535469719256
101802,3499 BLAZER PARKWAY,Match,"3499 BLAZER PKWY, LEXINGTON, KY, 40509",37.998856439035,-84.434467870963
101808,556 DUCHESS CT,Match,"556 DUCHESS CT, VERSAILLES, KY, 40383",38.044917607606,-84.713829796767
118499,960 MIDNIGHT PASS,Match,"960 MIDNIGHT PASS, LEXINGTON, KY, 40513",38.016029406612,-84.55755927328
101800,1601 MERCER RD,Match,"1601 MERCER RD, LEXINGTON, KY, 40511",38.07559818111,-84.52208201637
109788,549 E. THIRD STREET,Match,"549 E 3RD ST, LEXINGTON, KY, 40508",38.043360512426,-84.483278694973
109789,115 SOUTHLAND DR,Match,"115 SOUTHLAND DR, LEXINGTON, KY, 40503",38.011703900552,-84.517773015554
107363,524 DABNEY DR,Match,"524 DABNEY DR, LEXINGTON, KY, 40509",38.001063655413,-84.422239180485
110753,535 SOUTH UPPER STREET,Match,"535 S UPPER ST, LEXINGTON, KY, 40508",38.042829858033,-84.504305055056
107362,2894 RICHMOND RD,Match,"2894 RICHMOND SRD, LEXINGTON, KY, 40509",38.00661620723,-84.452134822967
107361,1812 AUGUSTA CT,Match,"1812 AUGUSTA CT, LEXINGTON, KY, 40505",38.054012878921,-84.442823226345
117153,941 DETROIT AVE,Match,"941 DETROIT AVE, LEXINGTON, KY, 40505",38.040971341716,-84.470671666399
100968,1555 GEORGETOWN RD,Match,"1555 GEORGETOWN RD, LEXINGTON, KY, 40511",38.083034244709,-84.509608916497
118484,265 AVENUE OF CHAMPIONS,Match,"265 AVE OF CHAMPIONS, LEXINGTON, KY, 40508",38.038478787055,-84.50042334937
118485,101 E. TIVERTON WAY,Match,"101 TIVERTON WAY, LEXINGTON, KY, 40503",37.981498580577,-84.532525787841
118488,2320 JACKS CREEK PIKE,Match,"2320 JACKS CREEK PIKE, LEXINGTON, KY, 40515",37.923393194113,-84.413824889236
108207,222 ROSEMONT GARDEN,Match,"222 ROSEMONT GARDEN, LEXINGTON, KY, 40503",38.019400865011,-84.522195351926
118483,2337 SIR BARTON WAY,Match,"2337 SIR BARTON WAY, LEXINGTON, KY, 40509",38.025797982683,-84.422788262574
117394,2220 NICHOLASVILLE DR.,Match,"2220 NICHOLASVILLE RD, LEXINGTON, KY, 40503",38.008008586798,-84.517638342533
116062,855 HONEYSUCKLE RD,Match,"855 HONEYSUCKLE RD, LEXINGTON, KY, 40504",38.029034079703,-84.544534154823
112768,430 W. VINE ST,Match,"430 W VINE ST, LEXINGTON, KY, 40507",38.049432604464,-84.500968150647
114705,148 SUSAN TRACE,Match,"148 SUSAN TRCE, NICHOLASVILLE, KY, 40356",37.888285058762,-84.546905527233
111676,1729 COSTIGAN DR,Match,"1729 COSTIGAN DR, LEXINGTON, KY, 40511",38.090728475912,-84.480778156063
110343,306 SOUTHLAND DR,Match,"306 SOUTHLAND DR, LEXINGTON, KY, 40503",38.015907928341,-84.523973326508
112764,401 W. SHORT ST,Match,"401 W SHORT ST, LEXINGTON, KY, 40507",38.049526502542,-84.499115978517
110344,1803 GEORGETOWN RD.,Match,"1803 GEORGETOWN RD, LEXINGTON, KY, 40511",38.085970668452,-84.510819658602
110342,102 W. VINE ST,Match,"102 W VINE ST, LEXINGTON, KY, 40507",38.045749101862,-84.498089015563
110584,574 N. LIMESTONE,Match,"574 N LIMESTONE ST, LEXINGTON, KY, 40508",38.053616808835,-84.486653087414
108261,511 BRECKENRIDGE ST,Match,"511 BRECKENRIDGE ST, LEXINGTON, KY, 40508",38.048698301211,-84.478007591269
114702,547 S. LIMESTONE,Match,"547 S LIMESTONE ST, LEXINGTON, KY, 40508",38.039103938796,-84.506805655747
119166,1953 NICHOLASVILLE RD,Match,"1953 NICHOLASVILLE RD, LEXINGTON, KY, 40503",38.012299678714,-84.516406310511
111440,101 WEST LOUDON AVE,Match,"101 W LOUDON AVE, LEXINGTON, KY, 40508",38.057365606284,-84.481536626574
110590,274 E. NEW CIRCLE RD,Match,"274 E NEW CIRCLE RD, LEXINGTON, KY, 40505",38.060660024269,-84.465635954817
103803,312 S. ASHLAND AVE,Match,"312 S ASHLAND AVE, LEXINGTON, KY, 40502",38.031024240204,-84.49021973783
101625,108 CHURCH ST,Match,"108 CHURCH ST, LEXINGTON, KY, 40507",38.047475180467,-84.495734251541
111667,496 E. HIGH ST,Match,"496 E HIGH ST, LEXINGTON, KY, 40507",38.036860189828,-84.492973349258
110577,369 MOLBERRY DR,Match,"369 MULBERRY RD, LEXINGTON, KY, 40509",38.019398912363,-84.451152032533
113843,1074 MERRICK DR,Match,"1074 MERRICK DR, LEXINGTON, KY, 40502",37.992123652925,-84.492204100018
111421,401 S. LIMESTONE,Match,"401 S LIMESTONE ST, LEXINGTON, KY, 40508",38.041529582561,-84.503946762656
112519,5902 OLD RICHMOND RD,Match,"5902 OLD RICHMOND RD, LEXINGTON, KY, 40515",37.939212097689,-84.405312194821
118068,391 ROSE STREET,Match,"391 ROSE ST, LEXINGTON, KY, 40508",38.038164214079,-84.499408804432
119157,1502 DURHAM COURT,Match,"1502 DURHAM CT, LEXINGTON, KY, 40505",38.05255932257,-84.443969529119
119397,150 W. LOWRY LANE,Match,"150 W LOWRY LN, LEXINGTON, KY, 40503",38.007179134654,-84.522224568922
119398,1650 BRYAN STATION RD.,Match,"1650 BRYAN STATION RD, LEXINGTON, KY, 40505",38.060545619244,-84.46321099488
110580,6421 ATHENS BOONESBORO RD,Match,"6421 ATHENS BOONESBORO RD, LEXINGTON, KY, 40509",37.949129810293,-84.36389438537
102964,5355 ATHENS BOONESBORO RD,Match,"5355 ATHENS BOONESBORO RD, LEXINGTON, KY, 40509",37.964277433107,-84.391335918442
108241,1984 FAIR OAKS DR,Match,"1984 FAIR OAKS DR, LEXINGTON, KY, 40504",38.046477090764,-84.548375647328
108242,500 S. UPPER ST,Match,"500 S UPPER ST, LEXINGTON, KY, 40508",38.043406818984,-84.503256358933
113837,1165 CENTRE PKWY,Match,"1165 CENTRE PKWY, LEXINGTON, KY, 40517",37.982516247265,-84.483817463363
119381,949 NATIONAL AVE,Match,"949 NATIONAL AVE, LEXINGTON, KY, 40502",38.03821483548,-84.474311934977
101601,3090 HELMSDALE PLACE,Match,"3090 HELMSDALE PL, LEXINGTON, KY, 40509",38.012333175486,-84.420828362787
114914,286 SOUTHLAND DR,Match,"286 SOUTHLAND DR, LEXINGTON, KY, 40503",38.015017908512,-84.522920402051
111403,3429 ALPINC COUT.,Match,"3429 ALPINE CT, LEXINGTON, KY, 40517",37.990537539307,-84.507066563318
113822,3100 OLD TODDS RD.,Match,"3100 TODDS RD, LEXINGTON, KY, 40509",38.00980751073,-84.423034580332
110316,226 LONDONDERRY,Match,"226 LONDONDERRY DR, LEXINGTON, KY, 40504",38.053943132748,-84.538599027723
114913,135 W. MAIN ST.,Match,"135 W MAIN ST, LEXINGTON, KY, 40507",38.046669913584,-84.497269125243
102942,118 PARIS AVE,Match,"118 PARIS AVE, LEXINGTON, KY, 40505",38.063045595767,-84.475340412318
102703,4101 TATES CREEK CENTRE,Match,"4101 TATES CREEK CENTRE DR, LEXINGTON, KY, 40517",37.96993417395,-84.497580956576
118041,3111 SPURR RD,Match,"3111 SPURR RD, LEXINGTON, KY, 40511",38.110386187212,-84.539764211305
111115,481 NW NEW CIRICLE RD,Match,"481 NW NEW CIRCLE RD, LEXINGTON, KY, 40511",38.072233690699,-84.479236019984
113534,1950 NEWTOWN PIKE,Match,"1950 NEWTOWN PIKE, LEXINGTON, KY, 40511",38.096031127543,-84.486164630773
111114,1720 FITZGERALD CT,Match,"1720 FITZGERALD CT, LEXINGTON, KY, 40509",38.025057005656,-84.410939463755
102882,1205 E. NEW CIRCLE RD,Match,"1205 E NEW CIRCLE RD, LEXINGTON, KY, 40505",38.03209214988,-84.452827905418
107094,413 N.W NEW CIRCLE RD,Match,"413 NW NEW CIRCLE RD, LEXINGTON, KY, 40511",38.071512147002,-84.477451266636
107093,101 WEST VINE STREET,Match,"101 W VINE ST, LEXINGTON, KY, 40507",38.045804784001,-84.497959483844
109032,1109 VERSAILLES RD,Match,"1109 VERSAILLES RD, LEXINGTON, KY, 40508",38.050132987093,-84.517311678926
115952,1162 CAYWOOD DR,Match,"1162 CAYWOOD DR, LEXINGTON, KY, 40504",38.056049832553,-84.552618451164
107092,903 MANCHESTER ST,Match,"903 MANCHESTER ST, LEXINGTON, KY, 40508",38.052790753117,-84.509393040884
112694,"101 W. LOUDON AVE, C-10",Match,"101 W LOUDON AVE, LEXINGTON, KY, 40508",38.057365606284,-84.481536626574
119086,990 STAR SHOOT PARKWAY,Match,"990 STAR SHOOT PKWY, LEXINGTON, KY, 40509",38.022550031756,-84.426905364956
113769,4097 NICHOLS PARK DR.,Match,"4097 NICHOLS PARK, LEXINGTON, KY, 40503",37.978500948227,-84.533464826196
115706,867 E. HIGH STREET,Match,"867 E HIGH ST, LEXINGTON, KY, 40502",38.028565879026,-84.490165109396
111107,244 VERSAILLES RD.,Match,"244 VERSAILLES RD, FRANKFORT, KY, 40601",38.201624931301,-84.832479933783
112433,200 WEST MAIN STREET,Match,"200 W MAIN ST, LEXINGTON, KY, 40507",38.047166005423,-84.498002078022
103740,720 BRYAN AVE,Match,"720 BRYAN AVE, LEXINGTON, KY, 40505",38.056653149541,-84.481695532967
111585,404 SPORTING COURT,Match,"404 SPORTING CT, LEXINGTON, KY, 40503",37.997159203978,-84.533302965899
111584,101 W. LOUDON STREET,Match,"101 W LOUDON AVE, LEXINGTON, KY, 40508",38.057365606284,-84.481536626574
109043,4801 ATHENS - BOONEBORO RD,Match,"4801 ATHENS BOONESBORO RD, LEXINGTON, KY, 40509",37.973520792587,-84.408010553167
114611,367 W. SHORT ST,Match,"367 W SHORT ST, LEXINGTON, KY, 40507",38.049198572691,-84.498746736691
111594,110 CYNTHIA DR,Match,"110 CYNTHIA DR, NICHOLASVILLE, KY, 40356",37.956836229859,-84.536168282682
101313,362 E MAIN STREET,Match,"362 E MAIN ST, LEXINGTON, KY, 40507",38.042357802935,-84.492599173816
101799,915 BYARS AVE,Match,"915 BYARS AVE, LEXINGTON, KY, 40505",38.043895054277,-84.469686898525
114609,2000 PARKERS MILL RD.,Match,"2000 PARKERS MILL RD, LEXINGTON, KY, 40504",38.035525296047,-84.566151462105
111334,500 EUCLID AVENUE,Match,"500 EUCLID AVE, LEXINGTON, KY, 40502",38.034272928699,-84.495896436278
110000,1865 WICLAND,Match,"1865 WICKLAND DR, LEXINGTON, KY, 40505",38.067022990708,-84.45290881685
110484,3553 GALAHADE DRIVE,Match,"3553 GALAHAD DR, LEXINGTON, KY, 40517",37.982346503757,-84.511505920089
112420,2106 SIR BARTON WAY,Match,"2106 SIR BARTON WAY, LEXINGTON, KY, 40509",38.020476153827,-84.418490673078
115934,861 EASTMONT RD,Match,"861 EASTMONT RD, LEXINGTON, KY, 40509",38.029840683718,-84.441698677494
110251,"1801 ALEXANDRIA DR, STE. 164",Match,"1801 ALEXANDRIA DR, LEXINGTON, KY, 40504",38.036272089506,-84.551366449014
102856,537 CLAYMONT DR,Match,"537 CLAYMONT DR, LEXINGTON, KY, 40503",38.012511848705,-84.535563309941
115929,2033 BRYANT RD,Match,"2033 BRYANT RD, LEXINGTON, KY, 40509",38.017901308615,-84.41026860108
113742,854 E. LOUDON AVE,Match,"854 E LOUDON AVE, LEXINGTON, KY, 40505",38.043245041749,-84.466603998792
114830,535 WALLER AVE.,Match,"535 WALLER AVE, LEXINGTON, KY, 40504",38.032998131026,-84.522726193527
113984,274 E. NEW CIRCLE ROAD,Match,"274 E NEW CIRCLE RD, LEXINGTON, KY, 40505",38.060660024269,-84.465635954817
114836,4371 OLD HARRODSBURG RD STE.,Match,"4371 OLD HARRODSBURG RD, LEXINGTON, KY, 40513",37.996305876542,-84.58463320306
101773,1200 MANCHESTER ST,Match,"1200 MANCHESTER ST, LEXINGTON, KY, 40504",38.056393597145,-84.518840474174
103713,556 COLUMBIA AVE,Match,"556 COLUMBIA AVE, LEXINGTON, KY, 40508",38.030826798178,-84.497313644959
102625,5532 ATHENS-BOONESBORO RD,Match,"5532 ATHENS BOONESBORO RD, LEXINGTON, KY, 40509",37.961607174089,-84.38691885839
110068,436 CHAIR AVE,Match,"436 CHAIR AVE, LEXINGTON, KY, 40508",38.043721745294,-84.508734794448
102441,1055 INDUSTRY RD,Match,"1055 INDUSTRY RD, LEXINGTON, KY, 40505",38.044327985718,-84.460611347645
110067,"3401 NICHOLASVILLE RD, SPACE T - 101",Match,"3401 NICHOLASVILLE RD, LEXINGTON, KY, 40503",37.98845683202,-84.525168704428
116843,1424 ALEXANDRIA DR,Match,"1424 ALEXANDRIA DR, LEXINGTON, KY, 40504",38.048181027809,-84.552054557969
116842,1489 ALEXANDRIA DR,Match,"1489 ALEXANDRIA DR, LEXINGTON, KY, 40504",38.047067809006,-84.552026215619
116602,2626 RICHMOND RD.,Match,"2626 RICHMOND RD, LEXINGTON, KY, 40509",38.010529775988,-84.456239315621
116846,245 LEXINGTON GREEN CIRCLE,Match,"245 LEXINGTON GREEN CIR, LEXINGTON, KY, 40503",37.994162993177,-84.526453215042
115517,559 S. LIMESTONE AVE.,Match,"559 S LIMESTONE ST, LEXINGTON, KY, 40508",38.039099419894,-84.506809120238
101109,2504 LARKIN RD,Match,"2504 LARKIN RD, LEXINGTON, KY, 40503",38.000108417604,-84.515630094385
115521,1009 GEORGETOWN RD.,Match,"1009 GEORGETOWN RD, LEXINGTON, KY, 40511",38.076490444432,-84.506756020703
102674,550 W 6TH ST,Match,"550 W 6TH ST, LEXINGTON, KY, 40508",38.059246796551,-84.492268897018
102438,114 CHURCH STREET,Match,"114 CHURCH ST, LEXINGTON, KY, 40507",38.047518360342,-84.495781602189
113568,100 MALABU DR.,Match,"100 MALABU DR, LEXINGTON, KY, 40503",38.00333328313,-84.519316140454
113566,201 OWSLEY,Match,"201 OWSLEY AVE, LEXINGTON, KY, 40502",38.033920507916,-84.477399043301
116832,3543 OLYMPIA RD,Match,"3543 OLYMPIA RD, LEXINGTON, KY, 40517",37.982611118174,-84.487260636979
114897,1247 ALEXANDRIA DR,Match,"1247 ALEXANDRIA DR, LEXINGTON, KY, 40504",38.052909067809,-84.552766972612
114898,443 S. ASHLAND AVE.,Match,"443 S ASHLAND AVE, LEXINGTON, KY, 40502",38.029631000244,-84.492348088261
115988,5350 ATHENS BOONSEBORO ROAD,Match,"5350 ATHENS BOONESBORO RD, LEXINGTON, KY, 40509",37.96441846759,-84.391814432032
114418,472 SOUTHLAND DR,Match,"472 SOUTHLAND DR, LEXINGTON, KY, 40503",38.019791482611,-84.52808523384
111153,1825 LITTLE HERB WAY,Match,"1825 LITTLE HERB WAY, LEXINGTON, KY, 40509",38.027208174189,-84.407957963925
111154,757 E. NEW CIRCLE RD,Match,"757 E NEW CIRCLE RD, LEXINGTON, KY, 40505",38.047275133056,-84.453833929327
112225,1621 LINDY LANE,Match,"1621 LINDY LN, LEXINGTON, KY, 40505",38.038816611303,-84.463865502957
113556,120 WEST SECOND STREET,Match,"120 W 2ND ST, LEXINGTON, KY, 40507",38.048361875101,-84.494657971248
112223,701 NATIONAL AVE,Match,"701 NATIONAL AVE, LEXINGTON, KY, 40502",38.041125258654,-84.480023072579
101573,2500 POLO CLUB BLVD,Match,"2500 POLO CLUB BLVD, LEXINGTON, KY, 40509",38.02834738961,-84.410403208535
112464,139 E. NEW CIRCLE RD.,Match,"139 E NEW CIRCLE RD, LEXINGTON, KY, 40505",38.064216833859,-84.468819698536
115735,1920 STANTON WAY,Match,"1920 STANTON WAY, LEXINGTON, KY, 40511",38.100991916583,-84.482006885735
110054,3197 CLAY MILLS RD,Match,"3197 CLAYS MILL RD, LEXINGTON, KY, 40503",38.001688993296,-84.545591078081
103743,507 ROGERS RD,Match,"507 ROGERS RD, LEXINGTON, KY, 40505",38.08463301506,-84.45241747003
102415,4101 TATES CREEK CENTER DR,Match,"4101 TATES CREEK CENTRE DR, LEXINGTON, KY, 40517",37.96993417395,-84.497580956576
101568,262 N LIMESTONE,Match,"262 N LIMESTONE ST, LEXINGTON, KY, 40507",38.049200172932,-84.492909653423
101341,723 NATIONAL AVENUE,Match,"723 NATIONAL AVE, LEXINGTON, KY, 40502",38.04084316752,-84.479518339381
116810,101 W LOUDON,Match,"101 W LOUDON AVE, LEXINGTON, KY, 40508",38.057365606284,-84.481536626574
113551,101 W. LOUDON AVE.,Match,"101 W LOUDON AVE, LEXINGTON, KY, 40508",38.057365606284,-84.481536626574
117733,559 S LIMESTONE,Match,"559 S LIMESTONE ST, LEXINGTON, KY, 40508",38.039099419894,-84.506809120238
118822,3695 NICHOLASVILLE RD,Match,"3695 NICHOLASVILLE RD, LEXINGTON, KY, 40503",37.984367849088,-84.526983299773
115561,1174 MANCHESTER ST.,Match,"1174 MANCHESTER ST, LEXINGTON, KY, 40508",38.055103895476,-84.515325577471
116651,3695 NICHOLASVILLE RD.,Match,"3695 NICHOLASVILLE RD, LEXINGTON, KY, 40503",37.984367849088,-84.526983299773
116653,690 MASON HEADLEY ROAD,Match,"690 MASON HEADLEY RD, LEXINGTON, KY, 40504",38.035686246651,-84.528539788259
107924,944 DEPORRES AVE,Match,"944 DE PORRES AVE, LEXINGTON, KY, 40511",38.070820797285,-84.508513419443
112054,2519 REGENCY RD,Match,"2519 REGENCY RD, LEXINGTON, KY, 40503",38.00227593794,-84.524531205053
103325,427 REDDING RD,Match,"427 REDDING RD, LEXINGTON, KY, 40517",37.984121714136,-84.496791697576
112292,"101 W. LOUDON AVE, D12",Match,"101 W LOUDON AVE, LEXINGTON, KY, 40508",38.057365606284,-84.481536626574
112038,443 S. ASHLAND AVE,Match,"443 S ASHLAND AVE, LEXINGTON, KY, 40502",38.029631000244,-84.492348088261
101164,937 WINCHESTER RD,Match,"937 WINCHESTER RD, LEXINGTON, KY, 40505",38.041854436926,-84.469507367837
103583,1205 VERSAILLES RD,Match,"1205 VERSAILLES RD, LEXINGTON, KY, 40508",38.050081580313,-84.51909123066
115786,2630 RICHMOND RD,Match,"2630 RICHMOND RD, LEXINGTON, KY, 40509",38.010454529469,-84.456153190106
115787,2925 RICHMOND RD.,Match,"2925 RICHMOND SRD, LEXINGTON, KY, 40509",38.005183915816,-84.448845496175
115788,502 W. SECOND STREET,Match,"502 W 2ND ST, LEXINGTON, KY, 40508",38.053704205066,-84.500611030156
114217,1840 BRYAN STATION RD,Match,"1840 BRYAN STATION RD, LEXINGTON, KY, 40505",38.064345570953,-84.451602804602
114462,2409 MEMBERS WAY,Match,"2409 MEMBERS WAY, LEXINGTON, KY, 40504",38.020050154818,-84.547390613054
114222,1485 LEESTOWN RD.,Match,"1485 LEESTOWN RD, LEXINGTON, KY, 40511",38.065428332815,-84.52301156885
105997,3316 BIG BEND CT,Match,"3316 BIG BEND CT, LEXINGTON, KY, 40517",37.984454368203,-84.463840324096
105518,740 NATIONAL AVE,Match,"740 NATIONAL AVE, LEXINGTON, KY, 40502",38.040518914481,-84.479189580386
101370,780 N LIMESTONE STREET,Match,"780 N LIMESTONE ST, LEXINGTON, KY, 40508",38.05645961763,-84.482630783701
118809,1144 WINBURN DRIVE,Match,"1144 WINBURN DR, LEXINGTON, KY, 40511",38.0892128177,-84.474887261569
113115,2092 TWAIN RIDGE DR.,Match,"2092 TWAIN RIDGE DR, LEXINGTON, KY, 40514",37.99224331258,-84.580213150133
114686,1389 ALEXANDRIAA DR.,Match,"1389 ALEXANDRIA DR, LEXINGTON, KY, 40504",38.049249076274,-84.552362303695
115537,810 OVRBROOK CIR,Match,"810 OVERBROOK CIR, LEXINGTON, KY, 40502",37.99536460795,-84.49849521577
118804,110 WEST 6TH STREET,Match,"110 W 6TH ST, LEXINGTON, KY, 40508",38.05420704271,-84.48681698006
107909,610 ROGERS RD,Match,"610 ROGERS RD, LEXINGTON, KY, 40505",38.086851822312,-84.454220152432
114691,127 W. TIVERTON WAY,Match,"127 W TIVERTON WAY, LEXINGTON, KY, 40503",37.981152821875,-84.53132802812
114695,3348 DOWNING PL.,Match,"3348 DOWNING PL, LEXINGTON, KY, 40517",37.981111417601,-84.504371924435
117721,1640 SUMMERHILL DR,Match,"1640 SUMMERHILL DR, LEXINGTON, KY, 40515",37.969722018846,-84.46258611332
113122,179 WINSTONE AVE,Match,"179 WINSTON AVE, LEXINGTON, KY, 40505",38.070139120723,-84.456167647186
113120,224 ELLIS PK,Match,"224 ELLIS PARK, LEXINGTON, KY, 40516",38.071841798213,-84.449289248032
117709,3120 PIMLICO PKWY,Match,"3120 PIMLICO PKWY, LEXINGTON, KY, 40517",37.986437602225,-84.46117919731
101380,153 CARLISLE AVE,Match,"153 CARLISLE AVE, LEXINGTON, KY, 40505",38.060026930174,-84.474887834306
113108,3376 EMERSON WOODS,Match,"3376 EMERSON WOODS WAY, LEXINGTON, KY, 40517",37.981479216521,-84.502269769235
103560,812 EUCLID AVE,Match,"812 EUCLID AVE, LEXINGTON, KY, 40502",38.030091513591,-84.491188334678
111168,3840 FOREST GREEN DR,Match,"3840 FOREST GREEN DR, LEXINGTON, KY, 40517",37.968913094029,-84.504271998608
111169,1281 VILLAGE DR,Match,"1281 VILLAGE DR, LEXINGTON, KY, 40504",38.050743817082,-84.550575823049
104650,63 IMPERIAL AVE,Match,"63 IMPERIAL AVE, LEXINGTON, KY, 40511",38.072300572388,-84.499358799526
103563,1650 BRYAN STATION RD,Match,"1650 BRYAN STATION RD, LEXINGTON, KY, 40505",38.060545619244,-84.46321099488
114437,573 ELM TREE LANE,Match,"573 ELM TREE LN, LEXINGTON, KY, 40508",38.050572976099,-84.483155741212
115527,1916 PAVILLION WAY,Match,"1916 PAVILION WAY, LEXINGTON, KY, 40509",38.021202372991,-84.417759027171
113112,476 ROSE ST,Match,"476 ROSE ST, LEXINGTON, KY, 40508",38.035940482458,-84.502333558723
107910,162 N. HANOVER AVE,Match,"162 N HANOVER AVE, LEXINGTON, KY, 40502",38.036104215704,-84.48045006445
105554,2520 NICHOLASVILLE RD,Match,"2520 NICHOLASVILLE RD, LEXINGTON, KY, 40503",37.999616237619,-84.520569354664
102046,618 PINE RIDGE RD,Match,"618 PINE ST, LEXINGTON, KY, 40508",38.047388825514,-84.507748478619
107972,2208 CHYLEEN DR.,Match,"2208 CHYLEEN DR, LEXINGTON, KY, 40505",38.08507372749,-84.459600195436
114268,2325 WOODHILL DR,Match,"2325 WOODHILL DR, LEXINGTON, KY, 40509",38.017628728731,-84.455657235058
118624,107 W SHORT ST,Match,"107 W SHORT ST, LEXINGTON, KY, 40507",38.047069799928,-84.496349410075
118633,1224 MANCHESTER ST,Match,"1224 MANCHESTER ST, LEXINGTON, KY, 40504",38.056829809811,-84.519962952302
116695,125 CODELL RD.,Match,"125 CODELL DR, LEXINGTON, KY, 40509",38.01227529482,-84.452317836305
114277,2050 VERSAILLES RD,Match,"2050 VERSAILLES RD, LEXINGTON, KY, 40504",38.04755635786,-84.54215829836
114036,200 LIVERPOOL,Match,"200 LIVERPOOL RD, LEXINGTON, KY, 40504",38.055940118311,-84.547380364345
102036,1060 CHINOE RD,Match,"1060 CHINOE RD, LEXINGTON, KY, 40502",37.997769521367,-84.48071491237
106635,1170 MANCHESTER ST,Match,"1170 MANCHESTER ST, LEXINGTON, KY, 40508",38.055061393962,-84.515217882983
103381,2700 MAN O WAR BLVD,Match,"2700 MAN O WAR BLVD, LEXINGTON, KY, 40515",37.976037220129,-84.529968565852
102056,135 W MAIN STREET,Match,"135 W MAIN ST, LEXINGTON, KY, 40507",38.046669913584,-84.497269125243
115588,1511 RUSSELL CAVE RD.,Match,"1511 RUSSELL CAVE RD, LEXINGTON, KY, 40505",38.071357082411,-84.476418958314
116677,630 E. MAIN ST.,Match,"630 E MAIN ST, LEXINGTON, KY, 40508",38.036890823751,-84.486426452405
117527,109 WEST 6TH ST,Match,"109 W 6TH ST, LEXINGTON, KY, 40508",38.054279831268,-84.486704583664
118855,1230 EASTLAND DR,Match,"1230 EASTLAND DR, LEXINGTON, KY, 40505",38.045778409913,-84.457822232858
114262,405 PENNSYLVANIA CT,Match,"405 PENNSYLVANIA CT, LEXINGTON, KY, 40508",38.034883222517,-84.500316887462
117771,1388 ALEXANDRIA DR,Match,"1388 ALEXANDRIA DR, LEXINGTON, KY, 40504",38.049258072265,-84.552217236359
117531,719 ALLENDALE DR.,Match,"719 ALLENDALE DR, LEXINGTON, KY, 40503",38.027645724187,-84.534606860546
118863,2895 RICHMOND ROAD,Match,"2895 RICHMOND SRD, LEXINGTON, KY, 40509",38.006385452582,-84.449825581799
104469,2000 WINCHESTER RD,Match,"2000 WINCHESTER RD, LEXINGTON, KY, 40505",38.041112401868,-84.437435583821
107736,405 BRECKINRIDGE ST,Match,"405 BRECKENRIDGE ST, LEXINGTON, KY, 40508",38.05011615883,-84.479915005329
105798,2536 LARKIN RD,Match,"2536 LARKIN RD, LEXINGTON, KY, 40503",37.999683414232,-84.516832287996
107735,2020 ARMSTRONG MILL RD,Match,"2020 ARMSTRONG MILL RD, LEXINGTON, KY, 40515",37.969905781952,-84.472184821452
109912,107 W. SHORT ST,Match,"107 W SHORT ST, LEXINGTON, KY, 40507",38.047069799928,-84.496349410075
103595,139 ALAMO DR,Match,"139 ALAMO DR, GEORGETOWN, KY, 40324",38.157665496002,-84.540051311217
103594,601 NORTH LIMESTONE,Match,"601 N LIMESTONE ST, LEXINGTON, KY, 40508",38.053963579322,-84.486377984416
106621,635 MAXWELTON CT,Match,"635 MAXWELTON CT, LEXINGTON, KY, 40508",38.036481780298,-84.509231642646
106620,760 PRESS AVE,Match,"760 PRESS AVE, LEXINGTON, KY, 40536",38.034841680038,-84.511479139046
118846,1729 COSTIGAN DRIVE,Match,"1729 COSTIGAN DR, LEXINGTON, KY, 40511",38.090728475912,-84.480778156063
118602,3100 TATES CREEK RD,Match,"3100 TATES CREEK RD, LEXINGTON, KY, 40502",38.005099933697,-84.495734112419
116429,428 SOUTHLAND DR.,Match,"428 SOUTHLAND DR, LEXINGTON, KY, 40503",38.018889195276,-84.527412852303
112077,825 NATIONAL AVE,Match,"825 NATIONAL AVE, LEXINGTON, KY, 40502",38.039294548406,-84.47707166237
103108,2800 WINCHESTER RD,Match,"2800 WINCHESTER RD, LEXINGTON, KY, 40509",38.039184880581,-84.408518461078
105780,2850 RICHMOND RD,Match,"2850 RICHMOND SRD, LEXINGTON, KY, 40509",38.007184534146,-84.452765149048
103122,1305 FINCASTLE RD,Match,"1305 FINCASTLE RD, LEXINGTON, KY, 40502",38.02880763396,-84.481795694754
102274,2305 SIR BARTON WAY,Match,"2305 SIR BARTON WAY, LEXINGTON, KY, 40509",38.024795670197,-84.423233966762
102276,115 W MAIN STREET,Match,"115 W MAIN ST, LEXINGTON, KY, 40507",38.046544988092,-84.49713031917
113146,1591 WINCHESTER RD.,Match,"1591 WINCHESTER RD, LEXINGTON, KY, 40505",38.042752109041,-84.450348592279
116655,115 E. NEW CIRCLE RD.,Match,"115 E NEW CIRCLE RD, LEXINGTON, KY, 40505",38.064899067255,-84.469522100513
116657,1321 ALEXANDRIA DR.,Match,"1321 ALEXANDRIA DR, LEXINGTON, KY, 40504",38.050580362972,-84.552516338986
115571,3130 CUSTER DR.,Match,"3130 CUSTER DR, LEXINGTON, KY, 40517",37.988914430144,-84.459132401179
117750,1045 A3 GEORGETOWN RD,Match,"1045 GEORGETOWN RD, LEXINGTON, KY, 40511",38.076918777892,-84.506936290489
114000,1382 BULL LEA RD,Match,"1382 BULL LEA RD, LEXINGTON, KY, 40511",38.084815696304,-84.497667919465
118843,1084 WHIPPLE CT,Match,"1084 WHIPPLE CT, LEXINGTON, KY, 40511",38.080715241553,-84.503167182362
118841,467 ERIE RD,Match,"467 ERIE RD, LEXINGTON, KY, 40511",38.072937104374,-84.512691802795
113396,134 JESSELIN DR.,Match,"134 JESSELIN DR, LEXINGTON, KY, 40503",38.010359061535,-84.514083175576
104142,155 N. LIMESTONE,Match,"155 N LIMESTONE ST, LEXINGTON, KY, 40507",38.047376539871,-84.495731643383
116127,223 ROSEMONT GARDEN,Match,"223 ROSEMONT GARDEN, LEXINGTON, KY, 40503",38.019505530168,-84.522136133925
110824,1912 SPRING ST DR,Match,"1912 SPRING STATION DR, LEXINGTON, KY, 40505",38.067302231888,-84.450757746076
103291,704 PASADENA DR,Match,"704 PASADENA DR, LEXINGTON, KY, 40503",38.014539035961,-84.545098698099
116131,428 SOUTHLAND,Match,"428 SOUTHLAND DR, LEXINGTON, KY, 40503",38.018889195276,-84.527412852303
115287,867 S. BROADWAY,Match,"867 S BROADWAY RD, LEXINGTON, KY, 40504",38.039814789729,-84.513786405666
115289,3094 RICHMOND RD,Match,"3094 RICHMOND RD, LEXINGTON, KY, 40509",38.003166194451,-84.448208813751
117467,225 PREAKNESS DR.,Match,"225 PREAKNESS DR, LEXINGTON, KY, 40516",38.074354043644,-84.446618259044
106315,161 LEXINGTON GREEN CIRCLE,Match,"161 LEXINGTON GREEN CIR, LEXINGTON, KY, 40503",37.992954800994,-84.523973904593
109842,607 N. LIMESTONE,Match,"607 N LIMESTONE ST, LEXINGTON, KY, 40508",38.054058983902,-84.486241749908
105482,724 NATIONAL AVENUE,Match,"724 NATIONAL AVE, LEXINGTON, KY, 40502",38.040724071669,-84.479556659076
109602,150 W. MAIN ST,Match,"150 W MAIN ST, LEXINGTON, KY, 40507",38.046931009644,-84.497748846659
106336,903 CHRIS DRIVE,Match,"903 CHRIS DR, NICHOLASVILLE, KY, 40356",37.926589548772,-84.478831963112
104158,160 AVE OF CHAMPIONS,Match,"160 AVE OF CHAMPIONS, LEXINGTON, KY, 40526",38.040688491462,-84.503039463729
109840,506 W. NEW CIRCLE RD,Match,"506 W NEW CIRCLE RD, LEXINGTON, KY, 40511",38.07201939257,-84.479947810151
111906,325 COLUMBIA TERRACE,Match,"325 COLUMBIA TER, LEXINGTON, KY, 40508",38.034884402637,-84.501349173757
111905,344 S MARTIN LUTHER KING BLVD,Match,"344 S MARTIN LUTHER KING BLVD, LEXINGTON, KY, 40508",38.040606469466,-84.501703732
117692,816 EUCLID AVENUE,Match,"816 EUCLID AVE, LEXINGTON, KY, 40502",38.030051068317,-84.491143472976
117215,161 N. LIMESTONE,Match,"161 N LIMESTONE ST, LEXINGTON, KY, 40507",38.047492459595,-84.495560264852
117214,2284 VERSAILLES RD.,Match,"2284 VERSAILLES RD, LEXINGTON, KY, 40504",38.046692697717,-84.551742900343
117679,4300 WINCHESTER ROAD,Match,"4300 WINCHESTER RD, LEXINGTON, KY, 40509",38.029621888315,-84.35627362724
118771,3076 MAJESTIC VIEW WALK,Match,"3076 MAJESTIC VIEW WALK, LEXINGTON, KY, 40511",38.104886055687,-84.538647053142
116599,1951 N. BROADWAY,Match,"1951 N BROADWAY RD, LEXINGTON, KY, 40505",38.075075736074,-84.457766286583
106779,866 MALABU,Match,"866 MALABU DR, LEXINGTON, KY, 40502",37.992121431813,-84.496542163781
104115,105 N MILL ST,Match,"105 N MILL ST, LEXINGTON, KY, 40507",38.048215716998,-84.498887432701
104358,1801 ALEXANDRIA DR,Match,"1801 ALEXANDRIA DR, LEXINGTON, KY, 40504",38.036272089506,-84.551366449014
117680,260 CROSSFIELD DR.,Match,"260 CROSSFIELD DR, VERSAILLES, KY, 40383",38.057410090166,-84.712284145394
105461,695 VINCENT WAY,Match,"695 VINCENT WAY, LEXINGTON, KY, 40503",37.998684892094,-84.5469746734
115007,3805 BROOKDALE CIR.,Match,"3805 BROOKDALE CIR, LEXINGTON, KY, 40514",37.97341943213,-84.550663627982
118524,100 W LOUDON AVE,Match,"100 W LOUDON AVE, LEXINGTON, KY, 40508",38.057288921121,-84.481644768781
117435,3801 MALL RD,Match,"3801 MALL RD, LEXINGTON, KY, 40503",37.985253300986,-84.530712605953
112806,582 OLD FRANKFORT PIKE,Match,"582 OLD FRANKFORT PIKE, MIDWAY, KY, 40347",38.130607402623,-84.720730093088
104180,987 WINCHESTER RD,Match,"987 WINCHESTER RD, LEXINGTON, KY, 40505",38.041985851814,-84.467987525442
117264,109 CONSTITUTION,Match,"109 CONSTITUTION ST, LEXINGTON, KY, 40507",38.048596391942,-84.493452604273
115088,962 DELAWARE AVE.,Match,"962 DELAWARE AVE, LEXINGTON, KY, 40505",38.03965770687,-84.47215289431
117265,410 GEORGETOWN RD,Match,"410 GEORGETOWN RD, LEXINGTON, KY, 40508",38.061333997144,-84.501467215466
119200,1510 NEWTOWN PIKE,Match,"1510 NEWTOWN PIKE, LEXINGTON, KY, 40511",38.087028286874,-84.489634954236
100817,158 E NEW CIRCLE RD,Match,"158 E NEW CIRCLE RD, LEXINGTON, KY, 40505",38.063654503918,-84.468623125494
117269,730 NATIONAL AVE,Match,"730 NATIONAL AVE, LEXINGTON, KY, 40502",38.040647137724,-84.479419004567
118115,975 E NEW CIRCLE,Match,"975 E NEW CIRCLE RD, LEXINGTON, KY, 40505",38.03873615736,-84.4542852638
108537,451 HARBISON RD,Match,"451 HARBISON RD, LEXINGTON, KY, 40511",38.077987025011,-84.524736057236
108538,1312 RUSSELL CAVE,Match,"1312 RUSSELL CAVE RD, LEXINGTON, KY, 40505",38.069474532188,-84.47902549697
115082,3180 RICHMOND ROAD,Match,"3180 RICHMOND RD, LEXINGTON, KY, 40509",38.001432465282,-84.446394549313
118351,2450 POLO CLUB BLVD,Match,"2450 POLO CLUB BLVD, LEXINGTON, KY, 40509",38.029194852788,-84.411272892319
108539,740 W. NEW CIRCLE,Match,"740 W NEW CIRCLE RD, LEXINGTON, KY, 40511",38.073357419009,-84.487867818728
115083,2409 ELDERBERRY CT 2,Match,"2409 ELDERBERRY CT, LEXINGTON, KY, 40509",38.019713682096,-84.452384870977
109402,1412 HIGH LAWN AVE,Match,"1412 HIGHLAWN AVE, LEXINGTON, KY, 40505",38.060567132194,-84.47048369867
106375,4037 SWEETSPIRE DR,Match,"4037 SWEETSPIRE DR, LEXINGTON, KY, 40514",37.96794641999,-84.546202901112
106132,2211 ELKHORN RD,Match,"2211 ELKHORN RD, LEXINGTON, KY, 40505",38.045164158536,-84.42296391944
109646,949 ST. MARTINS AVE,Match,"949 ST MARTINS AVE, LEXINGTON, KY, 40511",38.071054128898,-84.513491965435
109400,312 HERMITAGE DR,Match,"312 HERMITAGE DR, LEXINGTON, KY, 40505",38.067387698273,-84.451835004577
106377,1066 E NEW CIRCLE RD,Match,"1066 E NEW CIRCLE RD, LEXINGTON, KY, 40505",38.036590228398,-84.45442258778
117255,2396 WOODHILL DR.,Match,"2396 WOODHILL DR, LEXINGTON, KY, 40509",38.017038221186,-84.453623430216
117017,2540 TREELINE WAY,Match,"2540 TREELINE WAY, LEXINGTON, KY, 40509",38.021355917614,-84.440834402889
106129,1904 WILLIAMSBURG RD,Match,"1904 WILLIAMSBURG RD, LEXINGTON, KY, 40504",38.035969083852,-84.561951600095
103074,185 PASADENA DRIVE,Match,"185 PASADENA DR, LEXINGTON, KY, 40503",38.004560893918,-84.522340070843
106582,922 DETROIT AVE,Match,"922 DETROIT AVE, LEXINGTON, KY, 40505",38.04117400934,-84.471186301457
106104,1063 E NEW CIRCLE RD,Match,"1063 E NEW CIRCLE RD, LEXINGTON, KY, 40505",38.036332358536,-84.454060331923
116149,1248 HIALEIAH CT.,Match,"1248 HIALEIAH CT, LEXINGTON, KY, 40517",37.977496274282,-84.481930639153
118573,941 MANCHESTER STREET,Match,"941 MANCHESTER ST, LEXINGTON, KY, 40508",38.052976085455,-84.509843806718
116158,243 WALTON AVE,Match,"243 WALTON AVE, LEXINGTON, KY, 40502",38.040456352042,-84.480868692084
109608,1745 SHARKEY WAY,Match,"1745 SHARKEY WAY, LEXINGTON, KY, 40511",38.068067241678,-84.529414176332
109604,121 W. VINE ST,Match,"121 W VINE ST, LEXINGTON, KY, 40507",38.045954763654,-84.498120320402
117480,2416 ROCKAWAY PL.,Match,"2416 ROCKAWAY PL, LEXINGTON, KY, 40511",38.098643431925,-84.53376480394
117240,531 SOUTHLAND DR,Match,"531 SOUTHBEND DR, LEXINGTON, KY, 40503",38.025617428405,-84.529411809866
108534,1111 CENTRE PARKWAY,Match,"1111 CENTRE PKWY, LEXINGTON, KY, 40517",37.983621219364,-84.484517919726
110832,1192 DEVONPORT CIRCLE,Match,"1192 DEVONPORT CIR, LEXINGTON, KY, 40504",38.054035063289,-84.555437987969
108536,601 CHESTNUT OAK WAY,Match,"601 CHESTNUT OAK WAY, LEXINGTON, KY, 40508",38.064687159538,-84.500512022234
111927,380 W. MAIN STREET,Match,"380 W MAIN ST, LEXINGTON, KY, 40507",38.048715528172,-84.499719866418
117235,503 S UPPER,Match,"503 S UPPER ST, LEXINGTON, KY, 40508",38.043454560051,-84.503407516922
117234,1584 LEESTOWN RD,Match,"1584 LEESTOWN RD, LEXINGTON, KY, 40511",38.0668729086,-84.525316553892
117471,307 WEST SHORT STREET,Match,"307 W SHORT ST, LEXINGTON, KY, 40507",38.048744036624,-84.498232913422
115293,3195 BEAUMONT CENTRE CIR.,Match,"3195 BEAUMONT CENTRE CIR, LEXINGTON, KY, 40513",38.019458485854,-84.559844788332
111519,1249 E. NEW CIRCLE RD.,Match,"1249 E NEW CIRCLE RD, LEXINGTON, KY, 40505",38.03097315865,-84.45251249397
119003,2637 ROLLING RIDGE,Match,"2637 ROLLING RIDGE, LEXINGTON, KY, 40511",38.078322918027,-84.552914893083
118154,2860 RICHMOND ROAD,Match,"2860 RICHMOND SRD, LEXINGTON, KY, 40509",38.007055368938,-84.45262189312
119243,4371 OLD HARRODSBURG ROAD,Match,"4371 OLD HARRODSBURG RD, LEXINGTON, KY, 40513",37.996305876542,-84.58463320306
117067,496 EAST HIGH STREET,Match,"496 E HIGH ST, LEXINGTON, KY, 40507",38.036860189828,-84.492973349258
118397,475 PASEDENA DR,Match,"475 PASADENA DR, LEXINGTON, KY, 40503",38.009788131258,-84.533686455747
111502,1445 NEWTOWN CENTER WAY,Match,"1445 NEWTOWN CENTER WAY, LEXINGTON, KY, 40511",38.083998823234,-84.489083718088
109206,859 PINKNEY DR,Match,"859 PINKNEY DR, LEXINGTON, KY, 40504",38.043422462242,-84.532441977712
110895,301 S. BROADWAY,Match,"301 S BROADWAY RD, LEXINGTON, KY, 40508",38.046851685367,-84.502957496959
111743,101 W. LOUDON,Match,"101 W LOUDON AVE, LEXINGTON, KY, 40508",38.057365606284,-84.481536626574
111500,377 E. MAIN STREET,Match,"377 E MAIN ST, LEXINGTON, KY, 40507",38.041885519274,-84.491867838627
111742,1845 GEORGETOWN RD,Match,"1845 GEORGETOWN RD, LEXINGTON, KY, 40511",38.086886933328,-84.511129703512
110893,1030 S. BROADWAY,Match,"1030 S BROADWAY RD, LEXINGTON, KY, 40504",38.03808243971,-84.516279575827
110892,1916 JUSTICE DR,Match,"1916 JUSTICE DR, LEXINGTON, KY, 40509",38.017140329963,-84.412723162678
110899,310 S. BROADWAY,Match,"310 S BROADWAY RD, LEXINGTON, KY, 40508",38.047446606024,-84.501904203856
102804,1144 WINBURN DR,Match,"1144 WINBURN DR, LEXINGTON, KY, 40511",38.0892128177,-84.474887261569
117055,1850 MERCER RD.,Match,"1850 MERCER RD, LEXINGTON, KY, 40511",38.078098749415,-84.532457655128
117057,319 DUKE RD,Match,"319 DUKE RD, LEXINGTON, KY, 40502",38.021117777388,-84.487307756172
118147,525 WALLER AVENUE,Match,"525 WALLER AVE, LEXINGTON, KY, 40504",38.032904458112,-84.52261155157
107476,2192 ICEHOUSE WAY,Match,"2192 ICE HOUSE WAY, LEXINGTON, KY, 40509",38.014079901611,-84.399413265372
111976,1747 ALEXANDRIA DR,Match,"1747 ALEXANDRIA DR, LEXINGTON, KY, 40504",38.039393449322,-84.552580424943
110887,361 N. BROADWAY,Match,"361 N BROADWAY RD, LEXINGTON, KY, 40508",38.052529879544,-84.49489272939
106384,215 W MAIN ST,Match,"215 W MAIN ST, LEXINGTON, KY, 40507",38.047430489412,-84.498097783229
108320,108 COCHRAN RD,Match,"108 COCHRAN RD, LEXINGTON, KY, 40502",38.027407038485,-84.490203492147
113918,543 S. LIMESTONE,Match,"543 S LIMESTONE ST, LEXINGTON, KY, 40508",38.039105445096,-84.506804500916
108322,1946 HARRODSBURG RD,Match,"1946 HARRODSBURG RD, LEXINGTON, KY, 40503",38.027351437332,-84.533319627287
110648,1214 S. BROADWAY,Match,"1214 S BROADWAY RD, LEXINGTON, KY, 40504",38.035775407897,-84.519856154829
110888,610 E. HIGH ST.,Match,"610 E HIGH ST, LEXINGTON, KY, 40502",38.033821061141,-84.491472413146
110889,2041 CARIANDER LANE,Match,"2041 CORIANDER LN, LEXINGTON, KY, 40505",38.048667066143,-84.428715129843
101924,962 DELAWARE AVE,Match,"962 DELAWARE AVE, LEXINGTON, KY, 40505",38.03965770687,-84.47215289431
119228,413 W. NEW CIRCLE ROAD,Match,"413 W NEW CIRCLE RD, LEXINGTON, KY, 40511",38.071046318221,-84.476898517746
118136,165 AVENUE OF CHAMPIONS,Match,"165 AVE OF CHAMPIONS, LEXINGTON, KY, 40506",38.040712098008,-84.502874205757
109424,3395 NICHOLASVILLE RD,Match,"3395 NICHOLASVILLE RD, LEXINGTON, KY, 40503",37.988560094097,-84.525114246965
109425,1508 CONTINENTAL SQ DR,Match,"1508 CONTINENTAL SQ, LEXINGTON, KY, 40505",38.046961628423,-84.451309203592
105069,4089 IORN WORKS PKWY,Match,"4089 IRON WORKS PKWY, LEXINGTON, KY, 40511",38.147731380711,-84.520583688077
118364,1106 WINCHESTER RD.,Match,"1106 WINCHESTER RD, LEXINGTON, KY, 40505",38.042073194427,-84.465705709131
100849,1065 NEWTOWN PIKE,Match,"1065 NEWTOWN PIKE, LEXINGTON, KY, 40511",38.077842655908,-84.493977403151
117278,125 E NEW CIRCLE,Match,"125 E NEW CIRCLE RD, LEXINGTON, KY, 40505",38.064615881054,-84.46922852222
116182,233 FAIRGROUNDS DR,Match,"233 FAIRGROUNDS DR, LEXINGTON, KY, 40516",38.071506168944,-84.450119929003
115094,4222 SARON DR.,Match,"4222 SARON DR, LEXINGTON, KY, 40515",37.967429499018,-84.502187545058
117031,915 BYARS AVE.,Match,"915 BYARS AVE, LEXINGTON, KY, 40505",38.043895054277,-84.469686898525
117272,4171 TATES CREEK CENTER DR,Match,"4171 TATES CREEK CENTRE DR, LEXINGTON, KY, 40517",37.968710217199,-84.501427140004
107058,1924 DEAUVILLE DR,Match,"1924 DEAUVILLE DR, LEXINGTON, KY, 40504",38.050857089602,-84.543500646403
107056,2656 ABIGAIL WAY,Match,"2656 ABIGAIL WAY, LEXINGTON, KY, 40511",38.082715440243,-84.546830935848
114829,501 WALLER AVE.,Match,"501 WALLER AVE, LEXINGTON, KY, 40504",38.032677855121,-84.52234298512
112882,1864 OXFORD CIRCLE,Match,"1864 OXFORD CIR, LEXINGTON, KY, 40504",38.049726695856,-84.540206593664
113974,4371 OLD HARRODSBURG RD,Match,"4371 OLD HARRODSBURG RD, LEXINGTON, KY, 40513",37.996305876542,-84.58463320306
107053,745 KINGSTON RD,Match,"745 KINGSTON RD, LEXINGTON, KY, 40505",38.092126627035,-84.454837889073
107295,1040 CROSS KEYS,Match,"1040 CROSS KEYS RD, LEXINGTON, KY, 40504",38.039361177396,-84.549045561683
107294,1204 KIDDS MILL RD,Match,"1204 KIDDS MILL RD, VERSAILLES, KY, 40383",37.953662390195,-84.690039846236
102837,2548 LANGSTANE LN,Match,"2548 LANGSTANE LN, LEXINGTON, KY, 40511",38.105106227843,-84.509022561479
102839,1916 JUSTICE DRIVE,Match,"1916 JUSTICE DR, LEXINGTON, KY, 40509",38.017140329963,-84.412723162678
119282,815 EUCLID AVE,Match,"815 EUCLID AVE, LEXINGTON, KY, 40502",38.030146686001,-84.491056349494
101985,175 E. LOUDON AVE,Match,"175 E LOUDON AVE, LEXINGTON, KY, 40505",38.055688444181,-84.47954156265
115906,5532 ATHENS BOONSBORO RD,Match,"5532 ATHENS BOONESBORO RD, LEXINGTON, KY, 40509",37.961607174089,-84.38691885839
108397,245 LEXINGTON GREEN CIR,Match,"245 LEXINGTON GREEN CIR, LEXINGTON, KY, 40503",37.994162993177,-84.526453215042
111543,430 W VINE ST,Match,"430 W VINE ST, LEXINGTON, KY, 40507",38.049432604464,-84.500968150647
111541,1750 PLEASANT RIDGE DRIVE,Match,"1750 PLEASANT RIDGE DR, LEXINGTON, KY, 40509",38.01682076794,-84.411484636271
112639,607 MORGANHILLS DRIVE,Match,"607 MORGAN HILLS DR, LEXINGTON, KY, 40509",38.02176364628,-84.443997514945
108392,110 E MAIN ST,Match,"110 E MAIN ST, LEXINGTON, KY, 40507",38.046167847525,-84.496905837796
114814,3801 MALL RD.,Match,"3801 MALL RD, LEXINGTON, KY, 40503",37.985253300986,-84.530712605953
119034,2644 RICHMOND ROAD,Match,"2644 RICHMOND RD, LEXINGTON, KY, 40509",38.010191166654,-84.455851750803
101519,2710 MAN O WAR BLVD,Match,"2710 MAN O WAR BLVD, LEXINGTON, KY, 40515",37.975775969336,-84.529280755744
117093,2270 NICHOLASVILLE RD,Match,"2270 NICHOLASVILLE RD, LEXINGTON, KY, 40503",38.006877728857,-84.518039136277
118180,207 LEGENDS LANE,Match,"207 LEGENDS LN, LEXINGTON, KY, 40505",38.064057019028,-84.478400964329
119274,1401 N. FORBES ROAD,Match,"1401 N FORBES RD, LEXINGTON, KY, 40511",38.064369361235,-84.519693595443
119275,841 LANE ALLEN ROAD,Match,"841 LANE ALLEN RD, LEXINGTON, KY, 40504",38.028498105633,-84.537760637891
101514,3070 LAKECREST CIRCLE,Match,"3070 LAKECREST CIR, LEXINGTON, KY, 40513",38.017008723007,-84.554645519714
102603,1081 E NEW CIRCLE RD,Match,"1081 E NEW CIRCLE RD, LEXINGTON, KY, 40505",38.035636481558,-84.453911654792
113714,3500 ARBOR DR,Match,"3500 ARBOR DR, LEXINGTON, KY, 40517",37.96966262762,-84.475608766308
106188,808 N LIMESTONE,Match,"808 N LIMESTONE ST, LEXINGTON, KY, 40505",38.057588288167,-84.481010318717
113713,1169 WINBURN DR,Match,"1169 WINBURN DR, LEXINGTON, KY, 40511",38.08907425602,-84.47431193105
110686,390 NOTTINGHAM RD,Match,"390 NOTTINGHAM RD, LEXINGTON, KY, 40517",37.981573408708,-84.509463593754
113712,1156 HORSEMAN'S LANE,Match,"1156 HORSEMANS LN, LEXINGTON, KY, 40504",38.042692199824,-84.526926945565
107275,1230 ALEXANDRIA DR,Match,"1230 ALEXANDRIA DR, LEXINGTON, KY, 40504",38.053652712973,-84.552701495505
113711,300 N. BROADWAY,Match,"300 S BROADWAY RD, LEXINGTON, KY, 40508",38.047618767492,-84.501662211584
110684,2628 RICHMOND RD,Match,"2628 RICHMOND RD, LEXINGTON, KY, 40509",38.010492152728,-84.456196252863
110682,160 W. MAIN ST,Match,"160 W MAIN ST, LEXINGTON, KY, 40507",38.046961828183,-84.497781999929
109691,400 W. MAIN ST,Match,"400 W MAIN ST, LEXINGTON, KY, 40507",38.048937846458,-84.49996868416
109694,104 W. SIXTH ST,Match,"104 W 6TH ST, LEXINGTON, KY, 40508",38.054017145418,-84.486618642931
113955,2531 BALLARD RD.,Match,"2531 BALLARD RD, LANCASTER, KY, 40444",37.742064988341,-84.666431694305
109690,1313 N. LIMESTONE,Match,"1313 N LIMESTONE ST, LEXINGTON, KY, 40505",38.062008206054,-84.474901216593
113715,520 TONER ST,Match,"520 TONER ST, LEXINGTON, KY, 40508",38.054413775828,-84.489701480131
119269,3390 SPANGLER DRIVE,Match,"3390 SPANGLER DR, LEXINGTON, KY, 40517",37.980656339444,-84.505602013223
112870,123 E. SIXTH ST,Match,"123 E 6TH ST, LEXINGTON, KY, 40508",38.053074671547,-84.485390631869
117083,551 HASKINS DR,Match,"551 HASKINS DR, LEXINGTON, KY, 40508",38.067253812347,-84.499619411436
111525,101 W LOUDON AVE,Match,"101 W LOUDON AVE, LEXINGTON, KY, 40508",38.057365606284,-84.481536626574
111767,2911 E. LEESTOWN RD.,Match,"2911 LEESTOWN RD, LEXINGTON, KY, 40511",38.086778267352,-84.553916467166
110431,249 W. SHORT ST.,Match,"249 W SHORT ST, LEXINGTON, KY, 40507",38.048295436073,-84.497732935877
110432,465 PRICE ROAD,Match,"465 PRICE RD, LEXINGTON, KY, 40508",38.069568503817,-84.506452937475
110439,3334 CLAYS MILL RD,Match,"3334 CLAYS MILL RD, LEXINGTON, KY, 40503",37.996863197986,-84.548270113657
112617,636 NORTH SIDE DR,Match,"636 NORTHSIDE DR, LEXINGTON, KY, 40505",38.058788599793,-84.44588240211
110681,212 SOUTHLAND DR,Match,"212 SOUTHLAND DR, LEXINGTON, KY, 40503",38.012966339157,-84.520454354875
101972,4251 SARON DR,Match,"4251 SARON DR, LEXINGTON, KY, 40515",37.965459679697,-84.501589702547
101732,125 TOWNE CENTER DR,Match,"125 TOWNE CENTER DR, LEXINGTON, KY, 40511",38.066862325855,-84.530858473218
117072,2185 BAHAMA RD.,Match,"2185 BAHAMA RD, LEXINGTON, KY, 40509",38.027119695195,-84.384652213481
42004,3900 CROSBY DR,Match,"3900 CROSBY DR, LEXINGTON, KY, 40515",37.967215577942,-84.48886325557
42242,3450 TODDS RD,Match,"3450 TODDS RD, LEXINGTON, KY, 40509",38.00293916993,-84.414561899389
42485,575 WOODLAND AVENUE,Match,"575 WOODLAND AVE, LEXINGTON, KY, 40508",38.032769014995,-84.498597969299
120192,1677 KONNER WOODS DRIVE,Match,"1677 KONNER WOODS DR, LEXINGTON, KY, 40511",38.085412542424,-84.512507485403
52291,4191 TATES CREEK CENTRE DRIVE,Match,"4191 TATES CREEK CENTRE DR, LEXINGTON, KY, 40517",37.968594061533,-84.502559612336
31597,1836 CLAYS MILL ROAD,Match,"1836 CLAYS MILL RD, LEXINGTON, KY, 40503",38.02643979442,-84.530764127562
32445,800 ROSE STREET,Match,"800 ROSE ST, LEXINGTON, KY, 40536",38.032831817334,-84.506721276415
32204,344 ROMANY RD,Match,"344 ROMANY RD, LEXINGTON, KY, 40502",38.019667968554,-84.48604997405
32446,343 S MARTIN LUTHER KING BLVD,Match,"343 S MARTIN LUTHER KING BLVD, LEXINGTON, KY, 40506",38.040709135685,-84.501774932742
31599,201 E MAIN ST 15TH FL,Match,"201 E MAIN ST, LEXINGTON, KY, 40507",38.045031928439,-84.495456720533
32201,1214 SOUTH BROADWAY,Match,"1214 S BROADWAY RD, LEXINGTON, KY, 40504",38.035775407897,-84.519856154829
32443,500 ROSE ST,Match,"500 ROSE ST, LEXINGTON, KY, 40508",38.035630802241,-84.502774471733
31114,4300 WINCHESTER RD,Match,"4300 WINCHESTER RD, LEXINGTON, KY, 40509",38.029621888315,-84.35627362724
36806,2600 NICHOLASVILLE RD,Match,"2600 NICHOLASVILLE RD, LEXINGTON, KY, 40503",37.999009450468,-84.520788372536
31350,1608 VERSAILLES RD,Match,"1608 VERSAILLES RD, LEXINGTON, KY, 40504",38.048717938747,-84.532985617237
31592,102 W VINE ST,Match,"102 W VINE ST, LEXINGTON, KY, 40507",38.045749101862,-84.498089015563
32442,333 S. LIMESTONE,Match,"333 S LIMESTONE ST, LEXINGTON, KY, 40508",38.042722718834,-84.502290854928
32440,3101 CLAYS MILL RD.,Match,"3101 CLAYS MILL RD, LEXINGTON, KY, 40503",38.003933324905,-84.544211718628
54476,1026 S BROADWAY,Match,"1026 S BROADWAY RD, LEXINGTON, KY, 40504",38.038152013646,-84.516168977259
32207,130 WINSLOW STREET,Match,"130 WINSLOW ST, LEXINGTON, KY, 40508",38.042058056091,-84.50453434101
35716,753 E 7TH ST,Match,"753 E 7TH ST, LEXINGTON, KY, 40505",38.045576048554,-84.471945680453
33537,3299 RUSSELL CAVE RD.,Match,"3299 RUSSELL CAVE RD, LEXINGTON, KY, 40511",38.11870007152,-84.446692775279
45989,233 EAST MAIN STREET,Match,"233 E MAIN ST, LEXINGTON, KY, 40507",38.044029062538,-84.494303311145
30497,928 N. LIMESTONE,Match,"928 N LIMESTONE ST, LEXINGTON, KY, 40505",38.059006053633,-84.478987207891
32434,1483 LEESTOWN RD,Match,"1483 LEESTOWN RD, LEXINGTON, KY, 40511",38.065387648617,-84.522953903434
31585,3030 RICHMOND ROAD,Match,"3030 RICHMOND RD, LEXINGTON, KY, 40509",38.004745046143,-84.449855720745
32432,2291 ELKHORN ROAD,Match,"2291 ELKHORN RD, LEXINGTON, KY, 40505",38.041871804117,-84.424236288962
32433,802 N BROADWAY ST,Match,"802 N BROADWAY RD, LEXINGTON, KY, 40508",38.059805328996,-84.484212079803
31582,2401 NICHOLASVILLE ROAD,Match,"2401 NICHOLASVILLE RD, LEXINGTON, KY, 40503",38.003416104628,-84.519566711997
32430,1040 GEORGETOWN RD,Match,"1040 GEORGETOWN RD, LEXINGTON, KY, 40511",38.076921306596,-84.506784003428
32431,2300 WOODHILL DRIVE,Match,"2300 WOODHILL DR, LEXINGTON, KY, 40509",38.017684054012,-84.456390942423
31583,1 QUALITY ST,Match,"1 QUALITY ST, LEXINGTON, KY, 40507",38.042943531407,-84.495119247922
32438,445 ASBURY LANE,Match,"445 ASBURY LN, LEXINGTON, KY, 40511",38.078036745125,-84.475968721056
32439,1675 STRADER DR,Match,"1675 STRADER DR, LEXINGTON, KY, 40505",38.03870763515,-84.45946484443
31107,2304 VERSAILLES RD,Match,"2304 VERSAILLES RD, LEXINGTON, KY, 40504",38.046629515135,-84.552528967099
44885,3630 BOSTON ROAD,Match,"3630 BOSTON RD, LEXINGTON, KY, 40514",37.981038513844,-84.550806393624
44641,1423 - A LEESTOWN ROAD,Match,"1423 LEESTOWN RD, LEXINGTON, KY, 40511",38.064167122679,-84.521223940954
41375,781 E NEW CIRCLE RD,Match,"781 E NEW CIRCLE RD, LEXINGTON, KY, 40505",38.047065405416,-84.453812476883
43559,1009 WELLINGTON WAY,Match,"1009 WELLINGTON WAY, LEXINGTON, KY, 40513",38.004928146373,-84.56918802087
32423,1301 CENTRE PKWY,Match,"1301 CENTRE PKWY, LEXINGTON, KY, 40517",37.979821764867,-84.477702849777
32424,3576 PIMLICO PARKWAY,Match,"3576 PIMLICO PKWY, LEXINGTON, KY, 40517",37.979838306736,-84.471967730466
32421,1400 GAINESWAY DRIVE,Match,"1400 GAINESWAY DR, LEXINGTON, KY, 40517",37.98670273554,-84.475191103713
32422,1111 CENTRE PKWY,Match,"1111 CENTRE PKWY, LEXINGTON, KY, 40517",37.983621219364,-84.484517919726
32420,1300 CENTRE PKWY,Match,"1300 CENTRE PKWY, LEXINGTON, KY, 40517",37.980321283259,-84.476585164284
54015,2115 N BROADWAY,Match,"2115 N BROADWAY RD, LEXINGTON, KY, 40505",38.077207509817,-84.454209775179
32429,1311 VERSAILLES ROAD,Match,"1311 VERSAILLES RD, LEXINGTON, KY, 40504",38.049929912259,-84.522442583556
121019,157 E REYNOLDS RD,Match,"157 E REYNOLDS RD, LEXINGTON, KY, 40517",37.990476210843,-84.521224420874
41125,1900 NEWTOWN PIKE,Match,"1900 NEWTOWN PIKE, LEXINGTON, KY, 40511",38.095554515104,-84.486268477911
121491,219 NORTH LIMESTONE,Match,"219 N LIMESTONE ST, LEXINGTON, KY, 40507",38.048574697486,-84.493985478723
121010,416 SHAWNEE AVENUE,Match,"416 SHAWNEE AVE, LEXINGTON, KY, 40505",38.058331819129,-84.46863182946
45726,3501 LANSDOWNE DR,Match,"3501 LANSDOWNE DR, LEXINGTON, KY, 40517",37.988576012554,-84.514945899322
31564,4014 TATES CREEK RD,Match,"4014 TATES CREEK RD, LEXINGTON, KY, 40517",37.97279300272,-84.497479960555
31565,1808 ALEXANDRIA DR,Match,"1808 ALEXANDRIA DR, LEXINGTON, KY, 40504",38.03622771842,-84.551163003833
120155,2897 RICHMOND ROAD,Match,"2897 RICHMOND SRD, LEXINGTON, KY, 40509",38.006364631965,-84.449781687397
31562,2335 NICHOLASVILLE RD,Match,"2335 NICHOLASVILLE RD, LEXINGTON, KY, 40503",38.00496511661,-84.519022870425
120156,112 LUCILLE DRIVE,Match,"112 LUCILLE DR, LEXINGTON, KY, 40511",38.088176288919,-84.548525719405
31561,704 EUCLID AVE,Match,"704 EUCLID AVE, LEXINGTON, KY, 40502",38.031433015383,-84.492693181187
55114,1006 DELAWARE AVE,Match,"1006 DELAWARE AVE, LEXINGTON, KY, 40505",38.038604199313,-84.470622078874
121009,399 WALLER AVENUE,Match,"399 WALLER AVE, LEXINGTON, KY, 40504",38.031652580064,-84.521124622023
32416,2312 VERSAILLES ROAD,Match,"2312 VERSAILLES RD, LEXINGTON, KY, 40504",38.046540883283,-84.553622093778
121008,375 THOMPSON ROAD,Match,"375 THOMPSON RD, LEXINGTON, KY, 40508",38.057315809651,-84.518218409066
33503,497 W 3RD ST,Match,"497 W 3RD ST, LEXINGTON, KY, 40508",38.054916626641,-84.49845984875
49085,1064 S BROADWAY PLACE,Match,"1064 S BROADWAY RD, LEXINGTON, KY, 40504",38.037491061255,-84.517219663662
31553,3199 CUSTER DRIVE,Match,"3199 CUSTER DR, LEXINGTON, KY, 40517",37.987855053832,-84.459847372207
31310,255 WEST NEW CIRCLE RD,Match,"255 W NEW CIRCLE RD, LEXINGTON, KY, 40505",38.068774656681,-84.473830798216
32402,115 NORTH LOCUST HILL,Match,"115 N LOCUST HILL DR, LEXINGTON, KY, 40509",38.00430215422,-84.446092742275
54276,268 JEFFERSON STREET,Match,"268 JEFFERSON ST, LEXINGTON, KY, 40508",38.054717927281,-84.498899901463
31554,2611 WILHITE DR,Match,"2611 WILHITE DR, LEXINGTON, KY, 40503",37.997182813768,-84.517660886775
122169,3644 BOSTON ROAD,Match,"3644 BOSTON RD, LEXINGTON, KY, 40514",37.980650759999,-84.551039045942
32409,1483 BOARDWALK,Match,"1483 BOARDWALK, LEXINGTON, KY, 40511",38.072120603551,-84.482935068389
31557,102 WEST HIGH STREET,Match,"102 W HIGH ST, LEXINGTON, KY, 40507",38.045171447005,-84.498891998404
32405,785 NEWTOWN COURT,Match,"785 NEWTOWN CT, LEXINGTON, KY, 40511",38.077217163395,-84.493473565758
31556,628 WELLINGTON WAY,Match,"628 WELLINGTON WAY, LEXINGTON, KY, 40503",38.002008820248,-84.547225938232
30695,553 SOUTH LIMESTONE,Match,"553 S LIMESTONE ST, LEXINGTON, KY, 40508",38.039101679345,-84.506807387992
31300,100 MIDLAND AVENUE,Match,"100 MIDLAND AVE, LEXINGTON, KY, 40508",38.041403600293,-84.488797327617
31780,1415 LEESTOWN RD,Match,"1415 LEESTOWN RD, LEXINGTON, KY, 40511",38.064004385888,-84.52099327929
30690,4201 VERSAILLES RD.,Match,"4201 VERSAILLES RD, LEXINGTON, KY, 40510",38.042657946848,-84.60702556961
31782,3600 TATES CREEK RD,Match,"3600 TATES CREEK RD, LEXINGTON, KY, 40517",37.982830565434,-84.494645791639
31781,1710 FORBES RD,Match,"1710 N FORBES RD, LEXINGTON, KY, 40511",38.073219438919,-84.526068739989
31549,1494 BOARDWALK,Match,"1494 BOARDWALK, LEXINGTON, KY, 40511",38.072460393829,-84.482705382748
35907,2275 NICHOLASVILLE RD,Match,"2275 NICHOLASVILLE RD, LEXINGTON, KY, 40503",38.006625013849,-84.518437884529
31546,1015 WINCHESTER ROAD,Match,"1015 WINCHESTER RD, LEXINGTON, KY, 40505",38.042039257494,-84.467330725675
31548,818 NEW CIRCLE RD,Match,"818 E NEW CIRCLE RD, LEXINGTON, KY, 40505",38.039040063825,-84.454643136994
31773,2483 NICHOLASVILLE ROAD,Match,"2483 NICHOLASVILLE RD, LEXINGTON, KY, 40503",38.001278028906,-84.520320638643
31774,1499 RUSSELL CAVE RD.,Match,"1499 RUSSELL CAVE RD, LEXINGTON, KY, 40505",38.070873442081,-84.477067955211
31771,357 SOUTH LIMESTONE,Match,"357 S LIMESTONE ST, LEXINGTON, KY, 40508",38.04220558947,-84.503010240669
31770,200 W MAIN ST,Match,"200 W MAIN ST, LEXINGTON, KY, 40507",38.047166005423,-84.498002078022
31777,1114 E NEW CIRCLE RD,Match,"1114 E NEW CIRCLE RD, LEXINGTON, KY, 40505",38.034278329491,-84.453808491167
31776,2271 ELKHORN DRIVE,Match,"2271 ELKHORN RD, LEXINGTON, KY, 40505",38.042188601328,-84.423896331065
31779,2020 CAMBRIDGE DRIVE,Match,"2020 CAMBRIDGE DR, LEXINGTON, KY, 40504",38.053130031638,-84.549167291545
30689,841 LANE ALLEN DR,Match,"841 LANE ALLEN RD, LEXINGTON, KY, 40504",38.028498105633,-84.537760637891
31778,4131 TATES CREEK CTR,Match,"4131 TATES CREEK CENTRE DR, LEXINGTON, KY, 40517",37.96950473254,-84.499274254168
122143,1465 VILLAGE DRIVE,Match,"1465 VILLAGE DR, LEXINGTON, KY, 40504",38.047516341692,-84.549100229936
42655,3501 BEAVER PLACE RD,Match,"3501 BEAVER PLACE RD, LEXINGTON, KY, 40503",37.980492420222,-84.538066818482
42656,410 GEORGETOWN ROAD,Match,"410 GEORGETOWN RD, LEXINGTON, KY, 40508",38.061333997144,-84.501467215466
42658,1600 MAN-O-WAR BLVD,Match,"1600 MAN O WAR BLVD, LEXINGTON, KY, 40513",38.017800964696,-84.57519981492
31761,130 WEST FIFTH STREET,Match,"130 W 5TH ST, LEXINGTON, KY, 40508",38.052901237177,-84.489086560688
31763,551 PARKSIDE DR,Match,"551 PARKSIDE DR, LEXINGTON, KY, 40505",38.082421663721,-84.453746500612
121047,819 NATIONAL AVENUE,Match,"819 NATIONAL AVE, LEXINGTON, KY, 40502",38.039413344824,-84.477221572104
30671,3429 BUCKHORN DR.,Match,"3429 BUCKHORN DR, LEXINGTON, KY, 40515",37.976161101173,-84.458018205325
31760,1961 CAMBRIDGE DRIVE,Match,"1961 CAMBRIDGE DR, LEXINGTON, KY, 40504",38.051335653022,-84.546058194724
31769,3310 TATES CREEK ROAD,Match,"3310 TATES CREEK RD, LEXINGTON, KY, 40502",37.997674602221,-84.495548509327
31524,2520 NICHOLASVILLE ROAD,Match,"2520 NICHOLASVILLE RD, LEXINGTON, KY, 40503",37.999616237619,-84.520569354664
31766,455 E MAXWELL ST,Match,"455 E MAXWELL ST, LEXINGTON, KY, 40508",38.037226884707,-84.494207910987
31765,333 WOODLAND AVE,Match,"333 WOODLAND AVE, LEXINGTON, KY, 40508",38.035805759209,-84.494303051529
31526,4201 VERSAILLES RD,Match,"4201 VERSAILLES RD, LEXINGTON, KY, 40510",38.042657946848,-84.60702556961
31768,3300 TATES CREEK ROAD,Match,"3300 TATES CREEK RD, LEXINGTON, KY, 40502",37.997990468539,-84.495576985772
30678,926 WINCHESTER ROAD,Match,"926 WINCHESTER RD, LEXINGTON, KY, 40505",38.041708990266,-84.469856250854
45117,1063 NEW CIRCLE RD,Match,"1063 E NEW CIRCLE RD, LEXINGTON, KY, 40505",38.036332358536,-84.454060331923
46445,690 E. NEW CIRCLE RD,Match,"690 E NEW CIRCLE RD, LEXINGTON, KY, 40505",38.048475541162,-84.454495961672
31193,3895 WINCHESTER ROAD,Match,"3895 WINCHESTER RD, LEXINGTON, KY, 40509",38.031659546546,-84.368659296954
32042,326 SOUTHLAND DRIVE,Match,"326 SOUTHLAND DR, LEXINGTON, KY, 40503",38.016337638064,-84.524488415128
32040,1533 EASTLAND PARKWAY,Match,"1533 EASTLAND PKWY, LEXINGTON, KY, 40505",38.046065782715,-84.452856814792
32049,828 LANE ALLEN ROAD,Match,"828 LANE ALLEN RD, LEXINGTON, KY, 40504",38.030115838,-84.541417838
32289,2300 SANDERSVILLE ROAD,Match,"2300 SANDERSVILLE RD, LEXINGTON, KY, 40511",38.086702388869,-84.523789626717
35799,1201 SOUTH BROADWAY,Match,"1201 S BROADWAY RD, LEXINGTON, KY, 40504",38.036342567242,-84.519394603357
31197,2990 RICHMOND RD,Match,"2990 RICHMOND RD, LEXINGTON, KY, 40509",38.005870222408,-84.451020347436
31196,3580 CAULDER RD,Match,"3580 CAULDER RD, LEXINGTON, KY, 40517",37.978346280741,-84.482601315028
32046,3401 NICHOLASVILLE ROAD,Match,"3401 NICHOLASVILLE RD, LEXINGTON, KY, 40503",37.98845683202,-84.525168704428
32285,3414 IRON WORKS PIKE,Match,"3414 IRON WORKS RD, LEXINGTON, KY, 40511",38.136444802471,-84.500874386783
31198,1125 WINCHESTER ROAD,Match,"1125 WINCHESTER RD, LEXINGTON, KY, 40505",38.042359541199,-84.463841115914
32044,161 LEXINGTON GRN CIRCLE,Match,"161 LEXINGTON GREEN CIR, LEXINGTON, KY, 40503",37.992954800994,-84.523973904593
39910,3029 RICHMOND ROAD,Match,"3029 RICHMOND SRD, LEXINGTON, KY, 40509",38.003308694215,-84.446808400406
39912,2297 THUNDERSTICK DRIVE,Match,"2297 THUNDERSTICK DR, LEXINGTON, KY, 40505",38.041626247677,-84.425795529656
42078,3790 PALOMAR CENTRE DRIVE,Match,"3790 PALOMAR CENTRE DR, LEXINGTON, KY, 40513",38.006285492735,-84.573091735205
31181,672 BLUE SKY PARKWAY,Match,"672 BLUE SKY PKWY, LEXINGTON, KY, 40509",37.958625093357,-84.377442222586
31184,240 EAST 7TH STREET,Match,"240 E 7TH ST, LEXINGTON, KY, 40508",38.052519747317,-84.481073581113
45109,3330 PARTNER PLACE,Match,"3330 PARTNER PL, LEXINGTON, KY, 40503",37.995773592138,-84.546697690661
31180,944 WINCHESTER ROAD,Match,"944 WINCHESTER RD, LEXINGTON, KY, 40505",38.04181839316,-84.468590982061
50280,3735 PALOMAR CTR. DR.,Match,"3735 PALOMAR CENTRE DR, LEXINGTON, KY, 40513",38.003459531439,-84.571166851002
32038,2270 NICHOLASVILLE ROAD,Match,"2270 NICHOLASVILLE RD, LEXINGTON, KY, 40503",38.006877728857,-84.518039136277
32279,205 SOUTHLAND DRIVE,Match,"205 SOUTHLAND DR, LEXINGTON, KY, 40503",38.012549076224,-84.519564357213
32034,340 ROOKWOOD PKWY,Match,"340 ROOKWOOD PKWY, LEXINGTON, KY, 40505",38.062495036283,-84.462507418812
32277,340 WILSON DOWNING RD,Match,"340 WILSON DOWNING RD, LEXINGTON, KY, 40517",37.981991191353,-84.515984631265
39909,2296 THUNDERSTICK DRIVE,Match,"2296 THUNDERSTICK DR, LEXINGTON, KY, 40505",38.041777836052,-84.425923536418
31187,2179 BAHAMA ROAD,Match,"2179 BAHAMA RD, LEXINGTON, KY, 40509",38.02652988507,-84.384789415539
44250,2312 PALUMBO DR,Match,"2312 PALUMBO DR, LEXINGTON, KY, 40509",38.022463486377,-84.45398440287
54404,3473 NICHOLASVILLE RD,Match,"3473 NICHOLASVILLE RD, LEXINGTON, KY, 40503",37.987665475603,-84.525581236995
42070,1120 WINCHESTER RD,Match,"1120 WINCHESTER RD, LEXINGTON, KY, 40505",38.042195130325,-84.464397609142
32261,411 SOUTHLAND DRIVE,Match,"411 SOUTHLAND DR, LEXINGTON, KY, 40503",38.018506943422,-84.526862697687
32262,393 WALLER AVE,Match,"393 WALLER AVE, LEXINGTON, KY, 40504",38.030873637403,-84.520059372389
33590,500-502 EAST 7TH STREET,Match,"502 E 7TH ST, LEXINGTON, KY, 40505",38.049510914229,-84.477470062819
32260,131 EAST REYNOLDS ROAD,Match,"131 E REYNOLDS RD, LEXINGTON, KY, 40517",37.990802884976,-84.522293718798
32269,518 ASH STREET,Match,"518 ASH ST, LEXINGTON, KY, 40508",38.064760392152,-84.501820211594
53562,166 MARKET ST,Match,"166 MARKET ST, LEXINGTON, KY, 40507",38.049202887742,-84.496197719125
32267,821 CHEVY CHASE PLACE,Match,"821 CHEVY CHASE PL, LEXINGTON, KY, 40502",38.029097051647,-84.491910066445
32266,275 AVENUE OF CHAMPIONS - BASEMENT,Match,"275 AVE OF CHAMPIONS, LEXINGTON, KY, 40508",38.038310780403,-84.500235041955
32264,2604 RICHMOND ROAD,Match,"2604 RICHMOND RD, LEXINGTON, KY, 40509",38.011440771292,-84.457285753525
54410,123 W. SIXTH ST.,Match,"123 W 6TH ST, LEXINGTON, KY, 40508",38.054407838737,-84.486838545806
54656,735 EAST MAIN ST,Match,"735 E MAIN ST, LEXINGTON, KY, 40502",38.036063841926,-84.485321419888
32491,179 EAST REYNOLDS RD.,Match,"179 E REYNOLDS RD, LEXINGTON, KY, 40517",37.990167742165,-84.520342603027
32258,2143 NORTH BROADWAY,Match,"2143 N BROADWAY RD, LEXINGTON, KY, 40505",38.07742244148,-84.453741701764
32259,219 E SHORT ST,Match,"219 E SHORT ST, LEXINGTON, KY, 40507",38.044860023624,-84.493692781132
32256,1555 NEW CIRCLE RD,Match,"1555 E NEW CIRCLE RD, LEXINGTON, KY, 40509",38.018893877591,-84.455940323671
31169,4101 TATES CREEK CTR,Match,"4101 TATES CREEK CENTRE DR, LEXINGTON, KY, 40517",37.96993417395,-84.497580956576
32257,1900 RICHMOND ROAD,Match,"1900 RICHMOND RD, LEXINGTON, KY, 40502",38.022629172393,-84.470178774156
32252,262 W NEW CIRCLE RD,Match,"262 W NEW CIRCLE RD, LEXINGTON, KY, 40505",38.068742384661,-84.474206328873
34431,1740 NICHOLASVILLE RD,Match,"1740 NICHOLASVILLE RD, LEXINGTON, KY, 40503",38.019099370202,-84.51375591061
32011,1225 TATES CREEK RD,Match,"1225 TATES CREEK RD, LEXINGTON, KY, 40502",38.024098337629,-84.491261203523
51398,2700 TODDS ROAD,Match,"2700 TODDS RD, LEXINGTON, KY, 40509",38.009609801426,-84.441261887782
52248,208 LEGENDS LANE,Match,"208 LEGENDS LN, LEXINGTON, KY, 40505",38.064001563589,-84.478533530915
32018,126 E NEW CIRCLE ROAD,Match,"126 E NEW CIRCLE RD, LEXINGTON, KY, 40505",38.064474900851,-84.469472096119
48825,4201 SARON DRIVE,Match,"4201 SARON DR, LEXINGTON, KY, 40515",37.967950646226,-84.502518501793
32481,1250 S BROADWAY,Match,"1250 S BROADWAY RD, LEXINGTON, KY, 40504",38.034916128965,-84.52120358544
32482,2401 RICHMOND RD,Match,"2401 RICHMOND RD, LEXINGTON, KY, 40502",38.016249839221,-84.462350278092
32480,3010 RICHMOND ROAD,Match,"3010 RICHMOND RD, LEXINGTON, KY, 40509",38.005240710771,-84.450366636483
47738,1165 CENTRE PARKWAY,Match,"1165 CENTRE PKWY, LEXINGTON, KY, 40517",37.982516247265,-84.483817463363
31157,2320 PALUMBO DR -,Match,"2320 PALUMBO DR, LEXINGTON, KY, 40509",38.022375011652,-84.453594959265
33579,720 HENRY CLAY BLVD.,Match,"720 HENRY CLAY BLVD, LEXINGTON, KY, 40505",38.037231334424,-84.465027454737
36606,3101 CLAYS MILL ROAD 300A,Match,"3101 CLAYS MILL RD, LEXINGTON, KY, 40503",38.003933324905,-84.544211718628
31159,310 S LIMESTONE ST,Match,"310 S LIMESTONE ST, LEXINGTON, KY, 40508",38.043249942311,-84.501378749128
32487,307 EAST NEW CIRCLE RD,Match,"307 E NEW CIRCLE RD, LEXINGTON, KY, 40505",38.059913737668,-84.4645182678
36607,120 E. MAIN STREET,Match,"120 E MAIN ST, LEXINGTON, KY, 40507",38.046039834948,-84.496764508504
50075,910 BEAUMONT CENTRE PARKWAY,Match,"910 BEAUMONT CENTRE PKWY, LEXINGTON, KY, 40513",38.013602399384,-84.555193965898
32246,3816 CAMELOT DR,Match,"3816 CAMELOT DR, LEXINGTON, KY, 40517",37.974236773171,-84.507429782484
32485,295 W. NEW CIRCLE ROAD,Match,"295 W NEW CIRCLE RD, LEXINGTON, KY, 40505",38.069427346797,-84.474584130546
31152,131 WEST REYNOLDS ROAD,Match,"131 W REYNOLDS RD, LEXINGTON, KY, 40503",37.991649421783,-84.52499089867
32244,194 N LIMESTONE ST,Match,"194 N LIMESTONE ST, LEXINGTON, KY, 40507",38.048207434487,-84.494291321544
32486,336 ROMANY RD,Match,"336 ROMANY RD, LEXINGTON, KY, 40502",38.019901111523,-84.486005393209
32483,533 WALLER AVE,Match,"533 WALLER AVE, LEXINGTON, KY, 40504",38.032979540729,-84.522703420418
32242,3775 BELLEAU WOOD DR.,Match,"3775 BELLEAU WOOD DR, LEXINGTON, KY, 40517",37.972937311622,-84.505377232988
43370,4101 TATES CREEK RD,Match,"4101 TATES CREEK RD, LEXINGTON, KY, 40517",37.971195019528,-84.497387411267
120821,456 E. NEW CIRCLE ROAD,Match,"456 E NEW CIRCLE RD, LEXINGTON, KY, 40505",38.055463078942,-84.460630624337
120818,633 DARDONELLES DRIVE,Match,"633 DARDANELLES DR, LEXINGTON, KY, 40503",38.008592672359,-84.543842375535
44452,2547 RICHMOND ROAD,Match,"2547 RICHMOND RD, LEXINGTON, KY, 40509",38.01131256018,-84.456708966602
32470,153 PATCHEN DR,Match,"153 PATCHEN DR, LEXINGTON, KY, 40517",38.008283771728,-84.455703666047
33560,503 E THIRD ST,Match,"503 E 3RD ST, LEXINGTON, KY, 40508",38.044448533199,-84.485439577899
31140,444 GLEN ARVIN AVE,Match,"444 GLEN ARVIN AVE, LEXINGTON, KY, 40508",38.064979919407,-84.504487795753
119829,500 EUCLID STREET,Match,"500 EUCLID AVE, LEXINGTON, KY, 40502",38.034272928699,-84.495896436278
32478,1499 BOARDWALK,Match,"1499 BOARDWALK, LEXINGTON, KY, 40511",38.072602022966,-84.482819527705
33567,101 - 105 WEST MAIN ST.,Match,"105 W MAIN ST, LEXINGTON, KY, 40507",38.046482525345,-84.497060916133
32479,757 EAST NEW CIRCLE RD.,Match,"757 E NEW CIRCLE RD, LEXINGTON, KY, 40505",38.047275133056,-84.453833929327
32234,300 NORTH BROADWAY,Match,"300 S BROADWAY RD, LEXINGTON, KY, 40508",38.047618767492,-84.501662211584
33565,398 EAST 5TH STREET,Match,"398 E 5TH ST, LEXINGTON, KY, 40508",38.047921189228,-84.483561659507
32477,2575 NICHOLASVILLE ROAD,Match,"2575 NICHOLASVILLE RD, LEXINGTON, KY, 40503",38.000170225785,-84.520714861295
32474,5548 ATHENS-BOONESBORO ROAD,Match,"5548 ATHENS BOONESBORO RD, LEXINGTON, KY, 40509",37.961389238054,-84.386508446228
32475,2203 NORTH BROADWAY,Match,"2203 N BROADWAY RD, LEXINGTON, KY, 40505",38.07792155371,-84.452645164222
31144,710 GLENDOVER RD,Match,"710 GLENDOVER RD, LEXINGTON, KY, 40502",38.00855548296,-84.502227888447
32230,3375 RUSSELL CAVE RD,Match,"3375 RUSSELL CAVE RD, LEXINGTON, KY, 40511",38.120178110862,-84.445307903667
32472,2340 BUENA VISTA RD,Match,"2340 BUENA VISTA RD, LEXINGTON, KY, 40505",38.041540540888,-84.422156112629
119831,1010 CRAMER AVENUE,Match,"1010 CRAMER AVE, LEXINGTON, KY, 40502",38.035556417454,-84.477413251586
32473,1943 STANTON WAY,Match,"1943 STANTON WAY, LEXINGTON, KY, 40511",38.102516311155,-84.484063840614
120814,119 LUIGART COURT,Match,"119 LUIGART AVE, LEXINGTON, KY, 40508",38.056540264795,-84.48235553865
43115,"3401 NICHOLASVILLE RD, FC-6",Match,"3401 NICHOLASVILLE RD, LEXINGTON, KY, 40503",37.98845683202,-84.525168704428
43116,3735 PALOMAR CENTER,Match,"3735 PALOMAR CENTRE DR, LEXINGTON, KY, 40513",38.003459531439,-84.571166851002
43117,3401 NICHOLASVILLE RD FC-10,Match,"3401 NICHOLASVILLE RD, LEXINGTON, KY, 40503",37.98845683202,-84.525168704428
31135,1854 AUGUSTA DR,Match,"1854 AUGUSTA DR, LEXINGTON, KY, 40505",38.055156587473,-84.439700357801
32467,1183 DEVONPORT DRIVE,Match,"1183 DEVONPORT DR, LEXINGTON, KY, 40504",38.053785904569,-84.55484256698
35976,649 GEORGETOWN RD,Match,"649 GEORGETOWN RD, LEXINGTON, KY, 40508",38.065916329307,-84.503136616899
31137,1395 WEST MAIN ST,Match,"1395 W MAIN ST, LEXINGTON, KY, 40508",38.063581147866,-84.520385747844
32224,3057 N. CLEVELAND ROAD,Match,"3057 N CLEVELAND RD, LEXINGTON, KY, 40516",38.031354081901,-84.356282887977
32466,1494 LEESTOWN ROAD,Match,"1494 LEESTOWN RD, LEXINGTON, KY, 40511",38.065546412655,-84.523397027216
51188,911 BEAUMONT CENTRE PRKY,Match,"911 BEAUMONT CENTRE PKWY, LEXINGTON, KY, 40513",38.014210908876,-84.555271462604
32222,350 FOREMAN AVE,Match,"350 FOREMAN AVE, LEXINGTON, KY, 40508",38.040392781047,-84.511198879549
35972,6421 ATHENS-BOONESBORO ROAD,Match,"6421 ATHENS BOONESBORO RD, LEXINGTON, KY, 40509",37.949129810293,-84.36389438537
52037,3348 CLAYS MILL RD,Match,"3348 CLAYS MILL RD, LEXINGTON, KY, 40503",37.996366396828,-84.548577464433
31133,161 NORTH LIMESTONE,Match,"161 N LIMESTONE ST, LEXINGTON, KY, 40507",38.047492459595,-84.495560264852
119820,333 S LIMESTONE ST,Match,"333 S LIMESTONE ST, LEXINGTON, KY, 40508",38.042722718834,-84.502290854928
31138,401 W. HIGH STREET,Match,"401 W HIGH ST, LEXINGTON, KY, 40507",38.048257585488,-84.50220008191
35978,3337 SQUIRES OAK DR,Match,"3337 SQUIRE OAK DR, LEXINGTON, KY, 40515",37.969156451023,-84.457147950258
119809,341 S. LIMESTONE,Match,"341 S LIMESTONE ST, LEXINGTON, KY, 40508",38.042513727068,-84.502580489474
43589,389 ROSE STREET,Match,"389 ROSE ST, LEXINGTON, KY, 40508",38.03817212821,-84.499397389821
41167,549 HOLLOW CREEK RD,Match,"549 HOLLOW CREEK RD, LEXINGTON, KY, 40511",38.076205723775,-84.479872587718
32456,800 ROSE ST,Match,"800 ROSE ST, LEXINGTON, KY, 40536",38.032831817334,-84.506721276415
31365,150 NORTH EAGLE CREEK,Match,"150 N EAGLE CREEK DR, LEXINGTON, KY, 40509",38.000247360465,-84.440220284166
32215,861 S BROADWAY,Match,"861 S BROADWAY RD, LEXINGTON, KY, 40504",38.039903787171,-84.513642196845
31367,115 SOUTHLAND DRIVE,Match,"115 SOUTHLAND DR, LEXINGTON, KY, 40503",38.011703900552,-84.517773015554
33544,160 MOORE DRIVE,Match,"160 MOORE DR, LEXINGTON, KY, 40503",38.000200532107,-84.522866892882
31361,1983 NORTH BROADWAY,Match,"1983 N BROADWAY RD, LEXINGTON, KY, 40505",38.075197533758,-84.457568890333
32211,2550 NICHOLASVILLE RD,Match,"2550 NICHOLASVILLE RD, LEXINGTON, KY, 40503",37.999388692438,-84.520651486366
32453,220 AVENUE OF CHAMPIONS,Match,"220 AVE OF CHAMPIONS, LEXINGTON, KY, 40508",38.039144467869,-84.501358556774
32450,770 WOODLAND AVE,Match,"770 WOODLAND AVE, LEXINGTON, KY, 40526",38.030418224028,-84.501714656708
31127,2033 GARDEN SPRINGS DRIVE,Match,"2033 GARDEN SPRINGS DR, LEXINGTON, KY, 40504",38.028562782341,-84.54244875694
31369,401 W HIGH ST,Match,"401 W HIGH ST, LEXINGTON, KY, 40507",38.048257585488,-84.50220008191
32219,3051 RIO DOSA DRIVE,Match,"3051 RIO DOSA DR, LEXINGTON, KY, 40509",38.005594269075,-84.441949533401
31129,2151 GARDEN SPRINGS DR,Match,"2151 GARDEN SPRINGS DR, LEXINGTON, KY, 40504",38.025249725441,-84.548209906384
32217,5539 ATHENS-BOONESBORO ROAD,Match,"5539 ATHENS BOONESBORO RD, LEXINGTON, KY, 40509",37.961488708578,-84.386435590511
32459,396 WOODLAND AVENUE,Match,"396 WOODLAND AVE, LEXINGTON, KY, 40508",38.03453120852,-84.495886311799
30817,805 N BROADWAY,Match,"805 N BROADWAY RD, LEXINGTON, KY, 40508",38.05990651935,-84.484286237741
30816,1866 EDGEWORTH DR,Match,"1866 EDGEWORTH DR, LEXINGTON, KY, 40505",38.069124946381,-84.45567666335
30819,2917 RICHMOND RD,Match,"2917 RICHMOND SRD, LEXINGTON, KY, 40509",38.005621741882,-84.449003837637
30818,121 NORTH MILL STREET,Match,"121 N MILL ST, LEXINGTON, KY, 40507",38.048336528451,-84.498710454518
36123,409 WALLER AVENUE,Match,"409 WALLER AVE, LEXINGTON, KY, 40504",38.031809210322,-84.521313480392
119525,401 SOUTH LIMESTONE,Match,"401 S LIMESTONE ST, LEXINGTON, KY, 40508",38.041529582561,-84.503946762656
53940,728 E. MAIN STREET,Match,"728 E MAIN ST, LEXINGTON, KY, 40502",38.035814941741,-84.485238654117
119764,3220 NICHOLASVILLE ROAD,Match,"3220 NICHOLASVILLE RD, LEXINGTON, KY, 40503",37.992592127852,-84.522818025143
30824,451 NEW CIRCLE RD,Match,"451 E NEW CIRCLE RD, LEXINGTON, KY, 40505",38.055634630846,-84.460423041923
52855,309 OHIO STREET,Match,"309 OHIO ST, LEXINGTON, KY, 40508",38.045863267222,-84.488125951017
30822,771 E NEW CIRCLE ROAD,Match,"771 E NEW CIRCLE RD, LEXINGTON, KY, 40505",38.047154030083,-84.453819955918
30821,2217 NICHOLASVILLE RD,Match,"2217 NICHOLASVILLE RD, LEXINGTON, KY, 40503",38.008136650557,-84.517903846741
50438,3110 RICHMOND ROAD,Match,"3110 RICHMOND RD, LEXINGTON, KY, 40509",38.002784704971,-84.447813463313
30808,2101 ST MATILDA DR,Match,"2101 ST MATHILDA DR, LEXINGTON, KY, 40502",38.02346260933,-84.462015581042
41700,930 WEST HIGH STREET,Match,"930 W HIGH ST, LEXINGTON, KY, 40508",38.050508876669,-84.510934855005
33081,1116 WINBURN DRIVE,Match,"1116 WINBURN DR, LEXINGTON, KY, 40511",38.08943838619,-84.476047987798
119997,1433 NEWTOWN CENTER WAY,Match,"1433 NEWTOWN CENTER WAY, LEXINGTON, KY, 40511",38.083759510412,-84.489146846429
119514,112 LUCILLE DR,Match,"112 LUCILLE DR, LEXINGTON, KY, 40511",38.088176288919,-84.548525719405
30813,684 E NEW CIRCLE RD,Match,"684 E NEW CIRCLE RD, LEXINGTON, KY, 40505",38.048606663987,-84.454548775017
30812,504 EUCLID AVENUE,Match,"504 EUCLID AVE, LEXINGTON, KY, 40502",38.034264976614,-84.495887333358
30815,1865 WICKLAND DR,Match,"1865 WICKLAND DR, LEXINGTON, KY, 40505",38.067022990708,-84.45290881685
120735,768 WINCHESTER ROAD,Match,"768 WINCHESTER RD, LEXINGTON, KY, 40505",38.041208385948,-84.475704490124
45061,2356 HARRODSBURG ROAD,Match,"2356 HARRODSBURG RD, LEXINGTON, KY, 40503",38.020850626459,-84.543631397485
48565,3992 W. TIVERTON COURT,Match,"3992 W TIVERTON CT, LEXINGTON, KY, 40503",37.982240896583,-84.531994572394
33076,1205 VERSAILLES ROAD,Match,"1205 VERSAILLES RD, LEXINGTON, KY, 40508",38.050081580313,-84.51909123066
30802,1000 GEORGETOWN ROAD,Match,"1000 GEORGETOWN RD, LEXINGTON, KY, 40511",38.076455093306,-84.506587791417
120727,141 ROJAY DRIVE,Match,"141 ROJAY DR, LEXINGTON, KY, 40503",37.984601449747,-84.528485203315
121815,115 CODELL DRIVE,Match,"115 CODELL DR, LEXINGTON, KY, 40509",38.012047932246,-84.451764745375
36348,135 NORTH BROADWAY,Match,"135 N BROADWAY RD, LEXINGTON, KY, 40507",38.049526575351,-84.499117368795
30800,2341 BUENA VISTA RD,Match,"2341 BUENA VISTA RD, LEXINGTON, KY, 40505",38.041654172744,-84.422174902509
34156,1235 N. BROADWAY,Match,"1235 N BROADWAY RD, LEXINGTON, KY, 40505",38.062966591363,-84.479819631802
120712,247 SURFSIDE DRIVE,Match,"247 SURFSIDE DR, LEXINGTON, KY, 40503",38.001315094219,-84.517363620512
49634,1093 S BROADWAY,Match,"1093 S BROADWAY RD, LEXINGTON, KY, 40504",38.036902411845,-84.518427859108
120543,4101 TATES CREEK CENTRE DRIVE,Match,"4101 TATES CREEK CENTRE DR, LEXINGTON, KY, 40517",37.96993417395,-84.497580956576
120785,225 PREAKNESS DRIVE,Match,"225 PREAKNESS DR, LEXINGTON, KY, 40516",38.074354043644,-84.446618259044
119562,640 W MAXWELL,Match,"640 W MAXWELL ST, LEXINGTON, KY, 40508",38.048135264031,-84.506691789509
37896,221 N LIMESTONE ST,Match,"221 N LIMESTONE ST, LEXINGTON, KY, 40507",38.048589218659,-84.493965512108
38743,410 W VINE ST,Match,"410 W VINE ST, LEXINGTON, KY, 40507",38.049316781514,-84.501044692312
38744,670 NORTH BROADWAY,Match,"670 N BROADWAY RD, LEXINGTON, KY, 40508",38.057589985358,-84.487423585716
49627,1971 N BROADWAY,Match,"1971 N BROADWAY RD, LEXINGTON, KY, 40505",38.075151859626,-84.457642913927
44178,1080 NEWTOWN PIKE,Match,"1080 NEWTOWN PIKE, LEXINGTON, KY, 40511",38.077820210393,-84.493611687134
32196,369 W. VINE STREET,Match,"369 W VINE ST, LEXINGTON, KY, 40507",38.048109322524,-84.500372707066
32192,113 CHEAPSIDE PARK,Match,"113 CHEAPSIDE ST, LEXINGTON, KY, 40507",38.047925126482,-84.498501702611
121621,101 W. LOUDON AVENUE,Match,"101 W LOUDON AVE, LEXINGTON, KY, 40508",38.057365606284,-84.481536626574
120774,3025 BLAKE JAMES DRIVE,Match,"3025 LAKE JAMES DR, LEXINGTON, KY, 40509",38.008230964485,-84.435807907357
119793,905 S LIMESTONE,Match,"905 S LIMESTONE ST, LEXINGTON, KY, 40503",38.032303293759,-84.509288952309
34137,299 SHERMAN AVENUE,Match,"299 SHERMAN AVE, LEXINGTON, KY, 40502",38.033097930243,-84.471492662578
32199,300 N BROADWAY,Match,"300 S BROADWAY RD, LEXINGTON, KY, 40508",38.047618767492,-84.501662211584
34136,201 OWLSEY AVENUE,Match,"201 OWSLEY AVE, LEXINGTON, KY, 40502",38.033920507916,-84.477399043301
32198,2420 NICHOLASVILLE RD,Match,"2420 NICHOLASVILLE RD, LEXINGTON, KY, 40503",38.003002899751,-84.519409554492
119791,4560 IRON WORKS PIKE,Match,"4560 IRON WORKS PIKE, LEXINGTON, KY, 40511",38.148860108166,-84.540521612156
120777,1918 OXFORD CIRCLE,Match,"1918 OXFORD CIR, LEXINGTON, KY, 40504",38.049741951579,-84.542128274363
46590,2200 NICHOLASVILLE RD.,Match,"2200 NICHOLASVILLE RD, LEXINGTON, KY, 40503",38.008434073624,-84.517487085637
119792,5521 ATHENS-BOONESBORO,Match,"5521 ATHENS BOONESBORO RD, LEXINGTON, KY, 40509",37.961589844519,-84.386626047404
46591,4218 SARON DR.,Match,"4218 SARON DR, LEXINGTON, KY, 40515",37.967535169945,-84.502211676283
48765,4850 LEESTOWN RD,Match,"4850 LEESTOWN RD, LEXINGTON, KY, 40511",38.122562300567,-84.60617492925
38961,266 E SHORT ST,Match,"266 E SHORT ST, LEXINGTON, KY, 40507",38.044164630014,-84.493100993174
119779,109 TOWN CENTER DR,Match,"109 TOWNE CENTER DR, LEXINGTON, KY, 40511",38.067004850529,-84.530715948541
32182,418 NEW CIRCLE ROAD,Match,"418 E NEW CIRCLE RD, LEXINGTON, KY, 40505",38.056587404704,-84.461687706577
32181,4157 TATES CREEK ROAD,Match,"4157 TATES CREEK RD, LEXINGTON, KY, 40517",37.970374921622,-84.497184802045
119784,2300 VERSAILLES RD,Match,"2300 VERSAILLES RD, LEXINGTON, KY, 40504",38.046673831061,-84.551982403759
119785,2420 RICHMOND RD,Match,"2420 RICHMOND RD, LEXINGTON, KY, 40502",38.014134041221,-84.460315111657
120521,385 ROSE STREET,Match,"385 ROSE ST, LEXINGTON, KY, 40508",38.03818795647,-84.499374560598
120763,2251 ELKHORN ROAD,Match,"2251 ELKHORN RD, LEXINGTON, KY, 40505",38.043075605026,-84.423232216315
119782,1998 HARRODSBURG RD,Match,"1998 HARRODSBURG RD, LEXINGTON, KY, 40503",38.026523027785,-84.534744100293
120764,507 N. BROADWAY,Match,"507 N BROADWAY RD, LEXINGTON, KY, 40508",38.055185488417,-84.491091480311
119783,2297 THUNDERSTRICK DR,Match,"2297 THUNDERSTICK DR, LEXINGTON, KY, 40505",38.041626247677,-84.425795529656
119788,4096 NICHOLS PARK,Match,"4096 NICHOLS PARK, LEXINGTON, KY, 40503",37.977832792988,-84.533814400941
119789,4201 SARON DR,Match,"4201 SARON DR, LEXINGTON, KY, 40515",37.967950646226,-84.502518501793
119786,3110 RICHMOND RD,Match,"3110 RICHMOND RD, LEXINGTON, KY, 40509",38.002784704971,-84.447813463313
35696,5532 ATHENS-BOONESBORO ROAD,Match,"5532 ATHENS BOONESBORO RD, LEXINGTON, KY, 40509",37.961607174089,-84.38691885839
119787,3790 PALOMAR CENTRE DR,Match,"3790 PALOMAR CENTRE DR, LEXINGTON, KY, 40513",38.006285492735,-84.573091735205
121859,771 NEWTOWN PIKE,Match,"771 NEWTOWN PIKE, LEXINGTON, KY, 40511",38.068241095303,-84.498033866355
38962,120 W MAXWELL ST,Match,"120 W MAXWELL ST, LEXINGTON, KY, 40508",38.043874435329,-84.501912487074
36302,550 EUREKA SPRINGS DRIVE,Match,"550 EUREKA SPRINGS DR, LEXINGTON, KY, 40517",37.996211582979,-84.457375809576
119780,1949 NORTH BROADWAY,Match,"1949 N BROADWAY RD, LEXINGTON, KY, 40505",38.075068123719,-84.457778623849
119781,1975 NICHOLASVILLE RD,Match,"1975 NICHOLASVILLE RD, LEXINGTON, KY, 40503",38.011824493738,-84.516593856051
45248,348 SOUTHLAND DRIVE,Match,"348 SOUTHLAND DR, LEXINGTON, KY, 40503",38.01681031876,-84.52505501261
48510,4214 SARON DR,Match,"4214 SARON DR, LEXINGTON, KY, 40515",37.967636024795,-84.502239691509
34110,246 SOUTHLAND DR,Match,"246 SOUTHLAND DR, LEXINGTON, KY, 40503",38.013844345597,-84.521535036479
32171,386 WOODLAND AVENUE,Match,"386 WOODLAND AVE, LEXINGTON, KY, 40508",38.034719913917,-84.495626841875
119532,1424 VERSAILLES ROAD,Match,"1424 VERSAILLES RD, LEXINGTON, KY, 40504",38.049349403437,-84.527259940332
119777,101 LEXINGTON GREEN CIRCLE,Match,"101 LEXINGTON GREEN CIR, LEXINGTON, KY, 40503",37.99268567872,-84.523124984942
31086,519 WEST 4TH STREET,Match,"519 W 4TH ST, LEXINGTON, KY, 40508",38.057830822209,-84.497997460013
52206,1396 LEESTOWN ROAD,Match,"1396 LEESTOWN SVC RD, LEXINGTON, KY, 40508",38.063759389288,-84.52033164038
120758,2417 NICHOLASVILLE ROAD,Match,"2417 NICHOLASVILLE RD, LEXINGTON, KY, 40503",38.002985326435,-84.519720863035
55047,3604 WALDEN DRIVE,Match,"3604 WALDEN DR, LEXINGTON, KY, 40517",37.982436535113,-84.49640150664
120346,376 REDDING ROAD,Match,"376 REDDING RD, LEXINGTON, KY, 40517",37.989200679238,-84.506485669297
31995,5522 ATHENS-BOONESBORO ROAD,Match,"5522 ATHENS BOONESBORO RD, LEXINGTON, KY, 40509",37.963773025708,-84.390735242169
31510,5902 OLD RICHMOND ROAD,Match,"5902 OLD RICHMOND RD, LEXINGTON, KY, 40515",37.939212097689,-84.405312194821
31994,464 SQUIRES CIRCLE,Match,"464 SQUIRES RD, LEXINGTON, KY, 40515",37.991243072394,-84.448240800734
120341,1973 PLAUDIT PL,Match,"1973 PLAUDIT PL, LEXINGTON, KY, 40509",38.019735396573,-84.414419134262
31991,1541 EASTLAND PARKWAY,Match,"1541 EASTLAND PKWY, LEXINGTON, KY, 40505",38.046105205979,-84.452628398563
31519,3277 PEPPERHILL RD,Match,"3277 PEPPERHILL RD, LEXINGTON, KY, 40502",37.999020371864,-84.490348370346
49035,1201 MAN O'WAR BLVD,Match,"1201 MAN O WAR BLVD, LEXINGTON, KY, 40513",38.036858822925,-84.592548277279
122527,1073 CAMELLIA DRIVE,Match,"1073 CAMELLIA DR, LEXINGTON, KY, 40504",38.030525991071,-84.550993524961
31999,375 LISLE INDUSTRIAL RD,Match,"375 LISLE INDUSTRIAL AVE, LEXINGTON, KY, 40511",38.059767665103,-84.52354956937
42873,3765 PALOMAR CENTRE,Match,"3765 PALOMAR CENTRE DR, LEXINGTON, KY, 40513",38.004699442113,-84.572972445624
42875,1000 TATES CREEK RD,Match,"1000 TATES CREEK RD, LEXINGTON, KY, 40502",38.026423049844,-84.490842991452
31740,247 SURFSIDE DR.,Match,"247 SURFSIDE DR, LEXINGTON, KY, 40503",38.001315094219,-84.517363620512
121664,4000 TERMINAL DRIVE,Match,"4000 TERMINAL DR, LEXINGTON, KY, 40510",38.03904167707,-84.598385282452
120335,413 W NEW CIRCLE RD,Match,"413 W NEW CIRCLE RD, LEXINGTON, KY, 40511",38.071046318221,-84.476898517746
31984,705 LOUDON AVENUE,Match,"705 E LOUDON AVE, LEXINGTON, KY, 40505",38.047633879494,-84.468762001568
30894,3323 TATES CREEK ROAD,Match,"3323 TATES CREEK RD, LEXINGTON, KY, 40502",37.996969860594,-84.495819071162
31983,3660 APPIAN WAY,Match,"3660 APPIAN WAY, LEXINGTON, KY, 40517",37.976618436599,-84.488625715784
30891,3050 RIO DOSA DR,Match,"3050 RIO DOSA DR, LEXINGTON, KY, 40509",38.005200332805,-84.441672017346
30890,325 W MAIN ST,Match,"325 W MAIN ST, LEXINGTON, KY, 40507",38.04836728495,-84.499135991981
31506,123 E SIXTH ST,Match,"123 E 6TH ST, LEXINGTON, KY, 40508",38.053074671547,-84.485390631869
31508,2361 PARIS PIKE,Match,"2361 PARIS PIKE, LEXINGTON, KY, 40505",38.079179759889,-84.449893425728
31744,239 SURFSIDE DR,Match,"239 SURFSIDE DR, LEXINGTON, KY, 40503",38.001358108333,-84.517492445577
31986,100 TIVERTON WAY,Match,"100 E TIVERTON WAY, LEXINGTON, KY, 40517",37.98019134595,-84.528320296785
30896,833 E. EUCLID AVENUE,Match,"833 EUCLID AVE, LEXINGTON, KY, 40502",38.02996468227,-84.490854471837
31985,3527 LANSDOWNE DRIVE,Match,"3527 LANSDOWNE DR, LEXINGTON, KY, 40517",37.986848163207,-84.516235677999
30899,736 W MAIN ST,Match,"736 W MAIN ST, LEXINGTON, KY, 40508",38.053835523946,-84.505478542623
31504,1408 MERCER ROAD,Match,"1408 MERCER RD, LEXINGTON, KY, 40511",38.075717982658,-84.525286080235
31988,2353 PARIS PIKE,Match,"2353 PARIS PIKE, LEXINGTON, KY, 40505",38.079133084779,-84.449975271522
39211,1121 TANBARK ROAD,Match,"1121 TANBARK RD, LEXINGTON, KY, 40515",37.968198545835,-84.494745680665
39214,122 W. MAXWELL ST.,Match,"122 W MAXWELL ST, LEXINGTON, KY, 40508",38.043880990975,-84.501919833918
42866,2220 NICHOLASVILLE RD STE. 166,Match,"2220 NICHOLASVILLE RD, LEXINGTON, KY, 40503",38.008008586798,-84.517638342533
30881,1125 TATES CREEK RD,Match,"1125 TATES CREEK RD, LEXINGTON, KY, 40502",38.025204695649,-84.490987390634
31973,460 E. MAIN STREET,Match,"460 E MAIN ST, LEXINGTON, KY, 40507",38.041748483447,-84.491907446513
119585,234 E. NEW CIRCLE ROAD,Match,"234 E NEW CIRCLE RD, LEXINGTON, KY, 40505",38.061661850166,-84.466634833951
30883,410 REDDING ROAD,Match,"410 REDDING RD, LEXINGTON, KY, 40517",37.985891677293,-84.499680685006
30889,816 EUCLID AVE,Match,"816 EUCLID AVE, LEXINGTON, KY, 40502",38.030051068317,-84.491143472976
31736,384 WOODLAND AVENUE,Match,"384 WOODLAND AVE, LEXINGTON, KY, 40508",38.034757654997,-84.49557494789
120569,3090 HELMSDALE PL,Match,"3090 HELMSDALE PL, LEXINGTON, KY, 40509",38.012333175486,-84.420828362787
48161,2555 NICHOLASVILLE ROAD,Match,"2555 NICHOLASVILLE RD, LEXINGTON, KY, 40503",38.000426011359,-84.520624330435
31976,1074 MERRICK DRIVE,Match,"1074 MERRICK DR, LEXINGTON, KY, 40502",37.992123652925,-84.492204100018
120795,829 CHEVY CHASE PLACE,Match,"829 CHEVY CHASE PL, LEXINGTON, KY, 40502",38.028996886209,-84.491780878159
30871,125 NORTH MT TABOR ROAD,Match,"125 N MOUNT TABOR RD, LEXINGTON, KY, 40509",38.006746371991,-84.449392796327
119576,3313 TAHOE ROAD,Match,"3313 TAHOE RD, LEXINGTON, KY, 40515",37.980668401613,-84.455039841805
30870,167 EAST REYNOLDS ROAD,Match,"167 E REYNOLDS RD, LEXINGTON, KY, 40517",37.990335997808,-84.52082359458
30873,218 MANDALEY ROAD,Match,"218 MANDALAY RD, LEXINGTON, KY, 40504",38.054747879955,-84.54380726507
31725,801 NORTH BROADWAY,Match,"801 N BROADWAY RD, LEXINGTON, KY, 40508",38.059876539894,-84.484329707954
30875,102 DENNIS DR,Match,"102 DENNIS DR, LEXINGTON, KY, 40503",38.003338203547,-84.522495454642
51713,1100 ARMSTRONG MILL ROAD,Match,"1100 ARMSTRONG MILL RD, LEXINGTON, KY, 40517",37.981387191982,-84.491645679593
120558,2670 SANDERSVILLE ROAD,Match,"2670 SANDERSVILLE RD, LEXINGTON, KY, 40511",38.089253912797,-84.536736457289
30874,2651 PALUMBO DRIVE,Match,"2651 PALUMBO DR, LEXINGTON, KY, 40509",38.012113739677,-84.437811150421
120559,360 SOUTHLAND DRIVE,Match,"360 SOUTHLAND DR, LEXINGTON, KY, 40503",38.017068144594,-84.525364065782
31724,6888 RUSSELL CAVE RD.,Match,"6888 RUSSELL CAVE RD, LEXINGTON, KY, 40511",38.194675073562,-84.397980170563
51715,2910 TATES CREEK RD,Match,"2910 TATES CREEK RD, LEXINGTON, KY, 40502",38.008005411155,-84.495747784114
120318,1070 CHINOE,Match,"1070 CHINOE RD, LEXINGTON, KY, 40502",37.996964005745,-84.481101771874
39671,4009 NICHOLASVILLE RD,Match,"4009 NICHOLASVILLE RD, LEXINGTON, KY, 40503",37.980370264556,-84.528552219725
31708,2468 NICHOLASVILLE ROAD,Match,"2468 NICHOLASVILLE RD, LEXINGTON, KY, 40503",38.00199913509,-84.51975945499
30860,1540 UNIVERSITY DRIVE,Match,"1540 UNIVERSITY CT, LEXINGTON, KY, 40503",38.020735764383,-84.509953367431
120389,2432 REGENCY ROAD,Match,"2432 REGENCY RD, LEXINGTON, KY, 40503",38.00381938108,-84.525061893554
122324,3450 TODDS ROAD,Match,"3450 TODDS RD, LEXINGTON, KY, 40509",38.00293916993,-84.414561899389
41508,4300 NICHOLASVILLE ROAD,Match,"4300 NICHOLASVILLE RD, LEXINGTON, KY, 40515",37.974269270598,-84.530628980848
122323,2536 LARKIN ROAD,Match,"2536 LARKIN RD, LEXINGTON, KY, 40503",37.999683414232,-84.516832287996
30868,818 EUCLID AVE,Match,"818 EUCLID AVE, LEXINGTON, KY, 40502",38.030030845681,-84.491121042125
50631,1070 NEWTOWN PIKE,Match,"1070 NEWTOWN PIKE, LEXINGTON, KY, 40511",38.077209286211,-84.493868892328
51963,367 E MAIN ST,Match,"367 E MAIN ST, LEXINGTON, KY, 40507",38.042020485512,-84.492021058462
48387,410 W. VINE ST.,Match,"410 W VINE ST, LEXINGTON, KY, 40507",38.049316781514,-84.501044692312
49234,868 -B E HIGH ST,Match,"868 E HIGH ST, LEXINGTON, KY, 40502",38.028644766623,-84.490292342543
51962,465 SPRINGHILL DRIVE,Match,"465 SPRINGHILL DR, LEXINGTON, KY, 40503",38.02761285382,-84.524417230766
30864,1540 UNIVERSTIY DRIVE,Match,"1540 UNIVERSITY CT, LEXINGTON, KY, 40503",38.020735764383,-84.509953367431
31711,4151 TATES CREEK CENTER,Match,"4151 TATES CREEK CENTRE DR, LEXINGTON, KY, 40517",37.969054633353,-84.500345088029
31710,652 E MAIN STREET,Match,"652 E MAIN ST, LEXINGTON, KY, 40508",38.036562772899,-84.486059178159
38574,325 S LIMESTONE ST,Match,"325 S LIMESTONE ST, LEXINGTON, KY, 40508",38.042895655199,-84.50206850817
43927,1515 MERCER RD,Match,"1515 MERCER RD, LEXINGTON, KY, 40511",38.075007025457,-84.514311956471
119399,1808 ALEXANDRIA DRIVE,Match,"1808 ALEXANDRIA DR, LEXINGTON, KY, 40504",38.03622771842,-84.551163003833
120374,1914 OXFORD CIRCLE,Match,"1914 OXFORD CIR, LEXINGTON, KY, 40504",38.049780489669,-84.54196859256
50640,410 W. VINE STREET,Match,"410 W VINE ST, LEXINGTON, KY, 40507",38.049316781514,-84.501044692312
38324,650 KENNEDY RD,Match,"650 KENNEDY RD, LEXINGTON, KY, 40511",38.072214934329,-84.498194241462
49212,325 ROMANY RD,Match,"325 ROMANY RD, LEXINGTON, KY, 40502",38.02018805409,-84.485721681738
30827,1000 MANCHESTER ST,Match,"1000 MANCHESTER ST, LEXINGTON, KY, 40508",38.053525111818,-84.511452547482
35287,1050 -C E CHINOE RD,Match,"1050 CHINOE RD, LEXINGTON, KY, 40502",37.998592663848,-84.480352920121
120358,131 CHEAPSIDE,Match,"131 CHEAPSIDE ST, LEXINGTON, KY, 40507",38.048006892173,-84.498386807715
47024,115 N LOCUST HILL DR,Match,"115 N LOCUST HILL DR, LEXINGTON, KY, 40509",38.00430215422,-84.446092742275
38315,313 S ASHLAND AVE,Match,"313 S ASHLAND AVE, LEXINGTON, KY, 40502",38.031104637015,-84.490323403366
30831,1761 ALEXANDRIA DR,Match,"1761 ALEXANDRIA DR, LEXINGTON, KY, 40504",38.039072937021,-84.552604947217
30830,2606 RICHMOND RD,Match,"2606 RICHMOND RD, LEXINGTON, KY, 40509",38.011438385432,-84.457283092374
30832,1375 S BROADWAY,Match,"1375 S BROADWAY RD, LEXINGTON, KY, 40504",38.033824183109,-84.523588922564
42361,101 LEXINGTON GREEN,Match,"101 LEXINGTON GREEN CIR, LEXINGTON, KY, 40503",37.99268567872,-84.523124984942
31476,7496 GRIMES MILL ROAD,Match,"7496 GRIMES MILL RD, LEXINGTON, KY, 40515",37.915895179854,-84.340372313637
32324,1401 LEESTOWN RD,Match,"1401 LEESTOWN RD, LEXINGTON, KY, 40511",38.063719596502,-84.520589621378
32322,2900 RICHMOND RD,Match,"2900 RICHMOND RD, LEXINGTON, KY, 40509",38.009089785874,-84.454592543329
32323,515 EUCLID AVE,Match,"515 EUCLID AVE, LEXINGTON, KY, 40502",38.033875504893,-84.49526397726
121155,1720 NICHOLASVILLE RD,Match,"1720 NICHOLASVILLE RD, LEXINGTON, KY, 40503",38.019213123081,-84.51371657933
32320,1488 ANNISTON DR,Match,"1488 ANNISTON DR, LEXINGTON, KY, 40505",38.056320702477,-84.438218436939
32321,2490 NICHOLASVILLE RD,Match,"2490 NICHOLASVILLE RD, LEXINGTON, KY, 40503",38.001202288875,-84.520041047295
45621,120 CHRYSALIS CT,Match,"120 CHRYSALIS CT, LEXINGTON, KY, 40508",38.0438871487,-84.499354004491
32314,900 WINCHESTER RD,Match,"900 WINCHESTER RD, LEXINGTON, KY, 40505",38.041654788321,-84.470499957263
32311,4020 GEORGETOWN RD,Match,"4020 GEORGETOWN RD, LEXINGTON, KY, 40511",38.138912417553,-84.53476560068
33401,201 EAST 5TH STREET,Match,"201 E 5TH ST, LEXINGTON, KY, 40508",38.05091541915,-84.486677411886
31469,3100 TATES CREEK ROAD,Match,"3100 TATES CREEK RD, LEXINGTON, KY, 40502",38.005099933697,-84.495734112419
32318,447 NEW CIRCLE ROAD,Match,"447 E NEW CIRCLE RD, LEXINGTON, KY, 40505",38.055781148967,-84.460559854917
32315,716 NORTH BROADWAY,Match,"716 N BROADWAY RD, LEXINGTON, KY, 40508",38.05821530373,-84.486510938357
32316,819 S LIMESTONE ST,Match,"819 S LIMESTONE ST, LEXINGTON, KY, 40508",38.032717940522,-84.509161167064
120292,107 TRAFTON,Match,"107 TRAFTON ST, LEXINGTON, KY, 40504",38.051788759531,-84.525797331777
120293,2040 LARKSPUR,Match,"2040 LARKSPUR DR, LEXINGTON, KY, 40504",38.027528059798,-84.544014432294
31690,3040 RICHMOND ROAD,Match,"3040 RICHMOND RD, LEXINGTON, KY, 40509",38.004497807891,-84.449598639501
31454,219 E NEW CIRCLE RD,Match,"219 E NEW CIRCLE RD, LEXINGTON, KY, 40505",38.061996811796,-84.466595511456
32302,143 JEFFERSON STREET,Match,"143 JEFFERSON ST, LEXINGTON, KY, 40508",38.05274479817,-84.501849692216
31695,2461 GEORGETOWN RD,Match,"2461 GEORGETOWN RD, LEXINGTON, KY, 40511",38.100889902516,-84.514208235678
32303,3251 CORNWALL DR,Match,"3251 CORNWALL DR, LEXINGTON, KY, 40503",37.997860404608,-84.555428528519
54375,3401 NICHOLASVILLE RD K-2,Match,"3401 NICHOLASVILLE RD, LEXINGTON, KY, 40503",37.98845683202,-84.525168704428
32300,855 S BROADWAY,Match,"855 S BROADWAY RD, LEXINGTON, KY, 40504",38.040123310045,-84.5133113563
31693,209 OLD GEORGETOWN STREET,Match,"209 OLD GEORGETOWN ST, LEXINGTON, KY, 40508",38.055798944283,-84.502670483261
33879,1875 AUGUSTA DR,Match,"1875 AUGUSTA DR, LEXINGTON, KY, 40505",38.055309151841,-84.439630967554
32307,"115 N. LOCUST HILL, STE. 105",Match,"115 N LOCUST HILL DR, LEXINGTON, KY, 40509",38.00430215422,-84.446092742275
31459,740 NEW CIRCLE RD,Match,"740 W NEW CIRCLE RD, LEXINGTON, KY, 40511",38.073357419009,-84.487867818728
43424,180 E. MAXWELL STREET,Match,"180 E MAXWELL ST, LEXINGTON, KY, 40508",38.041546977326,-84.499270695509
44742,1816 OXFORD CIRCLE,Match,"1816 OXFORD CIR, LEXINGTON, KY, 40504",38.048528028661,-84.539642195558
44731,215 E. SEVENTH STREET,Match,"215 E 7TH ST, LEXINGTON, KY, 40508",38.053067362661,-84.481515181267
122041,2323 WOODHILL DRIVE,Match,"2323 WOODHILL DR, LEXINGTON, KY, 40509",38.017642086945,-84.455714866189
30573,1896 COURTLAND,Match,"1896 COURTLAND DR, LEXINGTON, KY, 40505",38.055103887975,-84.443128836983
32512,703 E NEW CIRCLE RD,Match,"703 E NEW CIRCLE RD, LEXINGTON, KY, 40505",38.047743898327,-84.453918636475
32996,2571 REGENCY RD,Match,"2571 REGENCY RD, LEXINGTON, KY, 40503",38.001324812293,-84.524816531468
32994,435 W NEW CIRCLE ROAD,Match,"435 W NEW CIRCLE RD, LEXINGTON, KY, 40511",38.071067491993,-84.476940865282
32517,154 PATCHEN DRIVE,Match,"154 PATCHEN DR, LEXINGTON, KY, 40517",38.008354470155,-84.455821142583
32515,1301 WINCHESTER RD,Match,"1301 WINCHESTER RD, LEXINGTON, KY, 40505",38.042843489057,-84.458376273754
32997,552 COLUMBIA AVENUE,Match,"552 COLUMBIA AVE, LEXINGTON, KY, 40508",38.030927417586,-84.497426260774
50802,3500 SHILLITO PARK DRIVE,Match,"3500 SHILLITO PARK RD, LEXINGTON, KY, 40503",37.981851978381,-84.5353707133
122272,110 CYNTHIA DRIVE,Match,"110 CYNTHIA DR, NICHOLASVILLE, KY, 40356",37.956836229859,-84.536168282682
31652,2420 SPURR ROAD,Match,"2420 SPURR RD, LEXINGTON, KY, 40511",38.10429417655,-84.515613922805
32500,1060 WINBURN DR,Match,"1060 WINBURN DR, LEXINGTON, KY, 40511",38.088639813658,-84.478016472095
31651,214 SOUTH LIMESTONE STREET,Match,"214 S LIMESTONE ST, LEXINGTON, KY, 40508",38.044933222857,-84.498979743664
49170,890 E HIGH ST,Match,"890 E HIGH ST, LEXINGTON, KY, 40502",38.0278743416,-84.490477801992
32508,108 WINSLOW STREET,Match,"108 WINSLOW ST, LEXINGTON, KY, 40508",38.041894822551,-84.50435443057
32502,4595 BRYAN STATION ROAD,Match,"4595 BRYAN STATION RD, LEXINGTON, KY, 40516",38.104251858172,-84.375700857348
41689,1440 FORBES ROAD,Match,"1440 N FORBES RD, LEXINGTON, KY, 40511",38.06673371103,-84.519832647478
40357,1962 HARRODSBURG RD,Match,"1962 HARRODSBURG RD, LEXINGTON, KY, 40503",38.027145518937,-84.533665276028
30794,3111 SPURR ROAD,Match,"3111 SPURR RD, LEXINGTON, KY, 40511",38.110386187212,-84.539764211305
31641,560 EUREKA SPRINGS DRIVE,Match,"560 EUREKA SPRINGS DR, LEXINGTON, KY, 40517",37.996133589439,-84.457336763346
32973,300 N. MARTIN LUTHER KING BLVD,Match,"300 N MARTIN LUTHER KING BLVD, LEXINGTON, KY, 40508",38.048009363626,-84.490799328669
32974,647 WEST MAIN STREET,Match,"647 W MAIN ST, LEXINGTON, KY, 40508",38.052359073811,-84.503628098894
30796,7463 ATHENS-BOONESBORO ROAD,Match,"7463 ATHENS BOONESBORO RD, LEXINGTON, KY, 40509",37.932519736831,-84.341081804463
31643,1050 LANE ALLEN RD,Match,"1050 LANE ALLEN RD, LEXINGTON, KY, 40504",38.033583138571,-84.554342041712
122497,726 GEORGETOWN STREET,Match,"726 GEORGETOWN RD, LEXINGTON, KY, 40508",38.067989638717,-84.503654260243
122012,101 W. LOUDON AVE 138/140,Match,"101 W LOUDON AVE, LEXINGTON, KY, 40508",38.057365606284,-84.481536626574
30792,101 COCHRAN RD,Match,"101 COCHRAN RD, LEXINGTON, KY, 40502",38.027524153072,-84.490423217626
30791,481 WEST NEW CIRCLE RD,Match,"481 W NEW CIRCLE RD, LEXINGTON, KY, 40511",38.071111764426,-84.477029410128
31649,350 N LIMESTONE ST,Match,"350 N LIMESTONE ST, LEXINGTON, KY, 40508",38.050250705514,-84.491442797355
31408,537 A WALLER AVENUE,Match,"537 WALLER AVE, LEXINGTON, KY, 40504",38.033016721323,-84.522748966635
30798,1479 BOARDWALK,Match,"1479 BOARDWALK, LEXINGTON, KY, 40511",38.072000248697,-84.48296395356
32977,561 BRECKINRIDGE,Match,"561 BRECKENRIDGE ST, LEXINGTON, KY, 40508",38.04800817273,-84.477072228652
30797,475 PRICE ROAD,Match,"475 PRICE RD, LEXINGTON, KY, 40508",38.069800856858,-84.506095407146
31644,355 ROMANY RD,Match,"355 ROMANY RD, LEXINGTON, KY, 40502",38.019363629128,-84.486029821705
31647,230 W MAIN STREET,Match,"230 W MAIN ST, LEXINGTON, KY, 40507",38.047505320114,-84.49837047675
30799,2566 RICHMOND RD,Match,"2566 RICHMOND RD, LEXINGTON, KY, 40509",38.011486102633,-84.457336315395
119913,394 WINTON RD,Match,"394 WINTON RD, VERSAILLES, KY, 40383",38.038473794025,-84.698077087941
32163,4195 TATES CREEK ROAD,Match,"4195 TATES CREEK RD, LEXINGTON, KY, 40517",37.969817616346,-84.497046812479
33494,968 LANE ALLEN RD,Match,"968 LANE ALLEN RD, LEXINGTON, KY, 40504",38.031257611569,-84.547706007484
32161,2104 EASTWAY DRIVE,Match,"2104 EASTWAY DR, LEXINGTON, KY, 40503",38.015044914554,-84.52427918338
119918,2575 KNIGHTSBRIDGE,Match,"2575 KNIGHTSBRIDGE LN, LEXINGTON, KY, 40509",38.02932430564,-84.447347221181
119915,4400 BRIAR HILL ROAD,Match,"4400 BRIAR HILL RD, LEXINGTON, KY, 40516",38.066777478766,-84.360631832919
34104,2290 ELKHORN ROAD,Match,"2290 ELKHORN RD, LEXINGTON, KY, 40505",38.042110719212,-84.423789600045
32167,3334 CLAYS MILL ROAD,Match,"3334 CLAYS MILL RD, LEXINGTON, KY, 40503",37.996863197986,-84.548270113657
33014,1085 EAST NEW CIRCLE ROAD,Match,"1085 E NEW CIRCLE RD, LEXINGTON, KY, 40505",38.035489899082,-84.453870937453
32164,1642 HARRODSBURG RD,Match,"1642 HARRODSBURG RD, LEXINGTON, KY, 40504",38.031284505409,-84.527299247403
53663,"866 GEORGETOWN ST., BLUE BLDG",Match,"866 GEORGETOWN RD, LEXINGTON, KY, 40511",38.069824095071,-84.504260436332
34108,1198 WINBURN DRIVE,Match,"1198 WINBURN DR, LEXINGTON, KY, 40511",38.087946356489,-84.472689113875
33483,427 E. SIXTH STREET,Match,"427 E 6TH ST, LEXINGTON, KY, 40508",38.048795388131,-84.480608412329
122082,3735 PALOMAR CENTRE DRIVE,Match,"3735 PALOMAR CENTRE DR, LEXINGTON, KY, 40513",38.003459531439,-84.571166851002
119907,161 E. REYNOLDS ROAD,Match,"161 E REYNOLDS RD, LEXINGTON, KY, 40517",37.990420125629,-84.521064090357
31069,3014 RICHMOND ROAD,Match,"3014 RICHMOND RD, LEXINGTON, KY, 40509",38.005141577846,-84.450264453335
33007,1220 N LIMESTONE ST,Match,"1220 N LIMESTONE ST, LEXINGTON, KY, 40505",38.061563800073,-84.475328590061
32399,401 W MAIN ST-SUITE 115,Match,"401 W MAIN ST, LEXINGTON, KY, 40507",38.04901355511,-84.499859450443
31064,919 WINCHESTER RD,Match,"919 WINCHESTER RD, LEXINGTON, KY, 40505",38.041756852156,-84.470659789497
32398,2467 NICHOLASVILLE RD.,Match,"2467 NICHOLASVILLE RD, LEXINGTON, KY, 40503",38.001567791165,-84.520218241441
33487,831 LANE ALLEN RD,Match,"831 LANE ALLEN RD, LEXINGTON, KY, 40504",38.02840946147,-84.537569860278
31067,1487 BOARDWALK DRIVE,Match,"1487 BOARDWALK, LEXINGTON, KY, 40511",38.072240958404,-84.482906183218
33485,2399 RICHMOND RD,Match,"2399 RICHMOND RD, LEXINGTON, KY, 40502",38.014498609845,-84.460350560872
36515,3341 POST ROAD,Match,"3341 POST RD, LEXINGTON, KY, 40503",37.993512001515,-84.546399069707
45453,180 EAST NEW CIRCLE RD,Match,"180 E NEW CIRCLE RD, LEXINGTON, KY, 40505",38.063081572161,-84.468052030181
35891,1998 HARRODSBURG ROAD,Match,"1998 HARRODSBURG RD, LEXINGTON, KY, 40503",38.026523027785,-84.534744100293
31293,1940 CAMBRIDGE DR.,Match,"1940 CAMBRIDGE DR, LEXINGTON, KY, 40504",38.050620099677,-84.545321006068
31054,1951 STANTON WAY,Match,"1951 STANTON WAY, LEXINGTON, KY, 40511",38.102391303182,-84.483726840037
43021,115 N. LOCUST HILL,Match,"115 N LOCUST HILL DR, LEXINGTON, KY, 40509",38.00430215422,-84.446092742275
43023,1608 HILL RISE DRIVE,Match,"1608 HILL RISE DR, LEXINGTON, KY, 40504",38.046841877785,-84.533509171925
31040,750 EAST NEW CIRCLE RD,Match,"750 E NEW CIRCLE RD, LEXINGTON, KY, 40505",38.047142371604,-84.454163480561
31046,2813 SNOW ROAD,Match,"2813 SNOW RD, LEXINGTON, KY, 40517",37.993921380044,-84.458359730389
31287,161 BRUCE ST,Match,"161 BRUCE ST, LEXINGTON, KY, 40507",38.052419116011,-84.500407008627
51036,800 E. MAIN STREET,Match,"800 E MAIN ST, LEXINGTON, KY, 40502",38.03510885342,-84.484456019494
31044,2832 SNOW ROAD,Match,"2832 SNOW RD, LEXINGTON, KY, 40517",37.99345425251,-84.457911495953
46766,5360 ATHENS-BOONESBORO ROAD,Match,"5360 ATHENS BOONESBORO RD, LEXINGTON, KY, 40509",37.964324192097,-84.391653852618
120708,610 WEST 3RD ST.,Match,"610 W 3RD ST, LEXINGTON, KY, 40508",38.057074136993,-84.501057176489
46762,251 E MAXWELL ST,Match,"251 E MAXWELL ST, LEXINGTON, KY, 40508",38.040399196403,-84.497786512913
119719,215 EAST 7TH STREET,Match,"215 E 7TH ST, LEXINGTON, KY, 40508",38.053067362661,-84.481515181267
36726,641 RED MILE ROAD,Match,"641 RED MILE RD, LEXINGTON, KY, 40504",38.048763341174,-84.523245038326
120704,371 THOMPSON ROAD,Match,"371 THOMPSON RD, LEXINGTON, KY, 40508",38.057415595617,-84.518153052737
120948,2468 NICHOLASVILLE RD,Match,"2468 NICHOLASVILLE RD, LEXINGTON, KY, 40503",38.00199913509,-84.51975945499
120701,1030 SOUTH BROADWAY STE. 7,Match,"1030 S BROADWAY RD, LEXINGTON, KY, 40504",38.03808243971,-84.516279575827
37812,1500 TRENT BLVD.,Match,"1500 TRENT BLVD, LEXINGTON, KY, 40515",37.966954214966,-84.476822989726
33459,2397 NICHOLASVILLE RD,Match,"2397 NICHOLASVILLE RD, LEXINGTON, KY, 40503",38.003570220235,-84.519516577493
45420,580 GREENFIELD DRIVE,Match,"580 GREENFIELD DR, LEXINGTON, KY, 40517",37.973320967633,-84.505197988011
45421,1065 NEW CIRCLE RD,Match,"1065 E NEW CIRCLE RD, LEXINGTON, KY, 40505",38.036262329212,-84.454047973814
31024,1315 WINCHESTER RD,Match,"1315 WINCHESTER RD, LEXINGTON, KY, 40505",38.042860844562,-84.458257677781
119711,2955 MCBRAYER RD,Match,"2955 MCBRAYER RD, CLEARFIELD, KY, 40313",38.149411921245,-83.471417935057
31021,2300 PALUMBO DRIVE,Match,"2300 PALUMBO DR, LEXINGTON, KY, 40509",38.022599520567,-84.454569349704
31023,380 S. MILL,Match,"380 S MILL ST, LEXINGTON, KY, 40508",38.045423402249,-84.502671974799
31022,850 LANE ALLEN RD,Match,"850 LANE ALLEN RD, LEXINGTON, KY, 40504",38.030499188015,-84.542996017838
43235,450 SOUTHLAND DRIVE,Match,"450 SOUTHLAND DR, LEXINGTON, KY, 40503",38.019331950421,-84.527768331536
119933,300 QUINTON CT. 22103,Match,"300 QUINTON CT, LEXINGTON, KY, 40509",38.012864124627,-84.455204411868
119934,645 ESTRELLA DR,Match,"645 ESTRELLA DR, LEXINGTON, KY, 40511",38.095841227726,-84.53342425489
31491,1880 NEWTOWN PIKE,Match,"1880 NEWTOWN PIKE, LEXINGTON, KY, 40511",38.095016318778,-84.486401869048
45419,1625 RUSSELL CAVE RD.,Match,"1625 RUSSELL CAVE RD, LEXINGTON, KY, 40505",38.077522622341,-84.472097016517
31014,3130 PIMLICO PKWY,Match,"3130 PIMLICO PKWY, LEXINGTON, KY, 40517",37.986858277476,-84.461595802107
31016,801 EUCLID AVE,Match,"801 EUCLID AVE, LEXINGTON, KY, 40502",38.030288244458,-84.491213365451
31499,3341 CLAYS MILL RD,Match,"3341 CLAYS MILL RD, LEXINGTON, KY, 40503",37.997016266676,-84.54833764719
31494,1949 NICHOLASVILLE RD,Match,"1949 NICHOLASVILLE RD, LEXINGTON, KY, 40503",38.012372936489,-84.516377487777
31012,1505 RUSSELL CAVE RD.,Match,"1505 RUSSELL CAVE RD, LEXINGTON, KY, 40505",38.071164841286,-84.476677610014
33430,1416 VERSAILLES ROAD,Match,"1416 VERSAILLES RD, LEXINGTON, KY, 40504",38.049358969239,-84.5271624427
31018,185 SOUTHLAND DRIVE,Match,"185 SOUTHLAND DR, LEXINGTON, KY, 40503",38.012412078647,-84.519322241847
31486,1901 APPOMATTOX RD,Match,"1901 APPOMATTOX RD, LEXINGTON, KY, 40504",38.036657391223,-84.547969622742
33422,760 FLORENCE AVENUE,Match,"760 FLORENCE AVE, LEXINGTON, KY, 40508",38.066463465528,-84.506511438332
35843,1951 NORTH BROADWAY,Match,"1951 N BROADWAY RD, LEXINGTON, KY, 40505",38.075075736074,-84.457766286583
31483,2626 RICHMOND ROAD,Match,"2626 RICHMOND RD, LEXINGTON, KY, 40509",38.010529775988,-84.456239315621
35840,385 S LIMESTONE ST,Match,"385 S LIMESTONE ST, LEXINGTON, KY, 40508",38.041806293023,-84.503563112682
54104,505 KINGSTON RD,Match,"505 KINGSTON RD, LEXINGTON, KY, 40505",38.084150277903,-84.448457115914
31000,101 N. BROADWAY,Match,"101 N BROADWAY RD, LEXINGTON, KY, 40507",38.049013547008,-84.499859290072
53014,425 CODELL DRIVE,Match,"425 CODELL DR, LEXINGTON, KY, 40509",38.02036748907,-84.452335350877
44790,4456 NICHOLASVILLE ROAD,Match,"4456 OLD NICHOLASVILLE RD, LEXINGTON, KY, 40515",37.968112682386,-84.532567913254
54106,1101 EAST NEW CIRCLE ROAD,Match,"1101 E NEW CIRCLE RD, LEXINGTON, KY, 40505",38.034714143855,-84.453636256977
31007,1429 VILLAGE DR,Match,"1429 VILLAGE DR, LEXINGTON, KY, 40504",38.047924017879,-84.549140997522
33428,580 EUREKA SPRINGS DRIVE,Match,"580 EUREKA SPRINGS DR, LEXINGTON, KY, 40517",37.99598022131,-84.45724247025
31006,1940 EASTLAND PKWY,Match,"1940 EASTLAND PKWY, LEXINGTON, KY, 40505",38.054620699965,-84.436925723144
47379,1539 EASTLAND PKWY STE. 100,Match,"1539 EASTLAND PKWY, LEXINGTON, KY, 40505",38.046090713646,-84.452686367899
47138,343 EAST HIGH STREET,Match,"343 E HIGH ST, LEXINGTON, KY, 40507",38.040921394877,-84.49429620175
37333,117 N LIMESTONE ST,Match,"117 N LIMESTONE ST, LEXINGTON, KY, 40507",38.046929693584,-84.496386764818
119400,3650 BOSTON ROAD,Match,"3650 BOSTON RD, LEXINGTON, KY, 40514",37.98048457978,-84.551138754078
120862,424 EAST NEW CIRCLE ROAD,Match,"424 E NEW CIRCLE RD, LEXINGTON, KY, 40505",38.056414838512,-84.461522929867
120622,1085 E. NEW CIRCLE ROAD,Match,"1085 E NEW CIRCLE RD, LEXINGTON, KY, 40505",38.035489899082,-84.453870937453
121952,2001 BRYANT ROAD,Match,"2001 BRYANT RD, LEXINGTON, KY, 40509",38.018622771525,-84.411230207133
119402,1060 CHINOE ROAD,Match,"1060 CHINOE RD, LEXINGTON, KY, 40502",37.997769521367,-84.48071491237
30944,3130 PIMLICO PARKWAY,Match,"3130 PIMLICO PKWY, LEXINGTON, KY, 40517",37.986858277476,-84.461595802107
30947,2034 GARDEN SPRINGS DR,Match,"2034 GARDEN SPRINGS DR, LEXINGTON, KY, 40504",38.028315577614,-84.542429873895
30946,155 EAST REYNOLDS ROAD,Match,"155 E REYNOLDS RD, LEXINGTON, KY, 40517",37.99050425345,-84.521304586133
30941,3469 BUCKHORN DR,Match,"3469 BUCKHORN DR, LEXINGTON, KY, 40515",37.976282260882,-84.458976672545
30942,1392 TRENT BLVD,Match,"1392 TRENT BLVD, LEXINGTON, KY, 40517",37.969935554615,-84.479970609081
49548,3180 RICHMOND RD,Match,"3180 RICHMOND RD, LEXINGTON, KY, 40509",38.001432465282,-84.446394549313
49545,401 RACE ST,Match,"401 RACE ST, LEXINGTON, KY, 40508",38.045467506255,-84.484374047263
36232,433 JERSEY ST,Match,"433 JERSEY ST, LEXINGTON, KY, 40508",38.043590495506,-84.502139329103
119867,224 MCCONNELLS TRACE,Match,"224 MCCONNELLS TRCE, LEXINGTON, KY, 40511",38.086797021458,-84.560651749314
119873,4750 HARTLAND PARKWAY,Match,"4750 HARTLAND PKWY, LEXINGTON, KY, 40515",37.960989548405,-84.480744164403
50321,726 E MAIN ST,Match,"726 E MAIN ST, LEXINGTON, KY, 40502",38.035832649473,-84.485258282967
54922,921 BEAUMONT CENTRE PKWY,Match,"921 BEAUMONT CENTRE PKWY, LEXINGTON, KY, 40513",38.014696225509,-84.555771541364
44092,2909 RICHMOND ROAD,Match,"2909 RICHMOND SRD, LEXINGTON, KY, 40509",38.005984188764,-84.449315606281
48691,3110 PIMLICO PKWY,Match,"3110 PIMLICO PKWY, LEXINGTON, KY, 40517",37.986079134804,-84.460636864105
30931,"2360 WOODHILL DR., STE. 100",Match,"2360 WOODHILL DR, LEXINGTON, KY, 40509",38.017278403734,-84.454660885066
54924,318 SOUTHLAND DRIVE,Match,"318 SOUTHLAND DR, LEXINGTON, KY, 40503",38.016165754175,-84.52428237968
30915,201 NORTH LIMESTONE,Match,"201 N LIMESTONE ST, LEXINGTON, KY, 40507",38.048293548493,-84.494387324374
34281,456 E NEW CIRCLE RD,Match,"456 E NEW CIRCLE RD, LEXINGTON, KY, 40505",38.055463078942,-84.460630624337
34288,3385 NICHOLASVILLE ROAD,Match,"3385 NICHOLASVILLE RD, LEXINGTON, KY, 40503",37.988741371414,-84.525027573742
120605,1907 VERSAILLES RD,Match,"1907 VERSAILLES RD, LEXINGTON, KY, 40504",38.048296079609,-84.5374719872
120607,826 EAST SEVENTH STREET,Match,"826 E 7TH ST, LEXINGTON, KY, 40505",38.043651979818,-84.470837694755
30925,913 GEORGETOWN RD,Match,"913 GEORGETOWN RD, LEXINGTON, KY, 40511",38.072263022023,-84.505233060109
120601,128 BURT RD,Match,"128 BURT RD, LEXINGTON, KY, 40503",38.007428224475,-84.519547405285
53846,2245 GULFSTREAM DRIVE,Match,"2245 GULFSTREAM DR, LEXINGTON, KY, 40504",38.020777697802,-84.550270714602
30909,2319 CLAYS MILL RD,Match,"2319 CLAYS MILL RD, LEXINGTON, KY, 40503",38.017930391336,-84.535663527589
30904,109 MT TABOR RD,Match,"109 MOUNT TABOR RD, LEXINGTON, KY, 40517",38.005006863421,-84.451552194834
30907,3500 VERSAILLES RD,Match,"3500 VERSAILLES RD, LEXINGTON, KY, 40510",38.043981422739,-84.579177359286
47344,3197 CLAYS MILL RD,Match,"3197 CLAYS MILL RD, LEXINGTON, KY, 40503",38.001688993296,-84.545591078081
30906,412 COCHRAN RD,Match,"412 COCHRAN RD, LEXINGTON, KY, 40502",38.023292827235,-84.487400628068
33185,599 LIMA DRIVE,Match,"599 LIMA DR, LEXINGTON, KY, 40511",38.072835263652,-84.508006095005
34275,3735 PALOMAR CENTRE DR.,Match,"3735 PALOMAR CENTRE DR, LEXINGTON, KY, 40513",38.003459531439,-84.571166851002
50583,4204 SARON DR.,Match,"4204 SARON DR, LEXINGTON, KY, 40515",37.96788734558,-84.502340087246
121926,559 OHIO STREET,Match,"559 OHIO ST, LEXINGTON, KY, 40508",38.049552719235,-84.483077958268
30911,941 WINCHESTER ROAD,Match,"941 WINCHESTER RD, LEXINGTON, KY, 40505",38.041864950117,-84.469385780445
120834,5350 ATHENS BOONESBORO ROAD,Match,"5350 ATHENS BOONESBORO RD, LEXINGTON, KY, 40509",37.96441846759,-84.391814432032
47339,1418 VILLAGE DRIVE,Match,"1418 VILLAGE DR, LEXINGTON, KY, 40504",38.048527057683,-84.549071676633
36200,"395 SOUTH LIMESTONE, STE. 110",Match,"395 S LIMESTONE ST, LEXINGTON, KY, 40508",38.041663687149,-84.503760566972
33170,4141 TATES CREEK ROAD,Match,"4141 TATES CREEK RD, LEXINGTON, KY, 40517",37.970609328566,-84.497242427062
33179,1389 PRIDEMORE COURT,Match,"1389 PRIDEMORE CT, LEXINGTON, KY, 40505",38.038526831128,-84.455634314501
119688,740 W NEW CIRCLE ROAD,Match,"740 W NEW CIRCLE RD, LEXINGTON, KY, 40511",38.073357419009,-84.487867818728
119682,1101 RUSSELL CAVE RD,Match,"1101 RUSSELL CAVE RD, LEXINGTON, KY, 40505",38.066422392744,-84.483595182069
120427,1000 MANCHESTER STREET,Match,"1000 MANCHESTER ST, LEXINGTON, KY, 40508",38.053525111818,-84.511452547482
50119,4200 SARON DR,Match,"4200 SARON DR, LEXINGTON, KY, 40515",37.967985654375,-84.502380096628
49981,3841 NICHOLASVILLE CENTER ROAD,Match,"3841 NICHOLASVILLE SRD, LEXINGTON, KY, 40503",37.982834533096,-84.528499496881
120898,3325 KEITHSHIRE WAY,Match,"3325 KEITHSHIRE WAY, LEXINGTON, KY, 40503",37.995942552221,-84.550361730637
120417,410 REDDING RD,Match,"410 REDDING RD, LEXINGTON, KY, 40517",37.985891677293,-84.499680685006
40915,803 SOUTH BROADWAY,Match,"803 S BROADWAY RD, LEXINGTON, KY, 40504",38.041295946129,-84.512202773991
47306,299 COLONY BLVD,Match,"299 COLONY BLVD, LEXINGTON, KY, 40502",38.022297560736,-84.488140182827
43186,3401 NICHOLASVILLE ROAD FC-9,Match,"3401 NICHOLASVILLE RD, LEXINGTON, KY, 40503",37.98845683202,-84.525168704428
48874,1030 S BROADWAY,Match,"1030 S BROADWAY RD, LEXINGTON, KY, 40504",38.03808243971,-84.516279575827
43189,"3401 NICHOLASVILLE RD, SP#FC-5",Match,"3401 NICHOLASVILLE RD, LEXINGTON, KY, 40503",37.98845683202,-84.525168704428
119649,400 WILSON DOWNING RD,Match,"400 WILSON DOWNING RD, LEXINGTON, KY, 40517",37.981003315254,-84.513837118601
32052,"3120 PIMLICO PKWY, STE. 154",Match,"3120 PIMLICO PKWY, LEXINGTON, KY, 40517",37.986437602225,-84.46117919731
32294,3429 BUCKHORN DR,Match,"3429 BUCKHORN DR, LEXINGTON, KY, 40515",37.976161101173,-84.458018205325
32292,"3130 PIMLICO PARKWAY, STE. 101",Match,"3130 PIMLICO PKWY, LEXINGTON, KY, 40517",37.986858277476,-84.461595802107
119406,807 EUCILD AVENUE,Match,"807 EUCLID AVE, LEXINGTON, KY, 40502",38.030227576548,-84.491146072898
119410,101 LOUDON,Match,"101 W LOUDON AVE, LEXINGTON, KY, 40508",38.057365606284,-84.481536626574
119411,543 S LIMESTONE,Match,"543 S LIMESTONE ST, LEXINGTON, KY, 40508",38.039105445096,-84.506804500916
121961,4055 NICHOLS PARK DRIVE,Match,"4055 NICHOLS PARK, LEXINGTON, KY, 40503",37.979705191685,-84.532826133835
54985,117 S UPPER ST,Match,"117 S UPPER ST, LEXINGTON, KY, 40507",38.047083579434,-84.498143787499
32299,133 BARR ST,Match,"133 BARR ST, LEXINGTON, KY, 40507",38.046947081298,-84.49494634024
32054,1230 NEW CIRCLE RD NE,Match,"1230 E NEW CIRCLE RD, LEXINGTON, KY, 40505",38.031179027101,-84.452860902088
54983,210 OLD MT. TABOR RD.,Match,"210 OLD MOUNT TABOR RD, LEXINGTON, KY, 40502",38.00766627181,-84.492696285517
119655,124 MALABU DRIVE,Match,"124 MALABU DR, LEXINGTON, KY, 40503",38.00279794787,-84.518006520499
54982,3151 MAPLELEAF DR.,Match,"3151 MAPLELEAF DR, LEXINGTON, KY, 40509",38.006314662953,-84.424940844635
120465,1011 SOUTH BROADWAY AVENUE,Match,"1011 S BROADWAY RD, LEXINGTON, KY, 40504",38.03841045707,-84.515991083513
30783,391 ROSE ST,Match,"391 ROSE ST, LEXINGTON, KY, 40508",38.038164214079,-84.499408804432
32962,170 JEFFERSON ST,Match,"170 JEFFERSON ST, LEXINGTON, KY, 40508",38.053134354105,-84.501096531401
30782,3383 TATES CREEK RD,Match,"3383 TATES CREEK RD, LEXINGTON, KY, 40502",37.99451390824,-84.495524894516
119485,503 S. UPPER STREET,Match,"503 S UPPER ST, LEXINGTON, KY, 40508",38.043454560051,-84.503407516922
55166,612 BRYANWOOD PKWY,Match,"612 BRYANWOOD PKWY, LEXINGTON, KY, 40505",38.056229791618,-84.451789624323
31631,430 WEST VINE ST,Match,"430 W VINE ST, LEXINGTON, KY, 40507",38.049432604464,-84.500968150647
32961,790 E NEW CIRCLE RD,Match,"790 E NEW CIRCLE RD, LEXINGTON, KY, 40505",38.046233021129,-84.454148992828
30781,1771 ALEXANDRIA DR,Match,"1771 ALEXANDRIA DR, LEXINGTON, KY, 40504",38.038846343598,-84.552609982642
31638,170 THE ESPLANADE,Match,"170 ESPLANADE ALY, LEXINGTON, KY, 40507",38.044644864342,-84.493994225021
31639,2550 PARIS PIKE,Match,"2550 PARIS PIKE, LEXINGTON, KY, 40511",38.083593085499,-84.442244715689
32969,570 E 7TH STREET,Match,"570 E 7TH ST, LEXINGTON, KY, 40505",38.048417656135,-84.475980409554
30789,1945 EASTLAND PKWY,Match,"1945 EASTLAND PKWY, LEXINGTON, KY, 40505",38.054159161863,-84.437669387045
31636,430 WEST VINE STREET,Match,"430 W VINE ST, LEXINGTON, KY, 40507",38.049432604464,-84.500968150647
50717,2640 RICHMOND RD,Match,"2640 RICHMOND RD, LEXINGTON, KY, 40509",38.010266413172,-84.455937876318
31619,2250 CLAYS MILL RD,Match,"2250 CLAYS MILL RD, LEXINGTON, KY, 40503",38.018212649984,-84.535354710569
30530,235 WALTON AVE,Match,"235 WALTON AVE, LEXINGTON, KY, 40502",38.040364128481,-84.480960414432
48291,3349 TATES CREEK RD,Match,"3349 TATES CREEK RD, LEXINGTON, KY, 40502",37.995919771881,-84.495711224299
30771,470 COOPER DRIVE,Match,"470 COOPER DR, LEXINGTON, KY, 40502",38.025319526004,-84.500765768381
30774,5569 BRIAR HILL ROAD,Match,"5569 BRIAR HILL RD, PARIS, KY, 40361",38.070461831497,-84.323336912099
30773,2350 WOODHILL DR,Match,"2350 WOODHILL DR, LEXINGTON, KY, 40509",38.017345140045,-84.454949084827
27377,3292 RICHMOND RD.,Match,"3292 RICHMOND RD, LEXINGTON, KY, 40509",37.999764857967,-84.444621813386
120453,337 S MILL ST,Match,"337 S MILL ST, LEXINGTON, KY, 40508",38.046268868629,-84.501695473165
48299,3735 PALOMAR CENTER DRIVE-#80,Match,"3735 PALOMAR CENTRE DR, LEXINGTON, KY, 40513",38.003459531439,-84.571166851002
31628,430 W. VINE STREET,Match,"430 W VINE ST, LEXINGTON, KY, 40507",38.049432604464,-84.500968150647
30775,2012 REGENCY RD,Match,"2012 REGENCY RD, LEXINGTON, KY, 40503",38.013375823887,-84.522104433049
30777,224 E MAIN ST,Match,"224 E MAIN ST, LEXINGTON, KY, 40507",38.044403313733,-84.494926277545
32954,2350 WOODHILL,Match,"2350 WOODHILL DR, LEXINGTON, KY, 40509",38.017345140045,-84.454949084827
30761,3261 NICHOLASVILLE RD,Match,"3261 NICHOLASVILLE RD, LEXINGTON, KY, 40503",37.991732430868,-84.52358631216
30760,1228 S BROADWAY,Match,"1228 S BROADWAY RD, LEXINGTON, KY, 40504",38.035026242059,-84.521024932559
30763,3391 TATES CREEK RD,Match,"3391 TATES CREEK RD, LEXINGTON, KY, 40502",37.992937700049,-84.495298724874
31610,1318 VERSAILLES ROAD,Match,"1318 VERSAILLES RD, LEXINGTON, KY, 40504",38.049732534018,-84.523292838129
120442,3349 HARSTON DR,Match,"3349 HARTSTON DR, LEXINGTON, KY, 40515",37.974156516666,-84.459037810918
30769,6270 ATHENS WALNUT HILL RD,Match,"6270 ATHENS WALNUT HILL PIKE, LEXINGTON, KY, 40515",37.950111228283,-84.367418659137
30768,475 S ASHLAND AVE,Match,"475 S ASHLAND AVE, LEXINGTON, KY, 40502",38.028876277781,-84.492691102769
31615,825 LANE ALLEN,Match,"825 LANE ALLEN RD, LEXINGTON, KY, 40504",38.028356274971,-84.537455393711
31617,1451 BRYAN AVENUE,Match,"1451 BRYAN AVE, LEXINGTON, KY, 40505",38.059300394455,-84.467517299798
32947,878 E HIGH ST,Match,"878 E HIGH ST, LEXINGTON, KY, 40502",38.028384478423,-84.490360994937
31612,2010 LEESTOWN RD,Match,"2010 LEESTOWN RD, LEXINGTON, KY, 40511",38.072167882142,-84.533467728805
30764,928 N LIMESTONE ST,Match,"928 N LIMESTONE ST, LEXINGTON, KY, 40505",38.059006053633,-84.478987207891
30766,195 N ASHLAND AVE,Match,"195 N ASHLAND AVE, LEXINGTON, KY, 40502",38.037520521591,-84.481143294046
31613,135 GRAHAM AVE,Match,"135 GRAHAM AVE, LEXINGTON, KY, 40508",38.035336281992,-84.5054938945
41646,127 W. TIVERTON DR.,Match,"127 W TIVERTON WAY, LEXINGTON, KY, 40503",37.981152821875,-84.53132802812
44915,4101 TATES CREEK CTR DR,Match,"4101 TATES CREEK CENTRE DR, LEXINGTON, KY, 40517",37.96993417395,-84.497580956576
40797,133 N.LOCUST HILL DRIVE,Match,"133 N LOCUST HILL DR, LEXINGTON, KY, 40509",38.005078203238,-84.444633496607
44911,319 -A S LIMESTONE,Match,"319 S LIMESTONE ST, LEXINGTON, KY, 40508",38.043025357473,-84.501901748101
30990,1919 BRYNELL DR,Match,"1919 BRYNELL DR, LEXINGTON, KY, 40505",38.060903904241,-84.445549602725
30758,2270 ELKHORN DR,Match,"2270 ELKHORN RD, LEXINGTON, KY, 40505",38.042831177655,-84.423186652081
31605,336 REDDING RD,Match,"336 REDDING RD, LEXINGTON, KY, 40517",37.989918647618,-84.510309016342
48277,125 SOUTHLAND DRIVE,Match,"125 SOUTHLAND DR, LEXINGTON, KY, 40503",38.011991786421,-84.518464546026
30757,507 S LIMESTONE ST,Match,"507 S LIMESTONE ST, LEXINGTON, KY, 40508",38.039119001801,-84.506794107442
48036,2800 TATES CREEK RD,Match,"2800 TATES CREEK RD, LEXINGTON, KY, 40502",38.009372569056,-84.495508330998
30759,2649 RICHMOND RD,Match,"2649 RICHMOND SRD, LEXINGTON, KY, 40509",38.010146933218,-84.454941269383
30995,1009 GEORGETOWN ROAD,Match,"1009 GEORGETOWN RD, LEXINGTON, KY, 40511",38.076490444432,-84.506756020703
31600,400 REED LN,Match,"400 REED LN, LEXINGTON, KY, 40503",38.024964120555,-84.525408806241
120438,910 CHRIS DRIVE,Match,"910 CHRIS DR, NICHOLASVILLE, KY, 40356",37.926377847186,-84.478845849523
30756,540 NEW CIRCLE RD S-4,Match,"540 W NEW CIRCLE RD, LEXINGTON, KY, 40511",38.07227807889,-84.480937729018
30755,316 E NEW CIRCLE RD,Match,"316 E NEW CIRCLE RD, LEXINGTON, KY, 40505",38.059511564119,-84.464504325271
30997,1150 VERSAILLES ROAD,Match,"1150 VERSAILLES RD, LEXINGTON, KY, 40508",38.050013921372,-84.517664633703
30739,159 NORTH LIMESTONE,Match,"159 N LIMESTONE ST, LEXINGTON, KY, 40507",38.04741765544,-84.495671112127
43814,154 BONNIE BRAE DRIVE,Match,"154 BONNIE BRAE DR, LEXINGTON, KY, 40508",38.036469049696,-84.51022636533
36043,740 NEW CIRCLE RD BLDGS 32-35,Match,"740 W NEW CIRCLE RD, LEXINGTON, KY, 40511",38.073357419009,-84.487867818728
43813,543 SOUTH LIMESTONE,Match,"543 S LIMESTONE ST, LEXINGTON, KY, 40508",38.039105445096,-84.506804500916
30740,345 ROMANY RD,Match,"345 ROMANY RD, LEXINGTON, KY, 40502",38.019652545553,-84.485905839601
120023,3191 BEAUMONT CENTRE CIRCLE,Match,"3191 BEAUMONT CENTRE CIR, LEXINGTON, KY, 40513",38.01967524537,-84.559572548698
36048,249 E MAIN ST,Match,"249 E MAIN ST, LEXINGTON, KY, 40507",38.043744748173,-84.493980733688
120024,3273 HUNTING HILLS DRIVE,Match,"3273 HUNTING HILLS DR, LEXINGTON, KY, 40515",37.971992958443,-84.456469957374
30743,5584 VERSAILLES ROAD,Match,"5584 VERSAILLES RD, LEXINGTON, KY, 40510",38.041175886793,-84.643031476989
30742,265 N LIMESTONE ST,Match,"265 N LIMESTONE ST, LEXINGTON, KY, 40507",38.049389001795,-84.492866975393
34091,1020 INDUSTRY RD,Match,"1020 INDUSTRY RD, LEXINGTON, KY, 40505",38.043415566099,-84.4602590517
48258,3660 BOSTON RD,Match,"3660 BOSTON RD, LEXINGTON, KY, 40514",37.980159243433,-84.551334469049
34094,1322 BRYAN AVE,Match,"1322 BRYAN AVE, LEXINGTON, KY, 40505",38.05808214317,-84.47096501419
30971,2314 PARIS PIKE,Match,"2314 PARIS PIKE, LEXINGTON, KY, 40505",38.078589488264,-84.450491285658
30978,3509 LANSDOWNE DRIVE,Match,"3509 LANSDOWNE DR, LEXINGTON, KY, 40517",37.988043756372,-84.515340862962
41853,1039 INDUSTRY RD,Match,"1039 INDUSTRY RD, LEXINGTON, KY, 40505",38.04428858528,-84.460591647431
120004,3401 NICHOLASVILLE RD BOOTH FC-09,Match,"3401 NICHOLASVILLE RD, LEXINGTON, KY, 40503",37.98845683202,-84.525168704428
120246,2304 CABOT DRIVE,Match,"2304 CABOT DR, LEXINGTON, KY, 40505",38.087075168739,-84.457099226369
30961,1515 RUSSELL CAVE RD,Match,"1515 RUSSELL CAVE RD, LEXINGTON, KY, 40505",38.071485243162,-84.476246523848
120006,250 WALTON AVE,Match,"250 WALTON AVE, LEXINGTON, KY, 40502",38.040350219155,-84.480789427163
30960,775 NEWTOWN CT,Match,"775 NEWTOWN CT, LEXINGTON, KY, 40511",38.077101791522,-84.493232495067
37356,2601 RICHMOND ROAD,Match,"2601 RICHMOND SRD, LEXINGTON, KY, 40509",38.01084497667,-84.455803348217
30966,1882 BELLEFONTE DR,Match,"1882 BELLEFONTE DR, LEXINGTON, KY, 40503",38.011566107496,-84.502593673034
48239,1330 N LIMESTONE ST,Match,"1330 N LIMESTONE ST, LEXINGTON, KY, 40505",38.062344502038,-84.474196772557
40751,3403 KEARNEY ROAD,Match,"3403 KEARNEY RD, LEXINGTON, KY, 40511",38.120290462548,-84.535190627146
30948,1511 RUSSELL CAVE RD,Match,"1511 RUSSELL CAVE RD, LEXINGTON, KY, 40505",38.071357082411,-84.476418958314
38432,2220 ELKHORN RD,Match,"2220 ELKHORN RD, LEXINGTON, KY, 40505",38.044867388112,-84.422848791537
122413,703 ISAAC SHELBY CIRCLE W.,Match,"703 ISAAC SHELBY CIR W, FRANKFORT, KY, 40601",38.189574628469,-84.810696741784
120235,331 ROMANY RD,Match,"331 ROMANY RD, LEXINGTON, KY, 40502",38.020033111139,-84.485801346778
30950,1397 W MAIN STREET,Match,"1397 W MAIN ST, LEXINGTON, KY, 40508",38.063613179195,-84.520433578399
34079,600 N LIMESTONE ST,Match,"600 N LIMESTONE ST, LEXINGTON, KY, 40508",38.05387795163,-84.486281274534
30956,2750 RICHMOND RD,Match,"2750 RICHMOND RD, LEXINGTON, KY, 40509",38.007320653685,-84.452576979901
46294,2937 RICHMOND RD,Match,"2937 RICHMOND SRD, LEXINGTON, KY, 40509",38.004745766062,-84.449132059886
47380,441 REDDING ROAD,Match,"441 REDDING RD, LEXINGTON, KY, 40517",37.983217865984,-84.495696134638
67304,1589 HILL RISE DRIVE,Match,"1589 HILL RISE DR, LEXINGTON, KY, 40504",38.046965429781,-84.53334545165
67546,148 VICTORY AVE,Match,"148 VICTORY AVE, LEXINGTON, KY, 40502",38.033656245794,-84.478938839697
67302,1600 MAN O'WAR BLVD.,Match,"1600 MAN O WAR BLVD, LEXINGTON, KY, 40513",38.017800964696,-84.57519981492
91654,401 W MAIN STREET,Match,"401 W MAIN ST, LEXINGTON, KY, 40507",38.04901355511,-84.499859450443
75168,101 EAST REYNOLDS ROAD,Match,"101 E REYNOLDS RD, LEXINGTON, KY, 40517",37.991157098149,-84.523522211681
67307,833 GEORGETOWN ROAD,Match,"833 GEORGETOWN RD, LEXINGTON, KY, 40508",38.069034049422,-84.504155141771
75167,2290 NICHOLASVILLE ROAD,Match,"2290 NICHOLASVILLE RD, LEXINGTON, KY, 40503",38.006088443644,-84.518311320292
78681,2385 HUGUENARD DRIVE,Match,"2385 HUGUENARD DR, LEXINGTON, KY, 40503",38.005269526238,-84.522690412355
76026,2501 SANDERSVILLE ROAD,Match,"2501 SANDERSVILLE RD, LEXINGTON, KY, 40511",38.086840248526,-84.531669499537
77357,2350 GREY LAG WAY,Match,"2350 GREY LAG WAY, LEXINGTON, KY, 40509",38.037611926579,-84.424724700593
77359,332 SOUTHLAND DR.,Match,"332 SOUTHLAND DR, LEXINGTON, KY, 40503",38.016466550981,-84.524642941714
88003,163 W SHORT STREET,Match,"163 W SHORT ST, LEXINGTON, KY, 40507",38.047573079578,-84.496920623414
58838,1940 PAVILLION WAY,Match,"1940 PAVILION WAY, LEXINGTON, KY, 40509",38.022208556614,-84.416997611031
63195,1202 - A VERSAILLES ROAD,Match,"1202 VERSAILLES RD, LEXINGTON, KY, 40508",38.049979364958,-84.518798686474
91880,185 JEFFERSON ST.,Match,"185 JEFFERSON ST, LEXINGTON, KY, 40508",38.053288645865,-84.501099139329
80751,1424 VERSAILLES RD,Match,"1424 VERSAILLES RD, LEXINGTON, KY, 40504",38.049349403437,-84.527259940332
79522,3094 HELMSDALE PL,Match,"3094 HELMSDALE PL, LEXINGTON, KY, 40509",38.012331630617,-84.42079700197
76013,2309 SIR BARTON WAY,Match,"2309 SIR BARTON WAY, LEXINGTON, KY, 40509",38.024924310379,-84.423198883069
76014,"3401 NICHOLASVILLE RD., PK11",Match,"3401 NICHOLASVILLE RD, LEXINGTON, KY, 40503",37.98845683202,-84.525168704428
80513,333 E. MAIN ST.,Match,"333 E MAIN ST, LEXINGTON, KY, 40507",38.04247937072,-84.492542005903
80512,483 W. REYNOLDS RD.,Match,"483 W REYNOLDS RD, LEXINGTON, KY, 40503",37.995518418513,-84.537948144259
67791,124 N ASHLAND AVE,Match,"124 N ASHLAND AVE, LEXINGTON, KY, 40502",38.035932145546,-84.483274464411
89322,249 W SHORT ST.,Match,"249 W SHORT ST, LEXINGTON, KY, 40507",38.048295436073,-84.497732935877
90584,436 OLD VINE STREET,Match,"436 OLD VINE ST, LEXINGTON, KY, 40507",38.039575415846,-84.491579527909
69506,694 NEW CIRCLE ROAD NE,Match,"694 E NEW CIRCLE RD, LEXINGTON, KY, 40505",38.048389630545,-84.45446153491
55582,435 REDDING ROAD,Match,"435 REDDING RD, LEXINGTON, KY, 40517",37.983430950135,-84.496149338964
92518,101 W SHORT STREET,Match,"101 W SHORT ST, LEXINGTON, KY, 40507",38.047006581565,-84.496277996754
90339,3100 WALL STREET,Match,"3100 WALL ST, LEXINGTON, KY, 40513",38.01681701515,-84.554057251479
59949,2326 NICHOLASVILLE RD.,Match,"2326 NICHOLASVILLE RD, LEXINGTON, KY, 40503",38.005075133952,-84.518670935691
92993,818 E NEW CIRCLE RD.,Match,"818 E NEW CIRCLE RD, LEXINGTON, KY, 40505",38.039040063825,-84.454643136994
71832,1335 S BROADWAY,Match,"1335 S BROADWAY RD, LEXINGTON, KY, 40504",38.034069861056,-84.523163271229
90334,3090 HELMSDALE PLACE STE. 370,Match,"3090 HELMSDALE PL, LEXINGTON, KY, 40509",38.012333175486,-84.420828362787
91424,3071 RICHMOND RD.,Match,"3071 RICHMOND RD, LEXINGTON, KY, 40509",38.002096850546,-84.44669080189
92755,631 CHARLBURY ROAD,Match,"631 CHARLBURY RD, LEXINGTON, KY, 40505",38.083012376665,-84.466320809099
92754,555 JEFFERSON ST.,Match,"555 JEFFERSON ST, LEXINGTON, KY, 40508",38.058830036765,-84.493421651221
92996,4089 IRON WORKS PKWY,Match,"4089 IRON WORKS PKWY, LEXINGTON, KY, 40511",38.147731380711,-84.520583688077
79780,750 E. NEW CIRCLE ROAD,Match,"750 E NEW CIRCLE RD, LEXINGTON, KY, 40505",38.047142371604,-84.454163480561
77360,410 W SHORT STREET,Match,"410 W SHORT ST, LEXINGTON, KY, 40507",38.049563787331,-84.499349117932
81615,3801 DYLAN PL.,Match,"3801 DYLAN PL, LEXINGTON, KY, 40514",37.980314442978,-84.551392764183
79540,2320 ELKHORN ROAD,Match,"2320 ELKHORN RD, LEXINGTON, KY, 40509",38.040612305201,-84.424398297056
79784,811 BRYAN AVENUE,Match,"811 BRYAN AVE, LEXINGTON, KY, 40505",38.056452835165,-84.480171757255
79541,4000 TERMINAL DR,Match,"4000 TERMINAL DR, LEXINGTON, KY, 40510",38.03904167707,-84.598385282452
89348,355 GAWAINE DR,Match,"355 GAWAINE DR, LEXINGTON, KY, 40517",37.981004033022,-84.510141970471
66256,"3851 KENESAW DRIVE, STE. A",Match,"3851 KENESAW DR, LEXINGTON, KY, 40515",37.96094166116,-84.47876439565
68675,829 EUCLID AVENUE,Match,"829 EUCLID AVE, LEXINGTON, KY, 40502",38.030005127544,-84.490899333539
69521,2319 WOODHILL DR,Match,"2319 WOODHILL DR, LEXINGTON, KY, 40509",38.017668803371,-84.455830128451
72931,780 N LIMESTONE ST,Match,"780 N LIMESTONE ST, LEXINGTON, KY, 40508",38.05645961763,-84.482630783701
87194,420 SOUTHLAND DR,Match,"420 SOUTHLAND DR, LEXINGTON, KY, 40503",38.018734010539,-84.527272299846
92547,1920 PLAUDIT PLACE,Match,"1920 PLAUDIT PL, LEXINGTON, KY, 40509",38.018710907127,-84.415560224276
79572,1600 LEESTOWN RD.,Match,"1600 LEESTOWN RD, LEXINGTON, KY, 40511",38.067140773235,-84.525708417293
77156,"6400 POLO CLUB LANE, STE. 150",Match,"6400 POLO CLUB LN, LEXINGTON, KY, 40509",38.024420890143,-84.405336669256
82740,531 W NEW CIRCLE RD,Match,"531 W NEW CIRCLE RD, LEXINGTON, KY, 40511",38.071159886636,-84.477125654527
70989,1856 PLAUDIT PLACE,Match,"1856 PLAUDIT PL, LEXINGTON, KY, 40509",38.015846338618,-84.418381047631
68201,455-D SOUTHLAND DR.,Match,"455 SOUTHLAND DR, LEXINGTON, KY, 40503",38.019369618498,-84.527627992166
82967,1020 ENTERPRISE DR.,Match,"1020 ENTERPRISE DR, LEXINGTON, KY, 40510",38.060673285946,-84.557184474742
88036,233 E MAIN STREET,Match,"233 E MAIN ST, LEXINGTON, KY, 40507",38.044029062538,-84.494303311145
89123,203 S LIMESTONE,Match,"203 S LIMESTONE ST, LEXINGTON, KY, 40508",38.045118216344,-84.498932037372
89396,931 WINCHESTER RD,Match,"931 WINCHESTER RD, LEXINGTON, KY, 40505",38.041838667139,-84.469689748924
71625,5531 ATHENS-BOONESBORO ROAD,Match,"5531 ATHENS BOONESBORO RD, LEXINGTON, KY, 40509",37.961533657885,-84.386520238019
89394,591 W SHORT ST,Match,"591 W SHORT ST, LEXINGTON, KY, 40507",38.052171370837,-84.502089436615
55380,650 SOUTHPOINT DR,Match,"650 SOUTHPOINT DR, LEXINGTON, KY, 40515",37.956101598669,-84.506649385515
90140,3555 RICE ROAD,Match,"3555 RICE RD, LEXINGTON, KY, 40510",38.043575436338,-84.615146697019
79116,459 W. NEW CIRCLE RD,Match,"459 W NEW CIRCLE RD, LEXINGTON, KY, 40511",38.071090590654,-84.476987062593
81432,1780 SHARKEY WAY,Match,"1780 SHARKEY WAY, LEXINGTON, KY, 40511",38.068537508432,-84.531161335773
72708,2050 GARDEN SPRINGS DR,Match,"2050 GARDEN SPRINGS DR, LEXINGTON, KY, 40504",38.027692765442,-84.542781119709
64094,3401 NICHOLASVILLE ROAD FC-1,Match,"3401 NICHOLASVILLE RD, LEXINGTON, KY, 40503",37.98845683202,-84.525168704428
72949,863 S BROADWAY ST,Match,"863 S BROADWAY RD, LEXINGTON, KY, 40504",38.039874121357,-84.513690266452
89382,1045 CROSS KEYS,Match,"1045 CROSS KEYS RD, LEXINGTON, KY, 40504",38.039796299334,-84.549484951423
62922,2700 RICHMOND RD,Match,"2700 RICHMOND RD, LEXINGTON, KY, 40509",38.009089785874,-84.454592543329
62923,333 N ASHLAND AVE,Match,"333 N ASHLAND AVE, LEXINGTON, KY, 40502",38.039126788723,-84.478804838283
79342,127 W. TIVERTON,Match,"127 W TIVERTON WAY, LEXINGTON, KY, 40503",37.981152821875,-84.53132802812
58668,1840 BRYAN STATION ROAD,Match,"1840 BRYAN STATION RD, LEXINGTON, KY, 40505",38.064345570953,-84.451602804602
78254,"535 S. UPPER ST., STE. 125",Match,"535 S UPPER ST, LEXINGTON, KY, 40508",38.042829858033,-84.504305055056
60743,1907 PLAUDIT PLACE -,Match,"1907 PLAUDIT PL, LEXINGTON, KY, 40509",38.018515341432,-84.415973137641
92548,112 N MILL ST.,Match,"112 N MILL ST, LEXINGTON, KY, 40507",38.048361691055,-84.49845143673
67372,"125 E. REYNOLDS ROAD, STE. 120",Match,"125 E REYNOLDS RD, LEXINGTON, KY, 40517",37.990864245124,-84.522545059326
75329,1028 WELLINGTON WAY,Match,"1028 WELLINGTON WAY, LEXINGTON, KY, 40513",38.005436376965,-84.570113286933
63584,464 W NEW CIRCLE RD,Match,"464 W NEW CIRCLE RD, LEXINGTON, KY, 40511",38.071625875838,-84.478761413652
64432,1005 TANBARK ROAD,Match,"1005 TANBARK RD, LEXINGTON, KY, 40515",37.961638547509,-84.49183819343
65526,112 ESPLANADE,Match,"112 ESPLANADE ALY, LEXINGTON, KY, 40507",38.044310969,-84.494480717346
72294,4101 TATES CREEK CTRE,Match,"4101 TATES CREEK CENTRE DR, LEXINGTON, KY, 40517",37.96993417395,-84.497580956576
76661,3016 BRACKTOWN ROAD,Match,"3016 BRACKTOWN RD, LEXINGTON, KY, 40511",38.091505124413,-84.560785837042
89979,2770 PALUMBO DRIVE,Match,"2770 PALUMBO DR, LEXINGTON, KY, 40509",38.00726700447,-84.436241083527
76425,1390 PINCKARD PIKE,Match,"1390 PINCKARD PIKE, VERSAILLES, KY, 40383",37.997602366506,-84.699981279554
84045,603 ADCOLOR DR,Match,"603 ADCOLOR DR, LEXINGTON, KY, 40511",38.072286031838,-84.496317795881
88403,3401 NCHOLASVILLE RD SPACE 5A,Match,"3401 NICHOLASVILLE RD, LEXINGTON, KY, 40503",37.98845683202,-84.525168704428
61165,3100 MAPLELEAF DR,Match,"3100 MAPLELEAF DR, LEXINGTON, KY, 40509",38.007646660639,-84.426476617761
91801,450 W. REYNOLDS RD.,Match,"450 W REYNOLDS RD, LEXINGTON, KY, 40503",37.994742844319,-84.535919451253
83193,153 PATCHEN DR.,Match,"153 PATCHEN DR, LEXINGTON, KY, 40517",38.008283771728,-84.455703666047
63591,140 E MAIN STREET,Match,"140 E MAIN ST, LEXINGTON, KY, 40507",38.045783809793,-84.496481849921
74489,3800 MALL ROAD,Match,"3800 MALL RD, LEXINGTON, KY, 40503",37.984219969129,-84.531479958243
63115,423 W. SHORT STREET,Match,"423 W SHORT ST, LEXINGTON, KY, 40507",38.05005104608,-84.499692887037
68804,371 SOUTH LIMESTONE,Match,"371 S LIMESTONE ST, LEXINGTON, KY, 40508",38.042005941247,-84.503286676676
74487,3395 NICHOLASVILLE ROAD,Match,"3395 NICHOLASVILLE RD, LEXINGTON, KY, 40503",37.988560094097,-84.525114246965
64207,463 WEST NEW CIRCLE ROAD,Match,"463 W NEW CIRCLE RD, LEXINGTON, KY, 40511",38.071094440431,-84.476994762145
75331,315 S LIMESTONE,Match,"315 S LIMESTONE ST, LEXINGTON, KY, 40508",38.043111321914,-84.50178621154
76650,3705 PALOMAR CENTRE DRIVE,Match,"3705 PALOMAR CENTRE DR, LEXINGTON, KY, 40513",38.004508602545,-84.569350177116
89969,218 W JEFFERSON ST,Match,"218 JEFFERSON ST, LEXINGTON, KY, 40508",38.053993750566,-84.499906128188
86699,505 EUCLID AVE.,Match,"505 EUCLID AVE, LEXINGTON, KY, 40502",38.034256768432,-84.495681900665
88877,2261 ELKHORN ROAD,Match,"2261 ELKHORN RD, LEXINGTON, KY, 40505",38.042601162123,-84.42348540998
85122,102 12TH STREET,Match,"102 12TH ST, LEXINGTON, KY, 40505",38.060290514907,-84.477500350772
55735,341 -B S LIMESTONE ST,Match,"341 S LIMESTONE ST, LEXINGTON, KY, 40508",38.042513727068,-84.502580489474
76416,3155 CUSTER DRIVE,Match,"3155 CUSTER DR, LEXINGTON, KY, 40517",37.988568943175,-84.459471640951
76417,297 RUCCIO WAY,Match,"297 RUCCIO WAY, LEXINGTON, KY, 40503",37.997291114361,-84.53303240102
86212,116 MECHANIC STREET,Match,"116 MECHANIC ST, LEXINGTON, KY, 40507",38.048979372589,-84.493720445156
86481,126 ROJAY DR.,Match,"126 ROJAY DR, LEXINGTON, KY, 40503",37.984595491296,-84.528056197948
64695,630 E NEW CIRCLE RD,Match,"630 E NEW CIRCLE RD, LEXINGTON, KY, 40505",38.049783468164,-84.455230257156
65545,854 E HIGH STREET,Match,"854 E HIGH ST, LEXINGTON, KY, 40502",38.029389745789,-84.490084840984
74017,110 WILSON DOWNING RD.,Match,"110 WILSON DOWNING RD, LEXINGTON, KY, 40517",37.986055769049,-84.525490515425
74015,1485-1 ALEXANDRIA DR.,Match,"1485 ALEXANDRIA DR, LEXINGTON, KY, 40504",38.047136384361,-84.552034408244
74491,3809 DYLAN PLACE,Match,"3809 DYLAN PL, LEXINGTON, KY, 40514",37.981393862809,-84.551812777635
72071,2432 REGENCY RD,Match,"2432 REGENCY RD, LEXINGTON, KY, 40503",38.00381938108,-84.525061893554
74490,"3340 CLAYS MILL RD., STE. 110",Match,"3340 CLAYS MILL RD, LEXINGTON, KY, 40503",37.996502880044,-84.54849179327
79711,207 ALSAB COURT,Match,"207 ALSAB CT, LEXINGTON, KY, 40509",38.012865491544,-84.452266006032
87579,820 LANE ALLEN RD,Match,"820 LANE ALLEN RD, LEXINGTON, KY, 40504",38.029458493354,-84.540069775644
78868,555 S LIMESTONE,Match,"555 S LIMESTONE ST, LEXINGTON, KY, 40508",38.039100926195,-84.506807965407
55505,110 N. LOCUST HILL,Match,"110 N LOCUST HILL DR, LEXINGTON, KY, 40509",38.004092826799,-84.446205234695
78867,2633 RICHMOND ROAD,Match,"2633 RICHMOND SRD, LEXINGTON, KY, 40509",38.010368141733,-84.45521924104
86489,385 SOUTH MILL ST.,Match,"385 S MILL ST, LEXINGTON, KY, 40508",38.045439503587,-84.502866875632
88423,895 N BROADWAY,Match,"895 N BROADWAY RD, LEXINGTON, KY, 40508",38.06058105713,-84.483308157946
89752,406 S BROADWAY,Match,"406 S BROADWAY RD, LEXINGTON, KY, 40508",38.045814281005,-84.504200291563
56836,1950 STANTON WAY,Match,"1950 STANTON WAY, LEXINGTON, KY, 40511",38.101811058703,-84.482504117594
55507,3605 WALDEN DRIVE,Match,"3605 WALDEN DR, LEXINGTON, KY, 40517",37.98181996964,-84.497154338506
75118,501 W. SIXTH STREET,Match,"501 W 6TH ST, LEXINGTON, KY, 40508",38.05918362219,-84.491999523951
75117,508 W. SIXTH STREET,Match,"508 W 6TH ST, LEXINGTON, KY, 40508",38.059160208094,-84.492169079791
63378,921 BEAUMONT CTR PARKWAY,Match,"921 BEAUMONT CENTRE PKWY, LEXINGTON, KY, 40513",38.014696225509,-84.555771541364
65316,1524 VERSAILLES ROAD,Match,"1524 VERSAILLES RD, LEXINGTON, KY, 40504",38.04915685373,-84.529247102864
78857,4089 IRONWORKS PKWY,Match,"4089 IRON WORKS PKWY, LEXINGTON, KY, 40511",38.147731380711,-84.520583688077
61197,1848 ALYSHEBA WAY,Match,"1848 ALYSHEBA WAY, LEXINGTON, KY, 40509",38.018176782346,-84.419885305474
61196,1921 PLAUDIT PLACE,Match,"1921 PLAUDIT PL, LEXINGTON, KY, 40509",38.018781820889,-84.415674482365
62054,5350 ATHENS-BOONESBORO ROAD,Match,"5350 ATHENS BOONESBORO RD, LEXINGTON, KY, 40509",37.96441846759,-84.391814432032
66897,2473 FORTUNE DR,Match,"2473 FORTUNE DR, LEXINGTON, KY, 40509",38.032598288596,-84.445410912907
62056,"5751 BRIAR HILL ROAD, BLD 226",Match,"5751 BRIAR HILL RD, LEXINGTON, KY, 40516",38.072679424036,-84.317788765298
62057,188 E NEW CIRCLE RD,Match,"188 E NEW CIRCLE RD, LEXINGTON, KY, 40505",38.06287323334,-84.467844359158
69920,503 SOUTH UPPER STREET,Match,"503 S UPPER ST, LEXINGTON, KY, 40508",38.043454560051,-84.503407516922
63149,1965 STAR SHOOT,Match,"1965 STAR SHOOT PKWY, LEXINGTON, KY, 40509",38.024577455966,-84.42175069752
81807,555 E. 5TH STREET,Match,"555 E 5TH ST, LEXINGTON, KY, 40508",38.045491510596,-84.48065822487
67747,2000 PARKERS MILL RD,Match,"2000 PARKERS MILL RD, LEXINGTON, KY, 40504",38.035525296047,-84.566151462105
74275,110 TOWN CENTER DR,Match,"110 TOWNE CENTER DR, LEXINGTON, KY, 40511",38.066916150452,-84.530619401934
74274,"3090 OLD TODDS ROAD, STE.",Match,"3090 TODDS RD, LEXINGTON, KY, 40509",38.009376985979,-84.424672120457
67508,650 TOWER PLAZA,Match,"650 TOWER ST, LEXINGTON, KY, 40508",38.056491458504,-84.486536970167
81811,3025 SANDERSVILLE RD,Match,"3025 SANDERSVILLE RD, LEXINGTON, KY, 40511",38.103661434401,-84.53811569862
79974,585 W. MAIN ST.,Match,"585 W MAIN ST, LEXINGTON, KY, 40507",38.051597731845,-84.502768150997
91604,951 VALLEY FARM DRIVE,Match,"951 VALLEY FARM DR, LEXINGTON, KY, 40511",38.090664944276,-84.474722084363
91605,575 N LIMESTONE,Match,"575 N LIMESTONE ST, LEXINGTON, KY, 40508",38.053652503815,-84.486820854531
87111,628 DELZAN PLACE,Match,"628 DELZAN PLZ, LEXINGTON, KY, 40503",37.996246263556,-84.546605233854
89773,2535 NICHOLASVILLE,Match,"2535 NICHOLASVILLE RD, LEXINGTON, KY, 40503",38.000705211244,-84.520524823868
63380,1230 EASTLAND PARKWAY,Match,"1230 EASTLAND DR, LEXINGTON, KY, 40505",38.045778409913,-84.457822232858
63381,1949 STARSHOOT ROAD,Match,"1949 STAR SHOOT PKWY, LEXINGTON, KY, 40509",38.024576114918,-84.421984094174
63151,213 NORTH LIMESTONE,Match,"213 N LIMESTONE ST, LEXINGTON, KY, 40507",38.048469946927,-84.494132176635
63153,1414 BRYAN AVE,Match,"1414 BRYAN AVE, LEXINGTON, KY, 40505",38.058738928652,-84.468878299526
66667,1957 BRYANT ROAD,Match,"1957 BRYANT RD, LEXINGTON, KY, 40509",38.019239334476,-84.412065121334
91841,2531 OLD ROSEBUD RD,Match,"2531 OLD ROSEBUD RD, LEXINGTON, KY, 40509",38.02824454757,-84.430972166566
56865,550 COOPER DRIVE,Match,"550 COOPER DR, LEXINGTON, KY, 40502",38.025015015789,-84.49982156798
77785,185 ELM TREE LANE,Match,"185 ELM TREE LN, LEXINGTON, KY, 40507",38.045536043287,-84.490435470114
65100,"3061 FIELDSTONE WAY, STE. 1200",Match,"3061 FIELDSTONE WAY, LEXINGTON, KY, 40513",38.013771147251,-84.557217481748
90782,112 N UPPER ST.,Match,"112 N UPPER ST, LEXINGTON, KY, 40507",38.047595843874,-84.49721898805
62077,1134 WINCHESTER ROAD,Match,"1134 WINCHESTER RD, LEXINGTON, KY, 40505",38.042246147967,-84.463819408959
66678,307 W SHORT STREET,Match,"307 W SHORT ST, LEXINGTON, KY, 40507",38.048744036624,-84.498232913422
68612,171 WEST LOWRY LANE,Match,"171 W LOWRY LN, LEXINGTON, KY, 40503",38.007222715532,-84.521892991926
55300,398 A CAUDILL RD,Match,"398 CAUDILL RD, STANTON, KY, 40380",37.830051128606,-83.857112349107
88229,606 S BROADWAY,Match,"606 S BROADWAY RD, LEXINGTON, KY, 40508",38.043216505553,-84.508034924152
70927,1070 CHINOE RD,Match,"1070 CHINOE RD, LEXINGTON, KY, 40502",37.996964005745,-84.481101771874
89799,289 S LIMESTONE ST,Match,"289 S LIMESTONE ST, LEXINGTON, KY, 40508",38.043607080803,-84.501089172098
79519,708 HILL RISE COURT,Match,"708 HILL RISE CT, LEXINGTON, KY, 40504",38.0472080926,-84.534326287556
88222,1829 RANIER DR,Match,"1829 RANIER DR, LEXINGTON, KY, 40505",38.064682575298,-84.455426300141
87131,157 JEFFERSON STREET,Match,"157 JEFFERSON ST, LEXINGTON, KY, 40508",38.052924020861,-84.501600388716
63161,701 LIBERTY RIDGE LN,Match,"701 LIBERTY RIDGE LN, LEXINGTON, KY, 40509",38.017921013493,-84.43673373407
66205,1421 LEESTOWN RD,Match,"1421 LEESTOWN RD, LEXINGTON, KY, 40511",38.064126438481,-84.521166275538
67778,1545 ALEXANDRIA DRIVE,Match,"1545 ALEXANDRIA DR, LEXINGTON, KY, 40504",38.045510072794,-84.551978055207
64268,1917 NICHOLASVILLE ROAD,Match,"1917 NICHOLASVILLE RD, LEXINGTON, KY, 40503",38.012918070315,-84.516179739431
64029,524 WEST NEW CIRCLE RD,Match,"524 W NEW CIRCLE RD, LEXINGTON, KY, 40511",38.072163555805,-84.480469607318
80965,4772 HARTLAND PARKWAY,Match,"4772 HARTLAND PKWY, LEXINGTON, KY, 40515",37.960501403906,-84.480153525831
75390,"1392 TRENT BLVD., STE. 3 & 4",Match,"1392 TRENT BLVD, LEXINGTON, KY, 40517",37.969935554615,-84.479970609081
76236,2320 VERSAILLES RD STE. 100,Match,"2320 VERSAILLES RD, LEXINGTON, KY, 40504",38.046481929213,-84.554351531594
86039,474 SILVER MAPLE WAY,Match,"474 SILVER MAPLE WAY, LEXINGTON, KY, 40508",38.049645262987,-84.486331049388
89307,299 E. LOUDON AVE,Match,"299 E LOUDON AVE, LEXINGTON, KY, 40505",38.053516269301,-84.477086720207
76237,401 HILLTOP AVE,Match,"401 HILLTOP AVE, LEXINGTON, KY, 40508",38.032267578571,-84.502575919476
89306,1650 BRYAN STATION ROAD,Match,"1650 BRYAN STATION RD, LEXINGTON, KY, 40505",38.060545619244,-84.46321099488
87126,310 W SHORT ST,Match,"310 W SHORT ST, LEXINGTON, KY, 40507",38.048698145629,-84.498375856904
89305,344 ROMANY ROAD,Match,"344 ROMANY RD, LEXINGTON, KY, 40502",38.019667968554,-84.48604997405
91858,574 N LIMESTONE,Match,"574 N LIMESTONE ST, LEXINGTON, KY, 40508",38.053616808835,-84.486653087414
87125,"485 NEW CIRCLE RD, NW",Match,"485 NW NEW CIRCLE RD, LEXINGTON, KY, 40511",38.072268226175,-84.479345022551
92948,1925 JUSTICE DR.,Match,"1925 JUSTICE DR, LEXINGTON, KY, 40509",38.017339696521,-84.412805475966
62083,1973 PLAUDIT PLACE,Match,"1973 PLAUDIT PL, LEXINGTON, KY, 40509",38.019735396573,-84.414419134262
92949,792 MAIDENCANE DRIVE,Match,"792 MAIDENCANE DR, LEXINGTON, KY, 40509",37.986578805814,-84.394291141855
62651,1949 PLAUDIT PLACE,Match,"1949 PLAUDIT PL, LEXINGTON, KY, 40509",38.01936004661,-84.415096256635
72696,3070 LAKECREST CIR,Match,"3070 LAKECREST CIR, LEXINGTON, KY, 40513",38.017008723007,-84.554645519714
75722,3459 BUCKHORN DR.,Match,"3459 BUCKHORN DR, LEXINGTON, KY, 40515",37.976242543383,-84.458684550364
62652,455 SOUTHLAND DRIVE,Match,"455 SOUTHLAND DR, LEXINGTON, KY, 40503",38.019369618498,-84.527627992166
71366,468 SQUIRES ROAD,Match,"468 SQUIRES RD, LEXINGTON, KY, 40515",37.991089798024,-84.448388596801
70031,213 WALTON AVE,Match,"213 WALTON AVE, LEXINGTON, KY, 40502",38.039616997704,-84.481681712236
93391,436 OLD VINE ST,Match,"436 OLD VINE ST, LEXINGTON, KY, 40507",38.039575415846,-84.491579527909
59244,3151 TODDS RD,Match,"3151 TODDS RD, LEXINGTON, KY, 40509",38.008973197155,-84.421731539341
63504,500 NW NEW CIRCLE RD,Match,"500 W NEW CIRCLE RD, LEXINGTON, KY, 40511",38.071969711268,-84.479773925645
72691,6400 POLO CLUB BLVD.,Match,"6400 POLO CLUB LN, LEXINGTON, KY, 40509",38.024420890143,-84.405336669256
85539,789 S LIMESTONE,Match,"789 S LIMESTONE ST, LEXINGTON, KY, 40508",38.033445102755,-84.508934734819
87712,111 S UPPER ST,Match,"111 S UPPER ST, LEXINGTON, KY, 40507",38.047116001633,-84.49809044775
68195,3377 BEAUMONT CENETRE CIRCLE,Match,"3377 BEAUMONT CENTRE CIR, LEXINGTON, KY, 40513",38.015212660892,-84.558926071544
77913,2385 CHRISMAN MILL ROAD,Match,"2385 CHRISMAN MILL RD, NICHOLASVILLE, KY, 40356",37.839215903961,-84.504588581664
75979,680 LIMA DRIVE,Match,"680 LIMA DR, LEXINGTON, KY, 40511",38.07290930865,-84.505884656143
61333,3120 MAPLELEAF DRIVE,Match,"3120 MAPLELEAF DR, LEXINGTON, KY, 40509",38.006863529381,-84.426023269376
64847,273 RUCCIO WAY,Match,"273 RUCCIO WAY, LEXINGTON, KY, 40503",37.997292541754,-84.531426828761
64846,1970 PLEASANT RIDGE,Match,"1970 PLEASANT RIDGE DR, LEXINGTON, KY, 40509",38.017389605971,-84.414888450931
65928,3251 BEAUMONT CENTER CIRCLE,Match,"3251 BEAUMONT CENTRE CIR, LEXINGTON, KY, 40513",38.016909564609,-84.561206457869
69296,199 NORTH LIMESTONE,Match,"199 N LIMESTONE ST, LEXINGTON, KY, 40507",38.048217112339,-84.494496739581
57081,605 HILL N DALE,Match,"605 HILL N DALE RD, LEXINGTON, KY, 40503",38.015327340809,-84.539234310147
74414,135 E NEW CIRCLE RD,Match,"135 E NEW CIRCLE RD, LEXINGTON, KY, 40505",38.064331612253,-84.468934747609
61343,1932 PAVILLION WAY,Match,"1932 PAVILION WAY, LEXINGTON, KY, 40509",38.021825288002,-84.417161100005
73323,1507 VERSAILLES RD,Match,"1507 VERSAILLES RD, LEXINGTON, KY, 40504",38.049316903512,-84.528745728092
64612,1920 PLEASANT RIDGE DR,Match,"1920 PLEASANT RIDGE DR, LEXINGTON, KY, 40509",38.017066816993,-84.414231631538
71384,205 SOUTHLAND DR,Match,"205 SOUTHLAND DR, LEXINGTON, KY, 40503",38.012549076224,-84.519564357213
75992,399 WALLER AVENUE STE. 130,Match,"399 WALLER AVE, LEXINGTON, KY, 40504",38.031652580064,-84.521124622023
85793,442 RETRAC ROAD,Match,"442 RETRAC RD, LEXINGTON, KY, 40503",37.983921699975,-84.543666302657
85794,227 NORTH LIMESTONE,Match,"227 N LIMESTONE ST, LEXINGTON, KY, 40507",38.048632782181,-84.493905612265
73337,630 E MAIN ST,Match,"630 E MAIN ST, LEXINGTON, KY, 40508",38.036890823751,-84.486426452405
75514,360 MEIJER WAY,Match,"360 MEIJER WAY, LEXINGTON, KY, 40503",37.994775052962,-84.532214776085
64622,930 SOUTH BROADWAY,Match,"930 S BROADWAY RD, LEXINGTON, KY, 40504",38.039263381679,-84.514439202826
66803,1720 NICHOLASVILLE,Match,"1720 NICHOLASVILLE RD, LEXINGTON, KY, 40503",38.019213123081,-84.51371657933
63536,2200 LIBERTY RD,Match,"2200 LIBERTY RD, LEXINGTON, KY, 40509",38.028297527546,-84.448258064555
71151,1600 LEESTOWN ROAD,Match,"1600 LEESTOWN RD, LEXINGTON, KY, 40511",38.067140773235,-84.525708417293
88808,2251 ELKHORN RD.,Match,"2251 ELKHORN RD, LEXINGTON, KY, 40505",38.043075605026,-84.423232216315
65709,938 WINCHESTER ROAD,Match,"938 WINCHESTER RD, LEXINGTON, KY, 40505",38.041781925529,-84.469012738325
75980,2358 NICHOLASVILLE ROAD,Match,"2358 NICHOLASVILLE RD, LEXINGTON, KY, 40503",38.004352923885,-84.518931267256
89904,2000 HARRODSBURG RD,Match,"2000 HARRODSBURG RD, LEXINGTON, KY, 40503",38.026461271137,-84.534864845888
85787,227 N. LIMESTONE,Match,"227 N LIMESTONE ST, LEXINGTON, KY, 40507",38.048632782181,-84.493905612265
87962,720 BRYAN AVE.,Match,"720 BRYAN AVE, LEXINGTON, KY, 40505",38.056653149541,-84.481695532967
87961,205 S LIMESTONE ST.,Match,"205 S LIMESTONE ST, LEXINGTON, KY, 40508",38.04507873635,-84.498989414964
75988,1505 E NEW CIRCLE ROAD,Match,"1505 E NEW CIRCLE RD, LEXINGTON, KY, 40509",38.020141826525,-84.45547893405
75509,833 GEORGETOWN STREET,Match,"833 GEORGETOWN RD, LEXINGTON, KY, 40508",38.069034049422,-84.504155141771
72018,109 TOWN CENTER DRIVE,Match,"109 TOWNE CENTER DR, LEXINGTON, KY, 40511",38.067004850529,-84.530715948541
72019,645 EAST HIGH STREET,Match,"645 E HIGH ST, LEXINGTON, KY, 40502",38.033127371123,-84.490978356711
71169,3097 TODDS ROAD,Match,"3097 TODDS RD, LEXINGTON, KY, 40509",38.009517914381,-84.424516529418
64873,3130 MAPLELEAF DRIVE,Match,"3130 MAPLELEAF DR, LEXINGTON, KY, 40509",38.006593603162,-84.425601552842
67902,859 SOUTH BROADWAY,Match,"859 S BROADWAY RD, LEXINGTON, KY, 40504",38.039933452985,-84.513594127238
64638,768 WINCHESTER ROAD-SUITE 100,Match,"768 WINCHESTER RD, LEXINGTON, KY, 40505",38.041208385948,-84.475704490124
65727,1555 E NEW CIRCLE RD,Match,"1555 E NEW CIRCLE RD, LEXINGTON, KY, 40509",38.018893877591,-84.455940323671
84489,8198 BEECHMONT AVE REAR,Match,"8198 BEECHMONT AVE, CINCINNATI, OH, 45255",39.072876046922,-84.327489675995
87515,3735 PALOMAR CTR DR,Match,"3735 PALOMAR CENTRE DR, LEXINGTON, KY, 40513",38.003459531439,-84.571166851002
86664,101 YORKSHIRE BLVD,Match,"101 YORKSHIRE BLVD, LEXINGTON, KY, 40509",37.996624514407,-84.437745070425
86662,2432 FORTUNE DR.,Match,"2432 FORTUNE DR, LEXINGTON, KY, 40509",38.034648406368,-84.447638603407
78803,250 LOUDON AVENUE,Match,"250 W LOUDON AVE, LEXINGTON, KY, 40508",38.06315037712,-84.489280092883
66824,175 E MAIN ST,Match,"175 E MAIN ST, LEXINGTON, KY, 40507",38.045423752711,-84.495891520538
63799,400 WILSON DOWNING ROAD,Match,"400 WILSON DOWNING RD, LEXINGTON, KY, 40517",37.981003315254,-84.513837118601
65738,2000 PARKERS MILL ROAD,Match,"2000 PARKERS MILL RD, LEXINGTON, KY, 40504",38.035525296047,-84.566151462105
71172,1720 NICHOLASVILLE RD. BLDG.E,Match,"1720 NICHOLASVILLE RD, LEXINGTON, KY, 40503",38.019213123081,-84.51371657933
89926,1054 W HIGH STREET,Match,"1054 W HIGH ST, LEXINGTON, KY, 40508",38.050241305978,-84.514539570206
86899,152 WEST TIVERTON WAY,Match,"152 W TIVERTON WAY, LEXINGTON, KY, 40503",37.981246234494,-84.53209411258
61137,1832 ALYSHEBA WAY,Match,"1832 ALYSHEBA WAY, LEXINGTON, KY, 40509",38.017774257377,-84.420484043846
77700,3459 BUCKHORN DRIVE,Match,"3459 BUCKHORN DR, LEXINGTON, KY, 40515",37.976242543383,-84.458684550364
87986,2462 PALUMBO DR,Match,"2462 PALUMBO DR, LEXINGTON, KY, 40509",38.018226406157,-84.446096464952
69097,325 W MAIN ST.,Match,"325 W MAIN ST, LEXINGTON, KY, 40507",38.04836728495,-84.499135991981
84476,431 OLD VINE ST,Match,"431 OLD VINE ST, LEXINGTON, KY, 40507",38.039899363195,-84.491770263368
75308,130 W. TIVERTON WAY,Match,"130 W TIVERTON WAY, LEXINGTON, KY, 40503",37.980929410968,-84.53096306968
62236,1620 LEESTOWN ROAD,Match,"1620 LEESTOWN RD, LEXINGTON, KY, 40511",38.067276666741,-84.525918599204
65746,848 E. HIGH STREET,Match,"848 E HIGH ST, LEXINGTON, KY, 40502",38.029766016271,-84.489982221743
76882,405 WALLER AVENUE,Match,"405 WALLER AVE, LEXINGTON, KY, 40504",38.031771443156,-84.521268719317
76885,6401 POLO CLUB BLVD.,Match,"6401 POLO CLUB LN, LEXINGTON, KY, 40509",38.024514535737,-84.405420507096
77974,3150 RICHMOND ROAD,Match,"3150 RICHMOND RD, LEXINGTON, KY, 40509",38.002008555594,-84.447007216656
76646,144 ROJAY DRIVE,Match,"144 ROJAY DR, LEXINGTON, KY, 40503",37.984659093359,-84.528268451286
76889,2341 WOODHILL DRIVE,Match,"2341 WOODHILL DR, LEXINGTON, KY, 40509",38.017521863025,-84.45519618601
55701,911 WINCHESTER RD,Match,"911 WINCHESTER RD, LEXINGTON, KY, 40505",38.041717688653,-84.471145417154
62481,975 E NEW CIRCLE ROAD,Match,"975 E NEW CIRCLE RD, LEXINGTON, KY, 40505",38.03873615736,-84.4542852638
63575,342 ROMANY ROAD,Match,"342 ROMANY RD, LEXINGTON, KY, 40502",38.019724690217,-84.48604019445
64667,2524 NICHOLASVILLE RD,Match,"2524 NICHOLASVILLE RD, LEXINGTON, KY, 40503",37.999585898262,-84.520580305557
66606,185 E NEW CIRCLE RD,Match,"185 E NEW CIRCLE RD, LEXINGTON, KY, 40505",38.062896882329,-84.4674966342
72281,7086 TATES CREEK ROAD,Match,"7086 TATES CREEK RD, LEXINGTON, KY, 40515",37.908800407932,-84.452577852123
89947,502 E 7TH STREET,Match,"502 E 7TH ST, LEXINGTON, KY, 40505",38.049510914229,-84.477470062819
82073,2585 LIBERTY ROAD,Match,"2585 LIBERTY RD, LEXINGTON, KY, 40509",38.0181690629,-84.432605948691
68357,300 WEST VINE STREET,Match,"300 W VINE ST, LEXINGTON, KY, 40507",38.047507638382,-84.499905613351
71767,257 N LIMESTONE ST,Match,"257 N LIMESTONE ST, LEXINGTON, KY, 40507",38.049353894464,-84.492914417734
56130,368 OHIO STREET,Match,"368 OHIO ST, LEXINGTON, KY, 40508",38.046584761014,-84.48684197772
61723,130 W LOUDON AVE,Match,"130 W LOUDON AVE, LEXINGTON, KY, 40508",38.059157484542,-84.483758578639
56137,848 N LIMESTONE,Match,"848 N LIMESTONE ST, LEXINGTON, KY, 40505",38.058020563416,-84.480394426426
79256,2217 WAR ADMIRAL WAY,Match,"2217 WAR ADMIRAL WAY, LEXINGTON, KY, 40509",38.040553715088,-84.427763324453
81337,756 FAULKNER AVENUE,Match,"756 FAULKNER AVE, LEXINGTON, KY, 40505",38.094204690838,-84.455315787889
85934,191 KENTUCKY AVE.,Match,"191 KENTUCKY AVE, LEXINGTON, KY, 40502",38.036000658397,-84.491999152742
56134,3715 NICHOLASVILLE RD,Match,"3715 NICHOLASVILLE RD, LEXINGTON, KY, 40503",37.983633380616,-84.527273019654
56136,140 PROSPEROUS PLACE,Match,"140 PROSPEROUS PL, LEXINGTON, KY, 40509",38.002182114476,-84.442017287203
65080,105 EASTERN AVE,Match,"105 EASTERN AVE, LEXINGTON, KY, 40508",38.042268620131,-84.490554695143
91129,290 ALUMNI DR.,Match,"290 ALUMNI DR, LEXINGTON, KY, 40503",38.020754027149,-84.507387558864
71759,1869 PLAUDIT PLACE,Match,"1869 PLAUDIT PL, LEXINGTON, KY, 40509",38.016676775875,-84.417999066527
89042,1313 HARTLAND WOODS WAY,Match,"1313 HARTLAND WOODS WAY, LEXINGTON, KY, 40515",37.9626144047,-84.481148005419
74801,340 E. NEW CIRCLE ROAD STE.100,Match,"340 E NEW CIRCLE RD, LEXINGTON, KY, 40505",38.058823751768,-84.463841077792
73711,3813 DYLAN PLACE,Match,"3813 DYLAN PL, LEXINGTON, KY, 40514",37.981517197815,-84.55173757336
57232,744 CHARLES AVENUE,Match,"744 CHARLES AVE, LEXINGTON, KY, 40508",38.060145287398,-84.50219065997
80476,333 EAST MAIN ST.,Match,"333 E MAIN ST, LEXINGTON, KY, 40507",38.04247937072,-84.492542005903
60888,1079 E NEW CIRCLE RD,Match,"1079 E NEW CIRCLE RD, LEXINGTON, KY, 40505",38.035709772797,-84.453932013462
82656,430 W VINE STREET,Match,"430 W VINE ST, LEXINGTON, KY, 40507",38.049432604464,-84.500968150647
62817,"1080 SOUTH BROADWAY, SUT",Match,"1080 S BROADWAY RD, LEXINGTON, KY, 40504",38.037212765512,-84.517662057938
63907,2331 NICHOLASVILLE RD,Match,"2331 NICHOLASVILLE RD, LEXINGTON, KY, 40503",38.005054977185,-84.518991014111
60886,117 W TIVERTON WAY,Match,"117 W TIVERTON WAY, LEXINGTON, KY, 40503",37.981215041764,-84.531550982658
77069,"2321 SIR BARTON WAY, STE.",Match,"2321 SIR BARTON WAY, LEXINGTON, KY, 40509",38.02530875979,-84.423046767955
71529,1295 N. BROADWAY,Match,"1295 N BROADWAY RD, LEXINGTON, KY, 40505",38.063289641671,-84.479349521271
71769,3060 LAKECREST CIRCLE,Match,"3060 LAKECREST CIR, LEXINGTON, KY, 40513",38.016887062795,-84.554431347096
70695,565 E NEW CIRCLE RD,Match,"565 E NEW CIRCLE RD, LEXINGTON, KY, 40505",38.052621365652,-84.457522087759
70455,592 PILGRIMS REST RD,Match,"592 PILGRIMS REST RD, MC KEE, KY, 40447",37.44697679013,-83.968990598024
71784,2287 LONG LICK ROAD,Match,"2287 LONG LICK RD, GEORGETOWN, KY, 40324",38.266997756507,-84.604733153845
62827,2420 RICHMOND ROAD,Match,"2420 RICHMOND RD, LEXINGTON, KY, 40502",38.014134041221,-84.460315111657
57009,1080 S. BROADWAY,Match,"1080 S BROADWAY RD, LEXINGTON, KY, 40504",38.037212765512,-84.517662057938
73977,4051 NICHOLASVILLE RD.,Match,"4051 NICHOLASVILLE RD, LEXINGTON, KY, 40503",37.978244863609,-84.529395890349
67299,1881 PLAUDIT PLACE,Match,"1881 PLAUDIT PL, LEXINGTON, KY, 40509",38.017445781759,-84.417469158939
62841,3090 HELMSDALE,Match,"3090 HELMSDALE PL, LEXINGTON, KY, 40509",38.012333175486,-84.420828362787
62842,1865 ALYSHEBA WAY,Match,"1865 ALYSHEBA WAY, LEXINGTON, KY, 40509",38.020239252414,-84.419159243828
79020,544 S. UPPER STREET,Match,"544 S UPPER ST, LEXINGTON, KY, 40508",38.042758803999,-84.504187541496
85947,760 N. LIMESTONE,Match,"760 N LIMESTONE ST, LEXINGTON, KY, 40508",38.056382774757,-84.482739423626
83768,2100 HACKNEY PLACE,Match,"2100 HACKNEY, LEXINGTON, KY, 40511",38.101540948159,-84.481631640165
84852,317 WEST MAXWELL STREET,Match,"317 W MAXWELL ST, LEXINGTON, KY, 40508",38.04559350165,-84.503665446021
68382,410 SPORTING CT.,Match,"410 SPORTING CT, LEXINGTON, KY, 40503",37.99722222979,-84.533409759613
69006,3373 TATES CREEK ROAD,Match,"3373 TATES CREEK RD, LEXINGTON, KY, 40502",37.994916491887,-84.495585282028
70478,196 N. MARTIN LUTHER KING,Match,"196 N MARTIN LUTHER KING BLVD, LEXINGTON, KY, 40507",38.047120949034,-84.492058176639
68157,1209 WINCHESTER ROAD,Match,"1209 WINCHESTER RD, LEXINGTON, KY, 40505",38.042686844345,-84.460156549249
69008,130 WEST TIVERTON WAY,Match,"130 W TIVERTON WAY, LEXINGTON, KY, 40503",37.980929410968,-84.53096306968
69007,200 WEST HIGH STREET,Match,"200 W HIGH ST, LEXINGTON, KY, 40507",38.045959588881,-84.499793115984
62853,312 S ASHLAND AVE,Match,"312 S ASHLAND AVE, LEXINGTON, KY, 40502",38.031024240204,-84.49021973783
62854,3601 B WALDEN DRIVE,Match,"3601 WALDEN DR, LEXINGTON, KY, 40517",37.983167847029,-84.495888671214
92022,201 AVENUE OF CHAMPIONS,Match,"201 AVE OF CHAMPIONS, LEXINGTON, KY, 40508",38.039558004351,-84.501621869574
62857,3601 -A WALDEN DRIVE,Match,"3601 WALDEN DR, LEXINGTON, KY, 40517",37.983167847029,-84.495888671214
82226,517 W MAIN ST,Match,"517 W MAIN ST, LEXINGTON, KY, 40507",38.050360653816,-84.501381880268
59209,1840 ALYSHEBA WAY,Match,"1840 ALYSHEBA WAY, LEXINGTON, KY, 40509",38.017971011746,-84.4201824597
83317,1595 MERCER RD,Match,"1595 MERCER RD, LEXINGTON, KY, 40511",38.075559179849,-84.521642252503
80049,393 WALLER AVENUE,Match,"393 WALLER AVE, LEXINGTON, KY, 40504",38.030873637403,-84.520059372389
59210,2907 RICHMOND RD,Match,"2907 RICHMOND SRD, LEXINGTON, KY, 40509",38.00610259328,-84.449382387602
63956,303 SOUTH LIMESTONE,Match,"303 S LIMESTONE ST, LEXINGTON, KY, 40508",38.043360725639,-84.50144060923
63955,424 E.NEW CIRCLE ROAD,Match,"424 E NEW CIRCLE RD, LEXINGTON, KY, 40505",38.056414838512,-84.461522929867
85725,1388 ALEXANDERIA DR,Match,"1388 ALEXANDRIA DR, LEXINGTON, KY, 40504",38.049258072265,-84.552217236359
69250,472 SQUIRES RD,Match,"472 SQUIRES RD, LEXINGTON, KY, 40515",37.990926400285,-84.448503787682
74858,1760 SHARKEY WAY,Match,"1760 SHARKEY WAY, LEXINGTON, KY, 40511",38.068711895996,-84.5304921761
72676,154 PATCHEN DR,Match,"154 PATCHEN DR, LEXINGTON, KY, 40517",38.008354470155,-84.455821142583
75702,6825 OLD RICHMOND ROAD,Match,"6825 OLD RICHMOND RD, LEXINGTON, KY, 40515",37.931370291181,-84.383493003305
56195,895 N. BROADWAY,Match,"895 N BROADWAY RD, LEXINGTON, KY, 40508",38.06058105713,-84.483308157946
63963,1808 ALYSHEBA WAY,Match,"1808 ALYSHEBA WAY, LEXINGTON, KY, 40509",38.017125722999,-84.421262800571
92043,680 LIMA DR,Match,"680 LIMA DR, LEXINGTON, KY, 40511",38.07290930865,-84.505884656143
63726,385 S LIMESTONE,Match,"385 S LIMESTONE ST, LEXINGTON, KY, 40508",38.041806293023,-84.503563112682
60694,4269 SARON DR.,Match,"4269 SARON DR, LEXINGTON, KY, 40515",37.964945641671,-84.501178472218
83571,1180 LANES MILL ROAD,Match,"1180 LANES MILL RD, LAWRENCEBURG, KY, 40342",38.093764079129,-84.877664670307
60692,1907 PLAUDIT PL,Match,"1907 PLAUDIT PL, LEXINGTON, KY, 40509",38.018515341432,-84.415973137641
81390,1015 N LIMESTONE ST.,Match,"1015 N LIMESTONE ST, LEXINGTON, KY, 40505",38.059210574578,-84.478916916874
76805,100 MALABU DRIVE,Match,"100 MALABU DR, LEXINGTON, KY, 40503",38.00333328313,-84.519316140454
75714,135 ROJAY DRIVE,Match,"135 ROJAY DR, LEXINGTON, KY, 40503",37.984622650435,-84.528555954428
75712,1916 OXFORD CIRCLE,Match,"1916 OXFORD CIR, LEXINGTON, KY, 40504",38.049762768837,-84.542047087051
61793,1924 PAVILLION WAY,Match,"1924 PAVILION WAY, LEXINGTON, KY, 40509",38.02150716361,-84.417456413623
61794,1780 NICHOLASVILLE ROAD,Match,"1780 NICHOLASVILLE RD, LEXINGTON, KY, 40503",38.01781194247,-84.514197872392
57053,341 S LIMESTONE,Match,"341 S LIMESTONE ST, LEXINGTON, KY, 40508",38.042513727068,-84.502580489474
61795,1455 LEESTOWN RD,Match,"1455 LEESTOWN RD, LEXINGTON, KY, 40511",38.064818069846,-84.52214658761
70261,210 E. REYNOLDS ROAD,Match,"210 E REYNOLDS RD, LEXINGTON, KY, 40517",37.989508308148,-84.518725731414
62889,3092 LEESTOWN ROAD,Match,"3092 LEESTOWN RD, LEXINGTON, KY, 40511",38.09321343568,-84.561844390537
71591,209 KENTUCKY AVE,Match,"209 KENTUCKY AVE, LEXINGTON, KY, 40502",38.035689719456,-84.492452261641
87917,1208 OLD MAIN ST.,Match,"1208 OLD W MAIN ST, LEXINGTON, KY, 40508",38.061469810746,-84.5174650395
59239,1804 ALEXANDRIA DR,Match,"1804 ALEXANDRIA DR, LEXINGTON, KY, 40504",38.036279375194,-84.551202342445
81149,3801 NICHOLASVILLE CTR DR,Match,"3801 NICHOLASVILLE SRD, LEXINGTON, KY, 40503",37.984395952978,-84.52780095512
85742,3165 BEAUMONT CENTRE CIR,Match,"3165 BEAUMONT CENTRE CIR, LEXINGTON, KY, 40513",38.020649228876,-84.557574701335
83561,4379 OLD HARRODSBURG RD,Match,"4379 OLD HARRODSBURG RD, LEXINGTON, KY, 40513",37.996303967587,-84.584650656368
68188,820 NORTH BROADWAY,Match,"820 N BROADWAY RD, LEXINGTON, KY, 40508",38.059940236552,-84.484016463844
92623,171 W LOWRY LANE,Match,"171 W LOWRY LN, LEXINGTON, KY, 40503",38.007222715532,-84.521892991926
69603,144 BURT ROAD,Match,"144 BURT RD, LEXINGTON, KY, 40503",38.007593190842,-84.519882491664
66576,147 NORTH LIMESTONE STREET,Match,"147 N LIMESTONE ST, LEXINGTON, KY, 40507",38.047294308732,-84.495852705894
90688,4477 PRINCE ALBERT WAY,Match,"4477 PRINCE ALBERT WAY, LEXINGTON, KY, 40515",37.967627145,-84.529665082938
66585,130 TIVERTON WAY-WEST,Match,"130 W TIVERTON WAY, LEXINGTON, KY, 40503",37.980929410968,-84.53096306968
69853,1465 ALEXANDRIA DR,Match,"1465 ALEXANDRIA DR, LEXINGTON, KY, 40504",38.047479261135,-84.552075371369
92854,709 MILES POINT WAY,Match,"709 MILES POINT WAY, LEXINGTON, KY, 40510",38.067554801666,-84.555737154631
90674,367 W SHORT ST,Match,"367 W SHORT ST, LEXINGTON, KY, 40507",38.049198572691,-84.498746736691
92613,537 HUFF ROAD,Match,"537 HUFF RD, WINDSOR, KY, 42565",37.114514028602,-84.906527806931
92855,2709 OLD ROSEBUD RD,Match,"2709 OLD ROSEBUD RD, LEXINGTON, KY, 40509",38.028422833318,-84.420742608634
75296,5365 ATHENS-BOONESBORO ROAD,Match,"5365 ATHENS BOONESBORO RD, LEXINGTON, KY, 40509",37.964246847119,-84.391284941805
58721,4351 CLEARWATER WAY,Match,"4351 CLEARWATER WAY, LEXINGTON, KY, 40515",37.960129204716,-84.501558230379
87029,580 EUREKA SPRINGS DR.,Match,"580 EUREKA SPRINGS DR, LEXINGTON, KY, 40517",37.99598022131,-84.45724247025
71926,4740 FIREBROOK BLVD.,Match,"4740 FIREBROOK BLVD, LEXINGTON, KY, 40513",37.994313630694,-84.592799914514
87294,138 -140 BURT ROAD,Match,"140 BURT RD, LEXINGTON, KY, 40503",38.007542639536,-84.519798461993
90220,369 W VINE ST,Match,"369 W VINE ST, LEXINGTON, KY, 40507",38.048109322524,-84.500372707066
67206,3191 BEAUMONT CTR CIR,Match,"3191 BEAUMONT CENTRE CIR, LEXINGTON, KY, 40513",38.01967524537,-84.559572548698
82838,3191 BEAUMONT CENTRE CIR,Match,"3191 BEAUMONT CENTRE CIR, LEXINGTON, KY, 40513",38.01967524537,-84.559572548698
77498,"3120 PIMLICO PKWY, STE. 184",Match,"3120 PIMLICO PKWY, LEXINGTON, KY, 40517",37.986437602225,-84.46117919731
57642,123 W. MAIN STREET,Match,"123 W MAIN ST, LEXINGTON, KY, 40507",38.046594958289,-84.497185841599
88148,1226 VERSAILLES RD,Match,"1226 VERSAILLES RD, LEXINGTON, KY, 40508",38.049956172811,-84.519339485685
69860,180 STONE ROAD,Match,"180 STONE RD, GEORGETOWN, KY, 40324",38.207473166119,-84.478583919715
71937,616 CARVER ROAD,Match,"616 CARVER RD, LEXINGTON, KY, 40511",38.078527086037,-84.482080316325
63097,1908 PAVILLION WAY,Match,"1908 PAVILION WAY, LEXINGTON, KY, 40509",38.020897771807,-84.418062356812
86192,1198 MILLERSBURG RD.,Match,"1198 MILLERSBURG RD, PARIS, KY, 40361",38.247931672535,-84.207096534678
75079,110 N MILL STREET,Match,"110 N MILL ST, LEXINGTON, KY, 40507",38.048317896903,-84.498515591322
75076,2351 BUENA VISTA ROAD,Match,"2351 BUENA VISTA RD, LEXINGTON, KY, 40505",38.041741825198,-84.421758011341
90691,299 W LOUDON AVE,Match,"299 W LOUDON AVE, LEXINGTON, KY, 40508",38.062769959367,-84.492509630859
76396,"191 JEFFERSON STREET, 1ST FLOOR",Match,"191 JEFFERSON ST, LEXINGTON, KY, 40508",38.05345213526,-84.500873139279
76398,105 N. LIMESTONE,Match,"105 N LIMESTONE ST, LEXINGTON, KY, 40507",38.046579553737,-84.496877647159
59830,3347 TATES CREEK RD,Match,"3347 TATES CREEK RD, LEXINGTON, KY, 40502",37.996000547936,-84.495719520212
80653,3805 DYLAN PLACE,Match,"3805 DYLAN PL, LEXINGTON, KY, 40514",37.981270527802,-84.551887981911
90208,15 PRINCE AVE L15,Match,"15 PRINCE AVE, LEXINGTON, KY, 40511",38.070541304798,-84.498095206327
89467,102 W. VINE STREET,Match,"102 W VINE ST, LEXINGTON, KY, 40507",38.045749101862,-84.498089015563
64182,540 WEST SECOND STREET,Match,"540 W 2ND ST, LEXINGTON, KY, 40508",38.053750509374,-84.500664723437
86199,1198 MILLENSBURG RD,Match,"1198 MILLERSBURG RD, PARIS, KY, 40361",38.247931672535,-84.207096534678
90209,201 EASTIN DR,Match,"201 EASTIN RD, LEXINGTON, KY, 40505",38.06653324697,-84.458237181429
65273,400 LAFAYETTE AVE,Match,"400 LAFAYETTE PKWY, LEXINGTON, KY, 40503",38.027344253575,-84.525854712242
65285,1900 PLAUDIT PLACE,Match,"1900 PLAUDIT PL, LEXINGTON, KY, 40509",38.018329452533,-84.41604185238
69642,1318 RUSSELL CAVE RD.,Match,"1318 RUSSELL CAVE RD, LEXINGTON, KY, 40505",38.069564899422,-84.478881452955
65287,397 WALLER AVE,Match,"397 WALLER AVE, LEXINGTON, KY, 40504",38.031380425915,-84.520780086525
65047,130 E. HIGH STREET,Match,"130 E HIGH ST, LEXINGTON, KY, 40507",38.044689939035,-84.498368656137
68558,1600 MAN-O-WAR BLVD.,Match,"1600 MAN O WAR BLVD, LEXINGTON, KY, 40513",38.017800964696,-84.57519981492
91576,2024 DORSET DRIVE,Match,"2024 DORSET DR, LEXINGTON, KY, 40504",38.054474207828,-84.546616413981
77031,531 SOUTHLAND DRIVE,Match,"531 SOUTHBEND DR, LEXINGTON, KY, 40503",38.025617428405,-84.529411809866
77033,"3090 TODDS RD., STE.",Match,"3090 TODDS RD, LEXINGTON, KY, 40509",38.009376985979,-84.424672120457
77034,3801 MALL ROAD,Match,"3801 MALL RD, LEXINGTON, KY, 40503",37.985253300986,-84.530712605953
61915,2320 PALUMBO DR,Match,"2320 PALUMBO DR, LEXINGTON, KY, 40509",38.022375011652,-84.453594959265
81536,466 ANGLIANA AVE,Match,"466 ANGLIANA AVE, LEXINGTON, KY, 40508",38.042524451807,-84.511914916918
75081,285 E. SIXTH STREET,Match,"285 E 6TH ST, LEXINGTON, KY, 40508",38.050321974121,-84.482299474177
69882,1863 PLAUDIT PLACE,Match,"1863 PLAUDIT PL, LEXINGTON, KY, 40509",38.016287968147,-84.418255482162
59609,1533 EASTLAND PKWY.,Match,"1533 EASTLAND PKWY, LEXINGTON, KY, 40505",38.046065782715,-84.452856814792
59608,388 WOODLAND AVENUE,Match,"388 WOODLAND AVE, LEXINGTON, KY, 40508",38.034682172838,-84.495678735859
68790,808 E HIGH ST,Match,"808 E HIGH ST, LEXINGTON, KY, 40502",38.030974194041,-84.490049639023
68564,4240 SARON DR.,Match,"4240 SARON DR, LEXINGTON, KY, 40515",37.966957581463,-84.502150444856
88390,734 HILL RISE CT,Match,"734 HILL RISE CT, LEXINGTON, KY, 40504",38.04670513129,-84.534280605944
70400,345 SOUTH LIMESTONE,Match,"345 S LIMESTONE ST, LEXINGTON, KY, 40508",38.042425611122,-84.502704652854
71970,2703 RICHMOND RD,Match,"2703 RICHMOND RD, LEXINGTON, KY, 40509",38.009246825809,-84.454344860319
92655,2531 OLD ROSEBUD RD.,Match,"2531 OLD ROSEBUD RD, LEXINGTON, KY, 40509",38.02824454757,-84.430972166566
76172,133 N. LIMESTONE,Match,"133 N LIMESTONE ST, LEXINGTON, KY, 40507",38.04715040424,-84.496064565289
79200,1509 COLESBURY CIRCLE,Match,"1509 COLESBURY CIR, LEXINGTON, KY, 40511",38.073767423254,-84.482527868339
83942,1095 ROCKBRIDGE RD,Match,"1095 ROCKBRIDGE RD, LEXINGTON, KY, 40515",37.957706480465,-84.49092823858
60843,2145 SIR BARTON WAY,Match,"2145 SIR BARTON WAY, LEXINGTON, KY, 40509",38.021204768682,-84.419621231534
59610,785 NORTH BROADWAY,Match,"785 N BROADWAY RD, LEXINGTON, KY, 40508",38.059525952038,-84.484823635287
60841,2155 SIR BARTON WAY,Match,"2155 SIR BARTON WAY, LEXINGTON, KY, 40509",38.021310901258,-84.419860814651
78358,222 WILSON DOWNING ROAD,Match,"222 WILSON DOWNING RD, LEXINGTON, KY, 40517",37.983426185193,-84.518570180735
91558,516 BOOKER STREET,Match,"516 BOOKER ST, LEXINGTON, KY, 40508",38.061952459767,-84.501508446083
69424,2688 PINK PIGEON WAY,Match,"2688 PINK PIGEON PKWY, LEXINGTON, KY, 40509",38.02245148653,-84.426396558409
91112,2100 FONTAINE RD.,Match,"2100 FONTAINE RD, LEXINGTON, KY, 40502",38.017317123837,-84.469170471137
88182,1430 VILLAGE DR,Match,"1430 VILLAGE DR, LEXINGTON, KY, 40504",38.048319463981,-84.549045150788
90028,161 CANARY ROAD,Match,"161 CANARY RD, LEXINGTON, KY, 40503",37.99360258529,-84.518698469119
70890,2905 RICHMOND ROAD,Match,"2905 RICHMOND SRD, LEXINGTON, KY, 40509",38.006202346769,-84.449491185027
79471,3401 NICHOLASVILLE RD. SPACE T49A,Match,"3401 NICHOLASVILLE RD, LEXINGTON, KY, 40503",37.98845683202,-84.525168704428
90262,501 W SIXTH STREET,Match,"501 W 6TH ST, LEXINGTON, KY, 40508",38.05918362219,-84.491999523951
80467,1365 DEVONPORT DRIVE,Match,"1365 DEVONPORT DR, LEXINGTON, KY, 40504",38.048703048701,-84.553548336626
89039,3280 KEITHSHIRE DRIVE,Match,"3280 KEITHSHIRE WAY, LEXINGTON, KY, 40503",37.993440906753,-84.544116704823
69420,260 RICHARDSON PLACE,Match,"260 RICHARDSON PL, LEXINGTON, KY, 40509",37.980501185345,-84.411832152772
67256,1493 ALEXANDRIA DRIVE,Match,"1493 ALEXANDRIA DR, LEXINGTON, KY, 40504",38.046999233651,-84.552018022994
89022,717 NORTH BROADWAY,Match,"717 N BROADWAY RD, LEXINGTON, KY, 40508",38.058580589572,-84.486189234669
73934,3417 NICHOLASVILLE RD. FC-52,Match,"3417 NICHOLASVILLE RD, LEXINGTON, KY, 40503",37.988213316776,-84.525299822272
67013,141 E. MAIN ST,Match,"141 E MAIN ST, LEXINGTON, KY, 40507",38.045858995474,-84.496372040131
90259,812 STATESMAN WAY,Match,"812 STATESMAN WAY, LEXINGTON, KY, 40505",38.041185199341,-84.465043784963
56360,533 E MAIN ST,Match,"533 E MAIN ST, LEXINGTON, KY, 40508",38.038474250332,-84.4880075404
57693,1590 -A LEESTOWN RD,Match,"1590 LEESTOWN RD, LEXINGTON, KY, 40511",38.066956448992,-84.525437687434
57694,3284 EAGLE VIEW LANE,Match,"3284 EAGLE VIEW LN, LEXINGTON, KY, 40509",38.000070579028,-84.44300124239
81547,450 HAWKINS LANE,Match,"450 HAWKINS LN, SALVISA, KY, 40372",37.94565748454,-84.914467521426
59875,4250 SARON DR,Match,"4250 SARON DR, LEXINGTON, KY, 40515",37.96670295647,-84.502154513869
80213,2221 ELKHORN,Match,"2221 ELKHORN RD, LEXINGTON, KY, 40505",38.044637228859,-84.423018720158
63461,4101 TATES CREEK CENTER DR.,Match,"4101 TATES CREEK CENTRE DR, LEXINGTON, KY, 40517",37.96993417395,-84.497580956576
66979,133 NORTH LIMESTONE,Match,"133 N LIMESTONE ST, LEXINGTON, KY, 40507",38.04715040424,-84.496064565289
72178,867 S BROADWAY ST,Match,"867 S BROADWAY RD, LEXINGTON, KY, 40504",38.039814789729,-84.513786405666
66977,1907 PLAUDIT PLACE,Match,"1907 PLAUDIT PL, LEXINGTON, KY, 40509",38.018515341432,-84.415973137641
67829,1784 BRYAN STATION RD,Match,"1784 BRYAN STATION RD, LEXINGTON, KY, 40505",38.06319537735,-84.454842062399
67828,325 W. MAIN STREET,Match,"325 W MAIN ST, LEXINGTON, KY, 40507",38.04836728495,-84.499135991981
85017,240 CANARY RD,Match,"240 CANARY RD, LEXINGTON, KY, 40503",37.993618423171,-84.518532014298
86108,3110 WALL STREET,Match,"3110 WALL ST, LEXINGTON, KY, 40513",38.017023339493,-84.553875071471
61047,1996 PAVILLION WAY,Match,"1996 PAVILION WAY, LEXINGTON, KY, 40509",38.025090286943,-84.419069808646
77634,332 SOUTHLAND DRIVE,Match,"332 SOUTHLAND DR, LEXINGTON, KY, 40503",38.016466550981,-84.524642941714
76789,115 CHEAPSIDE,Match,"115 CHEAPSIDE ST, LEXINGTON, KY, 40507",38.047934211558,-84.498488936511
87430,2433 NICHOLASVILLE RD,Match,"2433 NICHOLASVILLE RD, LEXINGTON, KY, 40503",38.002497206297,-84.519894562616
91928,410 W VINE STREET,Match,"410 W VINE ST, LEXINGTON, KY, 40507",38.049316781514,-84.501044692312
75216,325 ROOSEVELT BLVD.,Match,"325 ROOSEVELT BLVD, LEXINGTON, KY, 40508",38.067246076671,-84.505968433391
72188,833 CHEVY CHASE PLACE,Match,"833 CHEVY CHASE PL, LEXINGTON, KY, 40502",38.028956239001,-84.491727075388
85008,1426 VILLAGE DR,Match,"1426 VILLAGE DR, LEXINGTON, KY, 40504",38.048388661881,-84.549053992737
56948,3393 TATES CREEK RD,Match,"3393 TATES CREEK RD, LEXINGTON, KY, 40502",37.992859691742,-84.495288277339
86577,729 LANE ALLEN,Match,"729 LANE ALLEN RD, LEXINGTON, KY, 40504",38.027347823222,-84.535746818527
78718,1528 CANTRILL DRIVE,Match,"1528 CANTRILL DR, LEXINGTON, KY, 40505",38.04956247589,-84.448997929094
56945,438 S ASHLAND AVE,Match,"438 S ASHLAND AVE, LEXINGTON, KY, 40502",38.029600425123,-84.492190757624
88750,3323 PARTNERS PLACE STE. 13 & 14,Match,"3323 PARTNER PL, LEXINGTON, KY, 40503",37.995931532937,-84.546770868763
56946,2301 PARIS PIKE,Match,"2301 PARIS PIKE, LEXINGTON, KY, 40505",38.078829696561,-84.450507269181
65666,1054 W HIGH ST,Match,"1054 W HIGH ST, LEXINGTON, KY, 40508",38.050241305978,-84.514539570206
73044,1141 RED MILE RD,Match,"1141 RED MILE RD, LEXINGTON, KY, 40504",38.039967144361,-84.519320646516
67608,3094 RICHMOND ROAD,Match,"3094 RICHMOND RD, LEXINGTON, KY, 40509",38.003166194451,-84.448208813751
77652,"535 S UPPER ST., STE. 175",Match,"535 S UPPER ST, LEXINGTON, KY, 40508",38.042829858033,-84.504305055056
88305,458 SOUTHLAND DR,Match,"458 SOUTHLAND DR, LEXINGTON, KY, 40503",38.019496085862,-84.527887957129
77417,2348 NICHOLASVILLE RD,Match,"2348 NICHOLASVILLE RD, LEXINGTON, KY, 40503",38.004578614531,-84.518849913642
88786,680 LIMA DR.,Match,"680 LIMA DR, LEXINGTON, KY, 40511",38.07290930865,-84.505884656143
62161,1424 ALEXANDRIA,Match,"1424 ALEXANDRIA DR, LEXINGTON, KY, 40504",38.048181027809,-84.552054557969
64102,128 E. NEW CIRCLE RD,Match,"128 E NEW CIRCLE RD, LEXINGTON, KY, 40505",38.064423626542,-84.469418892144
64348,3615 NICHOLASVILLE RD,Match,"3615 NICHOLASVILLE RD, LEXINGTON, KY, 40503",37.986027013166,-84.526349857338
76790,536 W. THIRD STREET,Match,"536 W 3RD ST, LEXINGTON, KY, 40508",38.056220338526,-84.50009745733
76793,"141 ROJAY DRIVE, STE. 120",Match,"141 ROJAY DR, LEXINGTON, KY, 40503",37.984601449747,-84.528485203315
76794,3387 TATES CREEK ROAD,Match,"3387 TATES CREEK RD, LEXINGTON, KY, 40502",37.994352874781,-84.495500739511
76795,383 ROSE STREET,Match,"383 ROSE ST, LEXINGTON, KY, 40508",38.038195870601,-84.499363145987
76796,3750 MALL ROAD,Match,"3750 MALL RD, LEXINGTON, KY, 40503",37.984673466857,-84.530985106989
76797,4230 SARON DRIVE,Match,"4230 SARON DR, LEXINGTON, KY, 40515",37.967220252239,-84.502155547951
89867,233 RUCCIO WAY,Match,"233 RUCCIO WAY, LEXINGTON, KY, 40503",37.996204177865,-84.529042499622
85262,2240 BUENA VISTA DR,Match,"2240 BUENA VISTA RD, LEXINGTON, KY, 40505",38.042603464443,-84.427367942774
86351,475 EAST NEW CIRCLE RD,Match,"475 E NEW CIRCLE RD, LEXINGTON, KY, 40505",38.05500075982,-84.459811376703
64113,634-636 E LOUDON,Match,"636 E LOUDON AVE, LEXINGTON, KY, 40505",38.050038123549,-84.47304373986
90402,404 W MAIN STREET,Match,"404 W MAIN ST, LEXINGTON, KY, 40507",38.048953070134,-84.499985698852
75004,4401 OLD HARRODSBURG ROAD,Match,"4401 OLD HARRODSBURG RD, LEXINGTON, KY, 40513",37.996298717961,-84.584698652964
81929,486 W. 2ND ST.,Match,"486 W 2ND ST, LEXINGTON, KY, 40507",38.053421272551,-84.500292991802
78765,1301 WINCHESTER RD.,Match,"1301 WINCHESTER RD, LEXINGTON, KY, 40505",38.042843489057,-84.458376273754
80843,3191 BEAUMONT CENTRE CR,Match,"3191 BEAUMONT CENTRE CIR, LEXINGTON, KY, 40513",38.01967524537,-84.559572548698
88328,2112 LISA CIRCLE,Match,"2112 LISA CIR, LEXINGTON, KY, 40505",38.080215677249,-84.457008240183
78769,535 S. UPPER STREET STE. 145,Match,"535 S UPPER ST, LEXINGTON, KY, 40508",38.042829858033,-84.504305055056
90877,600 ST. ANTHONY DRIVE,Match,"600 ST ANTHONY DR, LEXINGTON, KY, 40505",38.058995075869,-84.447869939936
89410,115 N. LOCUST HILL DR,Match,"115 N LOCUST HILL DR, LEXINGTON, KY, 40509",38.00430215422,-84.446092742275
64591,228 S LIMESTONE,Match,"228 N LIMESTONE ST, LEXINGTON, KY, 40507",38.048761039202,-84.493517475108
62183,3470 RICHMOND ROAD,Match,"3470 RICHMOND RD, LEXINGTON, KY, 40509",37.99585214796,-84.440147415214
67630,1307 WINCHESTER RD,Match,"1307 WINCHESTER RD, LEXINGTON, KY, 40505",38.042850927131,-84.458325446908
67631,1857 PLAUDIT PLACE,Match,"1857 PLAUDIT PL, LEXINGTON, KY, 40509",38.015898883221,-84.418510305399
63274,1161 CENTRE PARKWAY,Match,"1161 CENTRE PKWY, LEXINGTON, KY, 40517",37.98270246632,-84.483933243008
68960,127 N LIMESTONE ST,Match,"127 N LIMESTONE ST, LEXINGTON, KY, 40507",38.047088730886,-84.496155362172
63275,350 VIRGINIA AVE,Match,"350 VIRGINIA AVE, LEXINGTON, KY, 40504",38.03742815809,-84.514134600764
75019,3475 SPURR ROAD,Match,"3475 SPURR RD, LEXINGTON, KY, 40511",38.110660192121,-84.548444778352
66548,3090 TODDS RD,Match,"3090 TODDS RD, LEXINGTON, KY, 40509",38.009376985979,-84.424672120457
78512,1314 RUSSELL CAVE RD.,Match,"1314 RUSSELL CAVE RD, LEXINGTON, KY, 40505",38.069504654599,-84.478977482299
89407,231 WOODLAND AVE,Match,"231 WOODLAND AVE, LEXINGTON, KY, 40502",38.036611544295,-84.493154449812
56508,3061 FIELDSTONE WAY,Match,"3061 FIELDSTONE WAY, LEXINGTON, KY, 40513",38.013771147251,-84.557217481748
89403,1781 SHARKEY WAY,Match,"1781 SHARKEY WAY, LEXINGTON, KY, 40511",38.068547640907,-84.530871438171
77428,801 EAST MAIN STREET,Match,"801 E MAIN ST, LEXINGTON, KY, 40502",38.035184166341,-84.484346366955
92801,120 SYCAMORE RD.,Match,"120 SYCAMORE RD, LEXINGTON, KY, 40502",38.030124497703,-84.479778257738
55899,1410 NORTH FORBES ROAD,Match,"1410 N FORBES RD, LEXINGTON, KY, 40511",38.066102709431,-84.5197321808
90867,201 EASTIN RD.,Match,"201 EASTIN RD, LEXINGTON, KY, 40505",38.06653324697,-84.458237181429
56507,131 N. EAGLE CREEK,Match,"131 N EAGLE CREEK DR, LEXINGTON, KY, 40509",37.999965171386,-84.440876790634
86161,1875 AUGUSTA DR.,Match,"1875 AUGUSTA DR, LEXINGTON, KY, 40505",38.055309151841,-84.439630967554
64372,5555 SPIRIT RIDGE LANE,Match,"5555 SPIRIT RIDGE LN, LEXINGTON, KY, 40515",37.864010440486,-84.427098664311
63288,1790 BRYAN STATION RD,Match,"1790 BRYAN STATION RD, LEXINGTON, KY, 40505",38.063352991507,-84.454388065072
68739,1400 ALEXANDRIA DRIVE,Match,"1400 ALEXANDRIA DR, LEXINGTON, KY, 40504",38.048577934387,-84.552154801639
68737,2333 SIR BARTON WAY,Match,"2333 SIR BARTON WAY, LEXINGTON, KY, 40509",38.025675813614,-84.422856117375
79638,1000 EXPORT ST.,Match,"1000 EXPORT ST, LEXINGTON, KY, 40504",38.036866430174,-84.51370763837
70805,800 ROSE ST. ROOM C-300,Match,"800 ROSE ST, LEXINGTON, KY, 40536",38.032831817334,-84.506721276415
90659,472 HOBERT ESTES RD.,Match,"472 HOBART ESTES RD, LANCASTER, KY, 40444",37.665427555161,-84.522338811634
62191,2094 HARRODSBURG ROAD,Match,"2094 HARRODSBURG RD, LEXINGTON, KY, 40503",38.024795920092,-84.538068128358
85076,1264 E. NEW CIRCLE RD,Match,"1264 E NEW CIRCLE RD, LEXINGTON, KY, 40505",38.030208340831,-84.452695578619
67895,1051 CHINOE RD,Match,"1051 CHINOE RD, LEXINGTON, KY, 40502",37.997925156496,-84.480795645105
67893,1316 RUSSELL CAVE RD.,Match,"1316 RUSSELL CAVE RD, LEXINGTON, KY, 40505",38.06953477701,-84.478929467627
66326,2630 RICHMOND ROAD,Match,"2630 RICHMOND RD, LEXINGTON, KY, 40509",38.010454529469,-84.456153190106
63058,4391 OLD HARRODSBURG RD,Match,"4391 OLD HARRODSBURG RD, LEXINGTON, KY, 40513",37.996301104155,-84.584676836329
66328,1719 NORTH BROADWAY,Match,"1719 N BROADWAY RD, LEXINGTON, KY, 40505",38.069465028154,-84.469174726117
58942,811 EUCLID AVENUE,Match,"811 EUCLID AVE, LEXINGTON, KY, 40502",38.030187131274,-84.491101211196
79860,2050 VERSAILLES RD. PEDS BLDG.,Match,"2050 VERSAILLES RD, LEXINGTON, KY, 40504",38.04755635786,-84.54215829836
77200,2348 NICHOLASVILLE RD STE. 120,Match,"2348 NICHOLASVILLE RD, LEXINGTON, KY, 40503",38.004578614531,-84.518849913642
77202,"3801 MALL ROAD, STE. 135",Match,"3801 MALL RD, LEXINGTON, KY, 40503",37.985253300986,-84.530712605953
78536,1212 VERSAILLES ROAD,Match,"1212 VERSAILLES RD, LEXINGTON, KY, 40508",38.049969701563,-84.519024019478
87249,117 TOWN CENTER DR,Match,"117 TOWNE CENTER DR, LEXINGTON, KY, 40511",38.066933588192,-84.530787210879
78537,9079 OLD RICHMOND ROAD,Match,"9079 OLD RICHMOND RD, LEXINGTON, KY, 40515",37.886566357528,-84.340008454011
87246,411 SOUTHLAND DR,Match,"411 SOUTHLAND DR, LEXINGTON, KY, 40503",38.018506943422,-84.526862697687
89420,1095 ROCKBRIDGE ROAD,Match,"1095 ROCKBRIDGE RD, LEXINGTON, KY, 40515",37.957706480465,-84.49092823858
88572,338 BLACKBURN AVE.,Match,"338 BLACKBURN AVE, LEXINGTON, KY, 40508",38.056664341841,-84.499107689199
92183,1000 TEMPUR WAY,Match,"1000 TEMPUR WAY, LEXINGTON, KY, 40511",38.098401863731,-84.495173241179
74992,1769 ALEXANDRIA DRIVE,Match,"1769 ALEXANDRIA DR, LEXINGTON, KY, 40504",38.038891662282,-84.552608975557
74990,"2220 NICHOLASVILLE, STE. 102",Match,"2220 NICHOLASVILLE RD, LEXINGTON, KY, 40503",38.008008586798,-84.517638342533
85414,"4013 NICHOLASVILLE RD, STE.140",Match,"4013 NICHOLASVILLE RD, LEXINGTON, KY, 40503",37.98016080238,-84.528634956736
69163,1060 CHINOE RD PLAZA,Match,"1060 CHINOE RD, LEXINGTON, KY, 40502",37.997769521367,-84.48071491237
83231,"201 E MAIN STREET, 15TH FLOOR",Match,"201 E MAIN ST, LEXINGTON, KY, 40507",38.045031928439,-84.495456720533
76706,1507 RUSSELL CAVE RD.,Match,"1507 RUSSELL CAVE RD, LEXINGTON, KY, 40505",38.071228921661,-84.476591392781
81292,2514 NICHOLASVILLE RD,Match,"2514 NICHOLASVILLE RD, LEXINGTON, KY, 40503",37.999661746656,-84.520552928323
75859,3405 NICHOLASVILLE ROAD,Match,"3405 NICHOLASVILLE RD, LEXINGTON, KY, 40503",37.988330137274,-84.525238630579
62540,1912 PLAUDIT PLACE,Match,"1912 PLAUDIT PL, LEXINGTON, KY, 40509",38.018545499014,-84.415729620458
74523,1281 E NEW CIRCLE RD,Match,"1281 E NEW CIRCLE RD, LEXINGTON, KY, 40505",38.029905438592,-84.4523813345
71495,3001 BLAKE JAMES DR.,Match,"3001 LAKE JAMES DR, LEXINGTON, KY, 40509",38.008236986987,-84.436247548575
75852,2729 TRAILWOOD LANE,Match,"2729 TRAILWOOD DR, LEXINGTON, KY, 40511",38.080657032902,-84.552118746892
61458,2109 CORNERSTONE DR,Match,"2109 CORNERSTONE DR, LEXINGTON, KY, 40509",38.030751014221,-84.444468165891
61459,1816 ALYSHEBA WAY,Match,"1816 ALYSHEBA WAY, LEXINGTON, KY, 40509",38.01736560251,-84.421059532325
84319,1891 AUGUSTA DR,Match,"1891 AUGUSTA DR, LEXINGTON, KY, 40505",38.05572018223,-84.438555848979
59137,2467 NICHOLASVILLE RD,Match,"2467 NICHOLASVILLE RD, LEXINGTON, KY, 40503",38.001567791165,-84.520218241441
59136,2925 RICHMOND ROAD,Match,"2925 RICHMOND SRD, LEXINGTON, KY, 40509",38.005183915816,-84.448845496175
59139,2360 WOODHILL DR B15,Match,"2360 WOODHILL DR, LEXINGTON, KY, 40509",38.017278403734,-84.454660885066
59138,4222 SARON DRIVE,Match,"4222 SARON DR, LEXINGTON, KY, 40515",37.967429499018,-84.502187545058
84794,2548 RICHMOND ROAD,Match,"2548 RICHMOND RD, LEXINGTON, KY, 40509",38.011507575374,-84.457360265754
72115,4226 SARON DR,Match,"4226 SARON DR, LEXINGTON, KY, 40515",37.967327298747,-84.5021689632
63640,165 EAST REYNOLDS RD,Match,"165 E REYNOLDS RD, LEXINGTON, KY, 40517",37.990364040415,-84.520903759839
64734,"1300 WINCHESTER ROAD, STE. 3",Match,"1300 WINCHESTER RD, LEXINGTON, KY, 40505",38.042721877051,-84.458358737042
83259,2351 ALUMNI DRIVE,Match,"2351 ALUMNI DR, LEXINGTON, KY, 40517",37.993561978876,-84.461488484151
77811,"1500 BULL LEA ROAD, STE. 130",Match,"1500 BULL LEA RD, LEXINGTON, KY, 40511",38.087823574828,-84.49429781265
85431,170 NORTH EAGEL CREEK,Match,"170 N EAGLE CREEK DR, LEXINGTON, KY, 40509",38.000526246126,-84.439945909419
81072,152 W TIVERTON WAY,Match,"152 W TIVERTON WAY, LEXINGTON, KY, 40503",37.981246234494,-84.53209411258
84340,96 LAREDO DR,Match,"96 LAREDO DR, GEORGETOWN, KY, 40324",38.15923915362,-84.542955522138
83492,4000 TERMINAL DR.,Match,"4000 TERMINAL DR, LEXINGTON, KY, 40510",38.03904167707,-84.598385282452
72129,3100 TATES CREEK RD.,Match,"3100 TATES CREEK RD, LEXINGTON, KY, 40502",38.005099933697,-84.495734112419
73698,2339 WOODHILL DR,Match,"2339 WOODHILL DR, LEXINGTON, KY, 40509",38.017535221238,-84.455253817141
75634,760 WINCHESTER ROAD,Match,"760 WINCHESTER RD, LEXINGTON, KY, 40505",38.0411679006,-84.476185253836
75632,2161 PAUL JONES WAY,Match,"2161 PAUL JONES WAY, LEXINGTON, KY, 40509",38.020398636399,-84.420173656132
64988,915 MURRAY DR.,Match,"915 MURRAY DR, LEXINGTON, KY, 40505",38.04357798887,-84.456760845314
73694,2380 NORMAN LN,Match,"2380 NORMAN LN, LEXINGTON, KY, 40503",38.004751890131,-84.51997010924
73693,327 ROMANY RD,Match,"327 ROMANY RD, LEXINGTON, KY, 40502",38.020135083892,-84.485749226242
62328,4096 NICHOLS PARK DR,Match,"4096 NICHOLS PARK, LEXINGTON, KY, 40503",37.977832792988,-84.533814400941
66918,1504 BRYAN AVENUE,Match,"1504 BRYAN AVE, LEXINGTON, KY, 40505",38.059625208348,-84.466099884031
86516,1980 PAVILLION WAY,Match,"1980 PAVILION WAY, LEXINGTON, KY, 40509",38.02394404126,-84.4180525699
82152,1306 VERSAILLES RD,Match,"1306 VERSAILLES RD, LEXINGTON, KY, 40504",38.049858087634,-84.521674735572
63664,2011 GARDEN SPRINGS DR,Match,"2011 GARDEN SPRINGS DR, LEXINGTON, KY, 40504",38.029664867658,-84.541822335772
71289,345 LAFAYETTE AVE,Match,"345 LAFAYETTE AVE, LEXINGTON, KY, 40502",38.032712722657,-84.492084392196
63423,2350 WOODHILL DR.,Match,"2350 WOODHILL DR, LEXINGTON, KY, 40509",38.017345140045,-84.454949084827
63424,100 MARKET PLACE DR.,Match,"100 MARKETPLACE DR, LEXINGTON, KY, 40503",37.978245413028,-84.529396255323
63667,1429 ALEXANDRIA DRIVE,Match,"1429 ALEXANDRIA DR, LEXINGTON, KY, 40504",38.048083506535,-84.552170699277
63427,540 EUREKA SPRINGS,Match,"540 EUREKA SPRINGS DR, LEXINGTON, KY, 40517",37.996291485,-84.45741341421
66936,3735 PALOMAR CTR,Match,"3735 PALOMAR CENTRE DR, LEXINGTON, KY, 40513",38.003459531439,-84.571166851002
85459,118 EAST NEW CIRCLE RD,Match,"118 E NEW CIRCLE RD, LEXINGTON, KY, 40505",38.064680173566,-84.469684773073
82186,162 OLD TODDS ROAD,Match,"162 TODDS RD, LEXINGTON, KY, 40509",38.010261071941,-84.45297703171
60153,5521 ATHENS-BOONESBORO ROAD,Match,"5521 ATHENS BOONESBORO RD, LEXINGTON, KY, 40509",37.961589844519,-84.386626047404
78924,1896 COURTLAND DRIVE,Match,"1896 COURTLAND DR, LEXINGTON, KY, 40505",38.055103887975,-84.443128836983
60151,2851 RICHMOND RD,Match,"2851 RICHMOND SRD, LEXINGTON, KY, 40509",38.006515466609,-84.450941974536
86782,1748 ALYSHEBA WAY,Match,"1748 ALYSHEBA WAY, LEXINGTON, KY, 40509",38.014967190542,-84.423142470483
75419,2700 WILHITE DRIVE,Match,"2700 WILHITE DR, LEXINGTON, KY, 40503",37.996635946493,-84.519068315509
62343,2740 RICHMOND RD,Match,"2740 RICHMOND RD, LEXINGTON, KY, 40509",38.007674532914,-84.452979900169
62344,1935 PLAUDIT PLACE,Match,"1935 PLAUDIT PL, LEXINGTON, KY, 40509",38.01907093375,-84.4153853695
93063,804 EUCLID AVE.,Match,"804 EUCLID AVE, LEXINGTON, KY, 40502",38.030172404138,-84.491278058081
93062,207 S LIMESTONE,Match,"207 S LIMESTONE ST, LEXINGTON, KY, 40508",38.045039256356,-84.499046792556
85685,1128 WINCHESTER RD,Match,"1128 WINCHESTER RD, LEXINGTON, KY, 40505",38.042224283263,-84.464067209037
86771,351 SOUTHLAND DR.,Match,"351 SOUTHLAND DR, LEXINGTON, KY, 40503",38.016867054828,-84.524922962013
62111,905 S LIMESTONE ST,Match,"905 S LIMESTONE ST, LEXINGTON, KY, 40503",38.032303293759,-84.509288952309
62113,1801 NEWTOWN PIKE,Match,"1801 NEWTOWN PIKE, LEXINGTON, KY, 40511",38.093219739764,-84.487286228343
63445,391 WEST REYNOLDS RD,Match,"391 W REYNOLDS RD, LEXINGTON, KY, 40503",37.99503499864,-84.535362925504
63204,351 WEST REYNOLDS RD,Match,"351 W REYNOLDS RD, LEXINGTON, KY, 40503",37.994836074241,-84.534013983003
75421,2220 NICHOLASVILLE RD.,Match,"2220 NICHOLASVILLE RD, LEXINGTON, KY, 40503",38.008008586798,-84.517638342533
73484,1588 HILL RISE DR,Match,"1588 HILL RISE DR, LEXINGTON, KY, 40504",38.046851098486,-84.533335654959
77853,"1020 INDUSTRY RD., STE. 26",Match,"1020 INDUSTRY RD, LEXINGTON, KY, 40505",38.043415566099,-84.4602590517
88988,6535 JACKS CREEK PIKE,Match,"6535 JACKS CREEK PIKE, LEXINGTON, KY, 40515",37.875298549002,-84.377962068455
87894,785 BURGESS AVE,Match,"785 BURGESS AVE, LEXINGTON, KY, 40511",38.08400897849,-84.472606235989
85475,591 W. SHORT ST,Match,"591 W SHORT ST, LEXINGTON, KY, 40507",38.052171370837,-84.502089436615
88983,"3101 CLAYS MILL ROAD, STE. 401",Match,"3101 CLAYS MILL RD, LEXINGTON, KY, 40503",38.003933324905,-84.544211718628
83293,3175 BEAUMONT CENTRE CIRCLE,Match,"3175 BEAUMONT CENTRE CIR, LEXINGTON, KY, 40513",38.020453679795,-84.558365229535
83292,820 LANE ALLEN,Match,"820 LANE ALLEN RD, LEXINGTON, KY, 40504",38.029458493354,-84.540069775644
85470,376 SOUTHLAND DRIVE,Match,"376 SOUTHLAND DR, LEXINGTON, KY, 40503",38.017411912373,-84.525776136678
65872,679 LIMA DRIVE,Match,"679 LIMA DR, LEXINGTON, KY, 40511",38.072929915782,-84.506967766478
62124,3743 RED RIVER DRIVE,Match,"3743 RED RIVER DR, LEXINGTON, KY, 40517",37.968811247054,-84.483626252614
71072,412 SOUTHLAND DR,Match,"412 SOUTHLAND DR, LEXINGTON, KY, 40503",38.018581180749,-84.527124705229
83286,3175 BEAUMONT CNTR CIRCLE,Match,"3175 BEAUMONT CENTRE CIR, LEXINGTON, KY, 40513",38.020453679795,-84.558365229535
89822,409 W NEW CIRCLE RD,Match,"409 W NEW CIRCLE RD, LEXINGTON, KY, 40511",38.071042468444,-84.476890818194
89821,1616 LIBERTY ROAD,Match,"1616 LIBERTY RD, LEXINGTON, KY, 40505",38.037843585819,-84.464637719838
90804,2208 CHYLEEN DRIVE,Match,"2208 CHYLEEN DR, LEXINGTON, KY, 40505",38.08507372749,-84.459600195436
85460,1489 ALEXANDRIA DRIVE,Match,"1489 ALEXANDRIA DR, LEXINGTON, KY, 40504",38.047067809006,-84.552026215619
71402,3320 PARTNER PLACE,Match,"3320 PARTNER PL, LEXINGTON, KY, 40503",37.99591527004,-84.546621730818
73820,1973 BRYANT ROAD,Match,"1973 BRYANT RD, LEXINGTON, KY, 40509",38.019031317521,-84.411779017457
71880,1761 SHARKEY WAY,Match,"1761 SHARKEY WAY, LEXINGTON, KY, 40511",38.068466531984,-84.530051526155
71881,410 W VINE ST.,Match,"410 W VINE ST, LEXINGTON, KY, 40507",38.049316781514,-84.501044692312
57589,1930 OXFORD CIRCLE,Match,"1930 OXFORD CIR, LEXINGTON, KY, 40504",38.049110180701,-84.542730932267
84961,259 W SHORT ST,Match,"259 W SHORT ST, LEXINGTON, KY, 40507",38.048301626532,-84.497740078712
74909,435 RACE STREET,Match,"435 RACE ST, LEXINGTON, KY, 40508",38.045950760891,-84.483686841823
74907,2297 EXECUTIVE DRIVE,Match,"2297 EXECUTIVE DR, LEXINGTON, KY, 40505",38.042224208065,-84.428624681224
68005,1527 N LIMESTONE ST,Match,"1527 N LIMESTONE ST, LEXINGTON, KY, 40505",38.06392817157,-84.47214122032
69336,3440 VERSAILLES ROAD,Match,"3440 VERSAILLES RD, LEXINGTON, KY, 40510",38.043968994323,-84.578725103817
93421,3735 PALOMAR CENTER DR,Match,"3735 PALOMAR CENTRE DR, LEXINGTON, KY, 40513",38.003459531439,-84.571166851002
68008,3181 BEAUMONT CTR.CIR.,Match,"3181 BEAUMONT CENTRE CIR, LEXINGTON, KY, 40513",38.020209031022,-84.558867604079
69339,124 NORTH UPPER,Match,"124 S UPPER ST, LEXINGTON, KY, 40507",38.046949637483,-84.498125996739
68007,1080 SOUTH BROADWAY,Match,"1080 S BROADWAY RD, LEXINGTON, KY, 40504",38.037212765512,-84.517662057938
61611,4051 NICHOLASVILLE RD,Match,"4051 NICHOLASVILLE RD, LEXINGTON, KY, 40503",37.978244863609,-84.529395890349
80353,770 WOODLAND AVE.,Match,"770 WOODLAND AVE, LEXINGTON, KY, 40526",38.030418224028,-84.501714656708
81443,401 W. MAIN ST.,Match,"401 W MAIN ST, LEXINGTON, KY, 40507",38.04901355511,-84.499859450443
93419,150 SHORE SIDE DR,Match,"150 SHORESIDE DR, LEXINGTON, KY, 40515",37.99213648732,-84.436723219596
80351,404 S LIMESTONE,Match,"404 S LIMESTONE ST, LEXINGTON, KY, 40508",38.041415641279,-84.503889639702
67396,3851 KENESAW DRIVE-SUITE 120,Match,"3851 KENESAW DR, LEXINGTON, KY, 40515",37.96094166116,-84.47876439565
93456,501 W SIXTH ST,Match,"501 W 6TH ST, LEXINGTON, KY, 40508",38.05918362219,-84.491999523951
93457,3401 NICHOLASVILLE RD. FC-03,Match,"3401 NICHOLASVILLE RD, LEXINGTON, KY, 40503",37.98845683202,-84.525168704428
90181,226 WALTON AVE,Match,"226 WALTON AVE, LEXINGTON, KY, 40502",38.039781242731,-84.481339589649
55186,333 NEWTOWN PIKE,Match,"333 NEWTOWN PIKE, LEXINGTON, KY, 40508",38.059292699557,-84.501324920357
78063,"3090 HELMSDALE PLACE, STE. 265",Match,"3090 HELMSDALE PL, LEXINGTON, KY, 40509",38.012333175486,-84.420828362787
83658,899 MANCHESTER ST,Match,"899 MANCHESTER ST, LEXINGTON, KY, 40508",38.05272771535,-84.50924022135
81476,3735 PALOMAR DR,Match,"3735 PALOMAR CENTRE DR, LEXINGTON, KY, 40513",38.003459531439,-84.571166851002
73839,3340 CLAYS MILL RD,Match,"3340 CLAYS MILL RD, LEXINGTON, KY, 40503",37.996502880044,-84.54849179327
93445,1439 ALEXANDRIA DR,Match,"1439 ALEXANDRIA DR, LEXINGTON, KY, 40504",38.047920484996,-84.552133959985
91025,305 ALEX LANE,Match,"305 ALEX LN, LEXINGTON, KY, 40511",38.088696229575,-84.540444803019
92595,1764 COSTIGAN DR,Match,"1764 COSTIGAN DR, LEXINGTON, KY, 40511",38.089714862898,-84.481832865489
92596,1205 E NEW CIRCLE RD,Match,"1205 E NEW CIRCLE RD, LEXINGTON, KY, 40505",38.03209214988,-84.452827905418
71675,125 CODELL DR,Match,"125 CODELL DR, LEXINGTON, KY, 40509",38.01227529482,-84.452317836305
72521,500 W. NEW CIRCLE RD,Match,"500 W NEW CIRCLE RD, LEXINGTON, KY, 40511",38.071969711268,-84.479773925645
72763,1837 PLAUDIT PLACE,Match,"1837 PLAUDIT PL, LEXINGTON, KY, 40509",38.015546925193,-84.418738075697
74940,140 ROJAY DRIVE,Match,"140 ROJAY DR, LEXINGTON, KY, 40503",37.984644959568,-84.528221283878
71430,287 SOUTH LIMESTONE,Match,"287 S LIMESTONE ST, LEXINGTON, KY, 40508",38.043632781335,-84.501052424846
61875,1951 PLEASANT RIDGE DRIVE,Match,"1951 PLEASANT RIDGE DR, LEXINGTON, KY, 40509",38.017161794158,-84.414704851279
78050,3387 TATES CREEK RD.,Match,"3387 TATES CREEK RD, LEXINGTON, KY, 40502",37.994352874781,-84.495500739511
61879,3170 RICHMOND RD,Match,"3170 RICHMOND RD, LEXINGTON, KY, 40509",38.001624495386,-84.44659877176
62726,371 S. LIMESTONE,Match,"371 S LIMESTONE ST, LEXINGTON, KY, 40508",38.042005941247,-84.503286676676
63815,1206 N LIMESTONE ST,Match,"1206 N LIMESTONE ST, LEXINGTON, KY, 40505",38.061451779161,-84.475490610255
60544,1856 ALYSHEBA WAY,Match,"1856 ALYSHEBA WAY, LEXINGTON, KY, 40509",38.018408395715,-84.419613291763
60543,1916 PAVILION WAY,Match,"1916 PAVILION WAY, LEXINGTON, KY, 40509",38.021202372991,-84.417759027171
84730,269 W MAIN ST.,Match,"269 W MAIN ST, LEXINGTON, KY, 40507",38.047977061828,-84.498697620743
82797,340 E. NEW CIRCLE RD,Match,"340 E NEW CIRCLE RD, LEXINGTON, KY, 40505",38.058823751768,-84.463841077792
69125,"325 W MAIN STREET, STE. 160",Match,"325 W MAIN ST, LEXINGTON, KY, 40507",38.04836728495,-84.499135991981
92381,319 CEDAR ST,Match,"319 CEDAR ST, LEXINGTON, KY, 40508",38.044216467312,-84.505622369102
64911,3090 TODDS ROAD,Match,"3090 TODDS RD, LEXINGTON, KY, 40509",38.009376985979,-84.424672120457
71680,3276 FEATHERSTON DRIVE,Match,"3276 FEATHERSTON DR, LEXINGTON, KY, 40515",37.973262670181,-84.453693750047
62733,1610 LEESTOWN ROAD,Match,"1610 LEESTOWN RD, LEXINGTON, KY, 40511",38.067208719988,-84.525813508248
64910,3094 OLD TODDS RD.,Match,"3094 TODDS RD, LEXINGTON, KY, 40509",38.009381000009,-84.424644331014
62727,404 SPORTING CT,Match,"404 SPORTING CT, LEXINGTON, KY, 40503",37.997159203978,-84.533302965899
79179,2201 WAR ADMIRAL WAY,Match,"2201 WAR ADMIRAL WAY, LEXINGTON, KY, 40509",38.039610738189,-84.428598246467
62729,5921 ATHENS-BOONESBORO,Match,"5921 ATHENS BOONESBORO RD, LEXINGTON, KY, 40509",37.955896985365,-84.375553797289
82107,6483 RICHMOND RD,Match,"6483 OLD RICHMOND RD, LEXINGTON, KY, 40515",37.92767724375,-84.376858905675
82346,1306 SOUTH BROADWAY,Match,"1306 S BROADWAY RD, LEXINGTON, KY, 40504",38.03437819079,-84.522083984914
81251,891 GEORGETOWN ST,Match,"891 GEORGETOWN RD, LEXINGTON, KY, 40508",38.070303563149,-84.504571863158
68276,"1801 ALEXANDRIA DR., STE. 124",Match,"1801 ALEXANDRIA DR, LEXINGTON, KY, 40504",38.036272089506,-84.551366449014
80162,6270 ATHENS WALNUT HILL RD.,Match,"6270 ATHENS WALNUT HILL PIKE, LEXINGTON, KY, 40515",37.950111228283,-84.367418659137
73631,1890 STAR SHOOT PKWY,Match,"1890 STAR SHOOT PKWY, LEXINGTON, KY, 40509",38.024425040176,-84.423390560814
64920,1816 BRYAN STATION ROAD,Match,"1816 BRYAN STATION RD, LEXINGTON, KY, 40505",38.063704549995,-84.453361260056
63834,521 W SHORT ST,Match,"521 W SHORT ST, LEXINGTON, KY, 40507",38.050773106664,-84.500504487608
90195,836 EUCLID AVE,Match,"836 EUCLID AVE, LEXINGTON, KY, 40502",38.02984884195,-84.490919164467
84515,903 MANCHESTER STREET,Match,"903 MANCHESTER ST, LEXINGTON, KY, 40508",38.052790753117,-84.509393040884
64916,3280 EAGLE VIEW LANE,Match,"3280 EAGLE VIEW LN, LEXINGTON, KY, 40509",38.00009641588,-84.443063166108
59336,2220 NICHOLASVILLE ROAD,Match,"2220 NICHOLASVILLE RD, LEXINGTON, KY, 40503",38.008008586798,-84.517638342533
68040,140 EAST MAIN STREET,Match,"140 E MAIN ST, LEXINGTON, KY, 40507",38.045783809793,-84.496481849921
71209,3401 NICHOLASVILLE ROAD PK 55,Match,"3401 NICHOLASVILLE RD, LEXINGTON, KY, 40503",37.98845683202,-84.525168704428
75825,1768 SHARKEY WAY,Match,"1768 SHARKEY WAY, LEXINGTON, KY, 40511",38.068692097642,-84.530786050363
74975,"3330 PARTNER PL., STE. 124",Match,"3330 PARTNER PL, LEXINGTON, KY, 40503",37.995773592138,-84.546697690661
72553,2341 SIR BARTON WAY,Match,"2341 SIR BARTON WAY, LEXINGTON, KY, 40509",38.025917963178,-84.422719702288
62993,3130 MAPLE LEAF DR,Match,"3130 MAPLELEAF DR, LEXINGTON, KY, 40509",38.006593603162,-84.425601552842
62511,108 MARKETPLACE DR,Match,"108 MARKETPLACE DR, LEXINGTON, KY, 40503",37.978327091389,-84.529722968672
92161,141 ROJAY DR,Match,"141 ROJAY DR, LEXINGTON, KY, 40503",37.984601449747,-84.528485203315
62513,124 MARKETPLACE DRIVE,Match,"124 MARKETPLACE DR, LEXINGTON, KY, 40503",37.978160742245,-84.530154433681
93253,201 E MAIN ST.,Match,"201 E MAIN ST, LEXINGTON, KY, 40507",38.045031928439,-84.495456720533
93252,128 N BROADWAY,Match,"128 N BROADWAY RD, LEXINGTON, KY, 40507",38.049335672842,-84.499172412605
83459,208 S LIMESTONE ST.,Match,"208 S LIMESTONE ST, LEXINGTON, KY, 40508",38.044992442848,-84.498893677276
83458,104 SAND LAKE DR,Match,"104 SAND LAKE DR, LEXINGTON, KY, 40515",37.999437616929,-84.444332635033
86726,115 N LOCUST HILL DR.,Match,"115 N LOCUST HILL DR, LEXINGTON, KY, 40509",38.00430215422,-84.446092742275
84546,333 S LIMESTONE,Match,"333 S LIMESTONE ST, LEXINGTON, KY, 40508",38.042722718834,-84.502290854928
74988,"3100 OLD TODDS ROAD, STE. 170",Match,"3100 TODDS RD, LEXINGTON, KY, 40509",38.00980751073,-84.423034580332
70144,301 HARVARD DRIVE,Match,"301 HARVARD DR, LEXINGTON, KY, 40517",37.979498562195,-84.522150161385
61674,3271 BEAUMONT CENTRE CIRCLE,Match,"3271 BEAUMONT CENTRE CIR, LEXINGTON, KY, 40513",38.016274042922,-84.560882944456
63610,3401 NICHOLASVILLE RD K-5,Match,"3401 NICHOLASVILLE RD, LEXINGTON, KY, 40503",37.98845683202,-84.525168704428
72563,1909 NICHOLASVILLE RD,Match,"1909 NICHOLASVILLE RD, LEXINGTON, KY, 40503",38.013386430961,-84.516014080889
57177,3882 MALL ROAD,Match,"3882 MALL RD, LEXINGTON, KY, 40503",37.983284849723,-84.53193076358
63855,401 E 5TH ST,Match,"401 E 5TH ST, LEXINGTON, KY, 40508",38.047909897817,-84.483356371961
70142,602 NORTH LIMESTONE,Match,"602 NORTH CT, LEXINGTON, KY, 40505",38.060453024733,-84.474951260008
92153,349 OLD VIRGINIA AVE,Match,"349 VIRGINIA AVE, LEXINGTON, KY, 40504",38.037258260644,-84.513835292539
63857,1465 LEESTOWN RD.,Match,"1465 LEESTOWN RD, LEXINGTON, KY, 40511",38.065021490836,-84.52243491469
58029,1080 S BROADWAY,Match,"1080 S BROADWAY RD, LEXINGTON, KY, 40504",38.037212765512,-84.517662057938
60105,1533 EASTLAND DRIVE,Match,"1533 EASTLAND PKWY, LEXINGTON, KY, 40505",38.046065782715,-84.452856814792
82113,1416 VILLAGE DR.,Match,"1416 VILLAGE DR, LEXINGTON, KY, 40504",38.048561656633,-84.549076097607
86955,"820 LANE ALLEN ROAD, STE. 148",Match,"820 LANE ALLEN RD, LEXINGTON, KY, 40504",38.029458493354,-84.540069775644
83204,300 CANEBRAKE DRIVE,Match,"300 CANEBRAKE DR, LEXINGTON, KY, 40509",37.970336519467,-84.385412960911
84535,105 WALNUT CIRCLE,Match,"105 WALNUT CIR, RICHMOND, KY, 40475",37.76174662606,-84.340313835334
80175,109 N LIMESTONE ST,Match,"109 N LIMESTONE ST, LEXINGTON, KY, 40507",38.046696267019,-84.496714019712
96427,318 HILLTOP AVE,Match,"318 HILLTOP AVE, LEXINGTON, KY, 40508",38.032421384837,-84.50294745194
95219,760 NORTH LIMESTONE,Match,"760 N LIMESTONE ST, LEXINGTON, KY, 40508",38.056382774757,-84.482739423626
99818,1101 E NEW CIRCLE RD,Match,"1101 E NEW CIRCLE RD, LEXINGTON, KY, 40505",38.034714143855,-84.453636256977
93834,1141 HAVERFORD WAY,Match,"1141 HAVERFORD WAY, LEXINGTON, KY, 40509",38.006783291469,-84.41308707744
97512,351 CHURCH ST,Match,"351 CHURCH ST, LEXINGTON, KY, 40507",38.049840282991,-84.498147645876
95457,3851 MALL RD,Match,"3851 MALL RD, LEXINGTON, KY, 40503",37.984263229512,-84.531615539987
96426,343 S. MLKING BLVD,Match,"343 S MARTIN LUTHER KING BLVD, LEXINGTON, KY, 40508",38.041750339504,-84.500563671355
96668,730 LANE ALLEN RD.,Match,"730 LANE ALLEN RD, LEXINGTON, KY, 40504",38.027509152729,-84.536160854812
94360,381 UNITED COURT,Match,"381 UNITED CT, LEXINGTON, KY, 40509",37.966192018844,-84.375552220952
95452,236 E MAIN ST,Match,"236 E MAIN ST, LEXINGTON, KY, 40507",38.044154891123,-84.494640596291
97511,1210 MANCHESTER ST.,Match,"1210 MANCHESTER ST, LEXINGTON, KY, 40504",38.056569930596,-84.519310696594
95454,2141 EXECUTIVE DR,Match,"2141 EXECUTIVE DR, LEXINGTON, KY, 40505",38.045844538308,-84.428192367213
99259,"3220 NICHOLASVILLE RD., SUTE 175",Match,"3220 NICHOLASVILLE RD, LEXINGTON, KY, 40503",37.992592127852,-84.522818025143
99498,230 WEST MAIN ST (7TH FLOOR),Match,"230 W MAIN ST, LEXINGTON, KY, 40507",38.047505320114,-84.49837047675
94120,264 WALTON AVE.,Match,"264 WALTON AVE, LEXINGTON, KY, 40502",38.040548854518,-84.480591871338
96660,1178 MANCHESTER STREET,Match,"1178 MANCHESTER ST, LEXINGTON, KY, 40508",38.05514639699,-84.51543327196
93827,1350 BULL LEA LANE,Match,"1350 BULL LEA RD, LEXINGTON, KY, 40511",38.084613623539,-84.497823215621
93826,1358 BULL LEA LANE,Match,"1358 BULL LEA RD, LEXINGTON, KY, 40511",38.084672591507,-84.497787524482
93825,1366 BULL LEA LANE,Match,"1366 BULL LEA RD, LEXINGTON, KY, 40511",38.084731559474,-84.497751833342
96417,1150 KELSEY DR,Match,"1150 KELSEY DR, LEXINGTON, KY, 40504",38.056700903962,-84.553811917906
96533,191 W LOWRY LANE,Match,"191 W LOWRY LN, LEXINGTON, KY, 40503",38.00709600549,-84.523530626466
94359,1849 ALYSHEBA WAY,Match,"1849 ALYSHEBA WAY, LEXINGTON, KY, 40509",38.019654032003,-84.419280839562
96773,3031 RICHMOND RD,Match,"3031 RICHMOND SRD, LEXINGTON, KY, 40509",38.003289741872,-84.446788525608
97621,1414 VILLAGE DR,Match,"1414 VILLAGE DR, LEXINGTON, KY, 40504",38.048596255583,-84.549080518581
96532,2400 BUENA VISTA RD,Match,"2400 BUENA VISTA RD, LEXINGTON, KY, 40505",38.043126324476,-84.420473153134
96097,1500 ARISTIDES BLVD,Match,"1500 ARISTIDES BLVD, LEXINGTON, KY, 40511",38.093270777727,-84.488355139143
98035,445 S ASHLAND AVE,Match,"445 S ASHLAND AVE, LEXINGTON, KY, 40502",38.029585304688,-84.492384918654
94230,225 RUCCIO WAY,Match,"225 RUCCIO WAY, LEXINGTON, KY, 40503",37.995755357327,-84.528922411454
98392,1664 LIBERTY ROAD,Match,"1664 LIBERTY RD, LEXINGTON, KY, 40505",38.03693976056,-84.463349431871
98272,726 N LIMESTONE,Match,"726 N LIMESTONE ST, LEXINGTON, KY, 40508",38.055876090024,-84.483459762471
98748,"903 MANCHESTER ST., SUITE110",Match,"903 MANCHESTER ST, LEXINGTON, KY, 40508",38.052790753117,-84.509393040884
96689,474 STONE RD,Match,"474 STONE RD, LEXINGTON, KY, 40503",38.004018393165,-84.529833133414
98746,1540 UNIVERSITY AVE,Match,"1540 UNIVERSITY CT, LEXINGTON, KY, 40503",38.020735764383,-84.509953367431
99159,547 SOUTH LIMESTONE,Match,"547 S LIMESTONE ST, LEXINGTON, KY, 40508",38.039103938796,-84.506805655747
96684,866 E HIGH ST.,Match,"866 E HIGH ST, LEXINGTON, KY, 40502",38.028681264644,-84.490282357234
96685,1601 N BROADWAY,Match,"1601 N BROADWAY RD, LEXINGTON, KY, 40505",38.067895198004,-84.472804903315
99832,2030 HARRODSBURG RD,Match,"2030 HARRODSBURG RD, LEXINGTON, KY, 40503",38.025929346901,-84.535888855291
94387,2009 FAMILY CIRCLE DR 5 & 6,Match,"2009 FAMILY CIR, LEXINGTON, KY, 40505",38.03373819648,-84.455325965235
99276,373 VIRGINIA AVE.,Match,"373 VIRGINIA AVE, LEXINGTON, KY, 40504",38.037513211209,-84.514029288291
96680,621 SOUTH LIMESTONE,Match,"621 S LIMESTONE ST, LEXINGTON, KY, 40508",38.03748015265,-84.507478883074
97098,113 N BROADWAY,Match,"113 N BROADWAY RD, LEXINGTON, KY, 40507",38.049177581611,-84.499621871566
94143,502 EAST HIGH ST,Match,"502 E HIGH ST, LEXINGTON, KY, 40502",38.036602284158,-84.492852592709
98068,800/802 N LIMESTONE,Match,"802 N LIMESTONE ST, LEXINGTON, KY, 40505",38.057357893914,-84.481331821373
96561,3535 NICHOLASVILLE RD I-9211,Match,"3535 NICHOLASVILLE RD, LEXINGTON, KY, 40503",37.987053427387,-84.525873930148
98067,113 S UPPER ST,Match,"113 S UPPER ST, LEXINGTON, KY, 40507",38.047105194233,-84.498108227666
94938,101 SAND LAKE DR,Match,"101 SAND LAKE DR, LEXINGTON, KY, 40515",37.999387685372,-84.445886040942
96317,1600 MAN O WAR BLVD,Match,"1600 MAN O WAR BLVD, LEXINGTON, KY, 40513",38.017800964696,-84.57519981492
96559,3120 PIMLICO PARKWAY,Match,"3120 PIMLICO PKWY, LEXINGTON, KY, 40517",37.986437602225,-84.46117919731
98859,2230 NICHOLASVILLE RD,Match,"2230 NICHOLASVILLE RD, LEXINGTON, KY, 40503",38.007795843384,-84.51771397098
99949,231 FAIRDALE DR,Match,"231 FAIRDALE DR, LEXINGTON, KY, 40511",38.068444463612,-84.511629103337
97769,1465 VILLAGE DR,Match,"1465 VILLAGE DR, LEXINGTON, KY, 40504",38.047516341692,-84.549100229936
94256,153 TRADE ST.,Match,"153 TRADE ST, LEXINGTON, KY, 40511",38.07465490158,-84.546068074216
99948,2701 MAGNOLIA SPRINGS DRIVE,Match,"2701 MAGNOLIA SPRINGS DR, LEXINGTON, KY, 40511",38.092753106594,-84.533162421816
97882,1063 REDWOOD DRIVE,Match,"1063 REDWOOD DR, LEXINGTON, KY, 40511",38.082725775554,-84.502003338407
95585,932 LIBERTY RD,Match,"932 LIBERTY RD, LEXINGTON, KY, 40505",38.041351997022,-84.469504512904
96674,1925 JUSTICE DR,Match,"1925 JUSTICE DR, LEXINGTON, KY, 40509",38.017339696521,-84.412805475966
97764,1245 COLONIAL,Match,"1245 COLONIAL DR, LEXINGTON, KY, 40504",38.042776850812,-84.560804660438
99386,135 GRAHAM AVENUE,Match,"135 GRAHAM AVE, LEXINGTON, KY, 40508",38.035336281992,-84.5054938945
99261,190 SPRUCE ST,Match,"190 SPRUCE ST, LEXINGTON, KY, 40507",38.045968244334,-84.49087705984
93836,547 EUCLID AVE,Match,"547 EUCLID AVE, LEXINGTON, KY, 40502",38.033046246263,-84.494310456096
94803,1942 COBYVILLE CT,Match,"1942 COBYVILLE CT, LEXINGTON, KY, 40511",38.091214797384,-84.475354494695
98609,1209 TEXACO ROAD,Match,"1209 TEXACO RD, LEXINGTON, KY, 40508",38.059672041197,-84.520349802703
93631,308 SOUTHLAND DR,Match,"308 SOUTHLAND DR, LEXINGTON, KY, 40503",38.015950899313,-84.52402483537
94962,1230 EASTLAND,Match,"1230 EASTLAND DR, LEXINGTON, KY, 40505",38.045778409913,-84.457822232858
93630,123 N BROADWAY,Match,"123 N BROADWAY RD, LEXINGTON, KY, 40507",38.049314277113,-84.49942402281
98886,115 E NEW CIRCLE RD,Match,"115 E NEW CIRCLE RD, LEXINGTON, KY, 40505",38.064899067255,-84.469522100513
97675,4104 LOUISVILLE RD,Match,"4104 LOUISVILLE RD, SALVISA, KY, 40372",37.890446333834,-84.85567080946
97796,109 N MILL ST.,Match,"109 N MILL ST, LEXINGTON, KY, 40507",38.048245919861,-84.498843188155
94287,309 N ASHLAND AVE,Match,"309 N ASHLAND AVE, LEXINGTON, KY, 40502",38.03889412542,-84.479138526447
98082,1374 BULL LEA LANE,Match,"1374 BULL LEA RD, LEXINGTON, KY, 40511",38.084771170738,-84.497728636147
95009,1376 SILVER SPRINGS DR,Match,"1376 SILVER SPRINGS DR, LEXINGTON, KY, 40511",38.082576147222,-84.48372004115
93744,686 BROOKGREEN LANE,Match,"686 BROOKGREEN LN, LEXINGTON, KY, 40509",37.997949132269,-84.415223162463
95369,4538 GEORGETOWN RD,Match,"4538 GEORGETOWN RD, LEXINGTON, KY, 40511",38.149231783825,-84.542010379473
93864,1697 PEABODY WAY,Match,"1697 PEABODY WAY, LEXINGTON, KY, 40511",38.067302084692,-84.527550126391
96454,4224 SARON DR,Match,"4224 SARON DR, LEXINGTON, KY, 40515",37.967378398883,-84.502178254129
97544,1400 ALEXANDRIA DR,Match,"1400 ALEXANDRIA DR, LEXINGTON, KY, 40504",38.048577934387,-84.552154801639
99601,117 SOUTHLAND DR,Match,"117 SOUTHLAND DR, LEXINGTON, KY, 40503",38.011755799192,-84.517916255763
94033,1500 FITZGERALD CT.,Match,"1500 FITZGERALD CT, LEXINGTON, KY, 40509",38.024634970528,-84.411572516455
98750,3165 BEAUMONT CENTER CIRLE,Match,"3165 BEAUMONT CENTRE CIR, LEXINGTON, KY, 40513",38.020649228876,-84.557574701335
98871,2381 BUENA VISTA RD,Match,"2381 BUENA VISTA RD, LEXINGTON, KY, 40505",38.042463798251,-84.420829518565
94390,530 NORTH LIMESTONE,Match,"530 N LIMESTONE ST, LEXINGTON, KY, 40508",38.053216807871,-84.487222697364
93978,1465 VILLAGE DR.,Match,"1465 VILLAGE DR, LEXINGTON, KY, 40504",38.047516341692,-84.549100229936
94829,3025 BLAKE JAMES DR.,Match,"3025 LAKE JAMES DR, LEXINGTON, KY, 40509",38.008230964485,-84.435807907357
93651,103 W MAXWELL ST,Match,"103 W MAXWELL ST, LEXINGTON, KY, 40508",38.04351852874,-84.501318429018
98422,1482 CIN CINNATI RD,Match,"1482 CINCINNATI RD, GEORGETOWN, KY, 40324",38.249507564534,-84.566907930306
96367,2012 HARRODSBURG RD,Match,"2012 HARRODSBURG RD, LEXINGTON, KY, 40503",38.026246795462,-84.535271442444
93771,251 SCOTT STREET,Match,"251 SCOTT ST, LEXINGTON, KY, 40508",38.039719148426,-84.506736148441
94860,2150 GEORGETOWN RD,Match,"2150 GEORGETOWN RD, LEXINGTON, KY, 40511",38.093503301845,-84.512724787975
93890,500 PARK PLACE,Match,"500 PARK PL, LEXINGTON, KY, 40511",38.069758234476,-84.484018086408
94180,156 MARKET STREET,Match,"156 MARKET ST, LEXINGTON, KY, 40507",38.049129778592,-84.496303644316
98419,1150 VERSAILLES RD,Match,"1150 VERSAILLES RD, LEXINGTON, KY, 40508",38.050013921372,-84.517664633703
94973,565 S LIMESTONE,Match,"565 S LIMESTONE ST, LEXINGTON, KY, 40508",38.039097160444,-84.506810852484
96116,417 E MAXWELL STREET,Match,"417 E MAXWELL ST, LEXINGTON, KY, 40508",38.038164679564,-84.495276556782
94734,1016-1020 N LIMESTONE ST,Match,"1020 N LIMESTONE ST, LEXINGTON, KY, 40505",38.060234484094,-84.477234991924
95028,2251 WAR ADMIRAL WAY,Match,"2251 WAR ADMIRAL WAY, LEXINGTON, KY, 40509",38.040321515286,-84.425765056343
97328,1590 BOONESBORO RD,Match,"1590 BOONESBORO RD, WINCHESTER, KY, 40391",37.975808486052,-84.19796448011
94733,213 E SEVENTH ST,Match,"213 E 7TH ST, LEXINGTON, KY, 40508",38.053098194808,-84.481549346611
96118,4161 TATES CREEK CENTER,Match,"4161 TATES CREEK CENTRE DR, LEXINGTON, KY, 40517",37.968832939474,-84.500876586578
94174,6096 CENTRAL RIDGE ROAD,Match,"6096 CENTRAL RIDGE RD, MOUNT OLIVET, KY, 41064",38.525410086225,-84.16360565113
97560,2312 ALEXANDRIA DR,Match,"2312 ALEXANDRIA DR, LEXINGTON, KY, 40504",38.019821417805,-84.550993674833
97441,2255 BUENA VISTA RD,Match,"2255 BUENA VISTA RD, LEXINGTON, KY, 40505",38.042688261458,-84.426984492765
99060,10 QUALITY ST,Match,"10 QUALITY ST, LEXINGTON, KY, 40507",38.043739824291,-84.49420323111
94641,944 TURKEY FOOT RD,Match,"944 TURKEY FOOT RD, LEXINGTON, KY, 40502",38.016166099996,-84.490242497312
94406,1713 JAGGIE FOX WAY,Match,"1713 JAGGIE FOX WAY, LEXINGTON, KY, 40511",38.087636376352,-84.517277777318
95851,2421 FORTUNE DR,Match,"2421 FORTUNE DR, LEXINGTON, KY, 40509",38.034967002664,-84.447974818647
99778,109 W MAIN ST,Match,"109 W MAIN ST, LEXINGTON, KY, 40507",38.046507510444,-84.497088677348
95975,266 JEFFERSON ST,Match,"266 JEFFERSON ST, LEXINGTON, KY, 40508",38.05470580185,-84.498917281248
96822,565 E NEW CIRCLE RD.,Match,"565 E NEW CIRCLE RD, LEXINGTON, KY, 40505",38.052621365652,-84.457522087759
97350,216 CODELL DR,Match,"216 CODELL DR, LEXINGTON, KY, 40509",38.013662457553,-84.455079356309
94633,151 W ZANDALE DR,Match,"151 W ZANDALE DR, LEXINGTON, KY, 40503",38.008690692035,-84.517934656257
96933,401 WEST MAIN ST.,Match,"401 W MAIN ST, LEXINGTON, KY, 40507",38.04901355511,-84.499859450443
94993,295 SHARP ROAD,Match,"295 SHARP RD, LANCASTER, KY, 40444",37.713308334222,-84.712045192351
95605,1315 WINCHESTER RD.,Match,"1315 WINCHESTER RD, LEXINGTON, KY, 40505",38.042860844562,-84.458257677781
98558,460 SOUTHLAND DR,Match,"460 SOUTHLAND DR, LEXINGTON, KY, 40503",38.019537105521,-84.527917789602
98557,219 N LIMESTONE,Match,"219 N LIMESTONE ST, LEXINGTON, KY, 40507",38.048574697486,-84.493985478723
96932,523 E. HIGH ST,Match,"523 E HIGH ST, LEXINGTON, KY, 40502",38.036509769455,-84.492650590651
96133,3545 NICHOLASVILLE RD,Match,"3545 NICHOLASVILLE RD, LEXINGTON, KY, 40503",37.986954479375,-84.525919705166
93540,2033 GARDEN SPRINGS DR.,Match,"2033 GARDEN SPRINGS DR, LEXINGTON, KY, 40504",38.028562782341,-84.54244875694
96491,3001 TATES CREEK RD,Match,"3001 TATES CREEK RD, LEXINGTON, KY, 40502",38.006772888125,-84.496086057959
93539,133 BUCHANAN ST.,Match,"133 BUCHANAN ST, LEXINGTON, KY, 40508",38.056139468172,-84.509450388674
96725,2440 INNOVATION DR,Match,"2440 INNOVATION DR, LEXINGTON, KY, 40511",38.10258667337,-84.521234706149
96605,530 N.MARTIN LUTHER KING BLVD,Match,"530 N MARTIN LUTHER KING BLVD, LEXINGTON, KY, 40508",38.051644590954,-84.48579089415
95631,2220 AZALEA DR,Match,"2220 AZALEA DR, LEXINGTON, KY, 40504",38.021812655826,-84.550290349135
95632,493 HILL N DALE,Match,"493 HILL N DALE RD, LEXINGTON, KY, 40503",38.012607792657,-84.534100010238
96721,125 LOUIE PLACE,Match,"125 LOUIE PL, LEXINGTON, KY, 40511",38.066429054736,-84.528751297976
99312,120 GARRETT AVE,Match,"120 GARRETT AVE, LEXINGTON, KY, 40504",38.050593794263,-84.534414788089
99799,171 WOODLAND AVE,Match,"171 WOODLAND AVE, LEXINGTON, KY, 40502",38.037691365769,-84.491639479718
97016,1790 VENDOR WAY,Match,"1790 VENDOR WAY, LEXINGTON, KY, 40509",38.019351664639,-84.424836441215
97370,130 W TIVERTON ST,Match,"130 W TIVERTON WAY, LEXINGTON, KY, 40503",37.980929410968,-84.53096306968
95866,2396 WOODHILL DR,Match,"2396 WOODHILL DR, LEXINGTON, KY, 40509",38.017038221186,-84.453623430216
95505,1049 CHINOE RD,Match,"1049 CHINOE RD, LEXINGTON, KY, 40502",37.998040230156,-84.480740379461
94894,153 TRADE ST,Match,"153 TRADE ST, LEXINGTON, KY, 40511",38.07465490158,-84.546068074216
97925,120 E MAIN STREET,Match,"120 E MAIN ST, LEXINGTON, KY, 40507",38.046039834948,-84.496764508504
98576,115 W. LOUDON AVE.,Match,"115 W LOUDON AVE, LEXINGTON, KY, 40508",38.058322292595,-84.482629021631
96156,359 LONGVIEW PLAZA,Match,"359 LONGVIEW PLZ, LEXINGTON, KY, 40503",38.01716553379,-84.527132166248
96277,506 ADMINISTRATION DR,Match,"506 ADMINISTRATION DR, LEXINGTON, KY, 40508",38.038557635248,-84.505665869038
96278,318 HILLTOP AVENUE,Match,"318 HILLTOP AVE, LEXINGTON, KY, 40508",38.032421384837,-84.50294745194
95069,2300 GREY LAG WAY,Match,"2300 GREY LAG WAY, LEXINGTON, KY, 40509",38.039260641405,-84.424101097663
96279,505 ROSE ST,Match,"505 ROSE ST, LEXINGTON, KY, 40508",38.034774629323,-84.504215070278
93683,1037 INDUSTRY ROAD,Match,"1037 INDUSTRY RD, LEXINGTON, KY, 40505",38.044283660226,-84.460589184905
95185,3101 CLAYS MILL RD STE. 401,Match,"3101 CLAYS MILL RD, LEXINGTON, KY, 40503",38.003933324905,-84.544211718628
98331,435 REDDING RD,Match,"435 REDDING RD, LEXINGTON, KY, 40517",37.983430950135,-84.496149338964
98452,"3401 NICHOLASVILLE RD, I-912",Match,"3401 NICHOLASVILLE RD, LEXINGTON, KY, 40503",37.98845683202,-84.525168704428
96707,3031 RICHMOND RD.,Match,"3031 RICHMOND SRD, LEXINGTON, KY, 40509",38.003289741872,-84.446788525608
95899,894 MASON HEADLEY RD,Match,"894 MASON HEADLEY RD, LEXINGTON, KY, 40504",38.039713300468,-84.536863537037
94566,110 SOUTHLAND DR,Match,"110 SOUTHLAND DR, LEXINGTON, KY, 40503",38.011443660233,-84.517401086023
99218,3765 RED RIVER RD,Match,"3765 RED RIVER DR, LEXINGTON, KY, 40517",37.968372956694,-84.482221817977
99339,"198 MOORE DRIVE, STE. 101",Match,"198 MOORE DR, LEXINGTON, KY, 40503",38.0003963186,-84.523721863509
95654,381 ATWOOD DRIVE,Match,"381 ATWOOD DR, LEXINGTON, KY, 40515",37.959989229147,-84.526080695902
95896,113 CLAY AVE,Match,"113 CLAY AVE, LEXINGTON, KY, 40502",38.036022481951,-84.485790881087
99217,119 LUIGART CT,Match,"119 LUIGART AVE, LEXINGTON, KY, 40508",38.056540264795,-84.48235553865
96623,3565 NICHOLASVILLE RD,Match,"3565 NICHOLASVILLE RD, LEXINGTON, KY, 40503",37.986756583352,-84.526011255202
96866,1445 VILLAGE DR,Match,"1445 VILLAGE DR, LEXINGTON, KY, 40504",38.047742828463,-84.549122878595
99219,867 SOUTH BROADWAY,Match,"867 S BROADWAY RD, LEXINGTON, KY, 40504",38.039814789729,-84.513786405666
97036,704 E EUCLID,Match,"704 EUCLID AVE, LEXINGTON, KY, 40502",38.031433015383,-84.492693181187
99455,725 STONE ROAD,Match,"725 STONE RD, LEXINGTON, KY, 40503",38.001302666132,-84.535287672084
99337,2416 PALUMBO DR,Match,"2416 PALUMBO DR, LEXINGTON, KY, 40509",38.019983483558,-84.448514810884
96983,126 EAST LOWRY LANE,Match,"126 E LOWRY LN, LEXINGTON, KY, 40503",38.005237599974,-84.517024030014
95646,792 MAIDEN CANE DRIVE,Match,"792 MAIDENCANE DR, LEXINGTON, KY, 40509",37.986578805814,-84.394291141855
94554,"2416 PALUMBO DRIVE, STE. 110",Match,"2416 PALUMBO DR, LEXINGTON, KY, 40509",38.019983483558,-84.448514810884
99203,1030 SOUTH BROADWAY,Match,"1030 S BROADWAY RD, LEXINGTON, KY, 40504",38.03808243971,-84.516279575827
99446,1953 NICHOLASVILLE ROAD,Match,"1953 NICHOLASVILLE RD, LEXINGTON, KY, 40503",38.012299678714,-84.516406310511
99440,1395 N FORBES RD,Match,"1395 N FORBES RD, LEXINGTON, KY, 40511",38.064269479127,-84.519808037031
96054,2200 REGENCY RD,Match,"2200 REGENCY RD, LEXINGTON, KY, 40503",38.008010849755,-84.524549773325
98354,101 W SHORT ST.,Match,"101 W SHORT ST, LEXINGTON, KY, 40507",38.047006581565,-84.496277996754
95082,4055 NICHOLS PARK DR,Match,"4055 NICHOLS PARK, LEXINGTON, KY, 40503",37.979705191685,-84.532826133835
94103,301 EAST VINE STREET,Match,"301 E VINE ST, LEXINGTON, KY, 40507",38.04145391627,-84.492953366029
96528,114 TOWNE CENTER DR,Match,"114 TOWNE CENTER DR, LEXINGTON, KY, 40511",38.066880519284,-84.530655033104
96645,401 W MAIN ST.,Match,"401 W MAIN ST, LEXINGTON, KY, 40507",38.04901355511,-84.499859450443
98026,500 LAKETOWER DR,Match,"500 LAKETOWER DR, LEXINGTON, KY, 40502",38.009266892667,-84.470058731214
99477,1631 ELM FORK RD,Match,"1631 ELMFORK RD, NICHOLASVILLE, KY, 40356",37.818416232429,-84.537453972762
98142,701 NATIONAL AVE.,Match,"701 NATIONAL AVE, LEXINGTON, KY, 40502",38.041125258654,-84.480023072579
94461,126 N BROADWAY,Match,"126 N BROADWAY RD, LEXINGTON, KY, 40507",38.049306511135,-84.49921462034
99112,930 WINCHESTER RD,Match,"930 WINCHESTER RD, LEXINGTON, KY, 40505",38.04173330202,-84.469575080011
97052,529 W MAIN ST.,Match,"529 W MAIN ST, LEXINGTON, KY, 40507",38.050367823802,-84.501390429096
97173,395 S LIMESTONE,Match,"395 S LIMESTONE ST, LEXINGTON, KY, 40508",38.041663687149,-84.503760566972
96995,269 W MAIN ST,Match,"269 W MAIN ST, LEXINGTON, KY, 40507",38.047977061828,-84.498697620743
98932,167 W MAIN STREET,Match,"167 W MAIN ST, LEXINGTON, KY, 40507",38.046943443616,-84.497571513936
99107,1818 BRYAN STATION RD,Match,"1818 BRYAN STATION RD, LEXINGTON, KY, 40505",38.063716585992,-84.453325152065
94458,340 E NEW CIRCLE RD,Match,"340 E NEW CIRCLE RD, LEXINGTON, KY, 40505",38.058823751768,-84.463841077792
96992,100 CANEBRAKE DRIVE,Match,"100 CANEBRAKE DR, LEXINGTON, KY, 40509",37.965894797431,-84.385664589932
97047,1605 JENNIFER RD,Match,"1605 JENNIFER RD, LEXINGTON, KY, 40505",38.047023904032,-84.449325993374
97280,1300 MIDWAY LANE,Match,"1300 MIDWAY LN, SPRINGFIELD, KY, 40069",37.791351758371,-85.235905910104
102083,LEGENDS BALL PARK,No_Match,,,
47139,1401 HARRODSBURG RD,No_Match,,,
102088,114 SUMMIT @ FRITZ FARM,No_Match,,,
49315,"2051 RICHMOND RD.,STE.105",No_Match,,,
93272,RETAIL MOBILE SNACK BIKE,No_Match,,,
109033,620 S. LIMESTONE ST.,No_Match,,,
62656,2181 HARRODSBURG ROAD,No_Match,,,
107096,510 WILCAT COURT,No_Match,,,
102081,110 SUMMIT AT FRITZ FARM AVE,No_Match,,,
109393,"3030 LEXINGTON RD, LOT 8",No_Match,,,
31232,265 EUCLID AVENUE,No_Match,,,
51520,361 NEW CIRCLE ROAD N.E.,Tie,,,
120068,1993 HARRODSBURG ROAD,No_Match,,,
30703,1000 S LIMESTONE,No_Match,,,
90559,RESTRICTED PUSHCART,No_Match,,,
101788,4049 FINN WAY,No_Match,,,
115707,3101 RICHMOND ROAD,No_Match,,,
67676,570 WILDCAT COURT,No_Match,,,
109841,100 VALVOLINE WYA,No_Match,,,
61454,2217 HARRODSBURG RD,No_Match,,,
96653,1100 WINBURN DR,No_Match,,,
99244,1510 CONSERVATION WAY,No_Match,,,
100108,P.O. BOX 1035,No_Match,,,
31465,1815 RICHMOND RD,No_Match,,,
31101,1927 HARRODSBURG RD,No_Match,,,
31104,2195 RICHMOND ROAD,No_Match,,,
31467,1815 RICHMOND ROAD,No_Match,,,
116365,377 MAIN ST,Tie,,,
115950,620 S. LIMESTONE ST,No_Match,,,
83462,LANCASTER AQUATICS CENTER,No_Match,,,
102520,118 MARION,No_Match,,,
87028,380 WEST MAIN,No_Match,,,
54921,1100 S LIMESTONE ST.,No_Match,,,
103735,1813 CHARLES DR,No_Match,,,
32317,2301 VERSAILLES RD,No_Match,,,
104702,1975 HARRODSBURG RD,No_Match,,,
88473,3901 HARRODSBURG RD.,No_Match,,,
68414,4085 HARRODSBURG ROAD,No_Match,,,
92402,2041 RICHMOND RD,No_Match,,,
116107,440 HILLTOP AVE. RM. 233,No_Match,,,
41379,2573 RICHMOND RD,No_Match,,,
115813,897 LAUDALE DR,No_Match,,,
114725,1200 S. BROADWAY,No_Match,,,
53966,1050 CHINOE SHOPPING VILLAGE,No_Match,,,
30804,707 HOWARD STREET,No_Match,,,
102973,107 SUMMIT AT FRITZ FARMS,No_Match,,,
105568,2901 RICHMOND RD,No_Match,,,
53969,3040 LAKECREST CIRCLE,No_Match,,,
92519,STATEWIDE PUSHCART,No_Match,,,
64293,225 SILAS AROAD,No_Match,,,
115806,3901 FOUNTAIN BLUE LN,No_Match,,,
95900,2359 RICHMOND RD,No_Match,,,
110113,400 OLD VINE ST 114,Tie,,,
62320,2099 HARRODSBURG ROAD,No_Match,,,
90699,1983 HARRODSBURG RD,No_Match,,,
70185,1230 MAN-0-WAR PLACE,No_Match,,,
115132,2221 RICHMOND RD,No_Match,,,
118402,900 FORTUNE DR,No_Match,,,
59951,BASEBALL @ SHILLITO PARK,No_Match,,,
52401,274 NEW CIRCLE ROAD NE,Tie,,,
55119,900 N BROADWAY,Tie,,,
102503,111 SUMMIT AT FRITZ FARM,No_Match,,,
120711,400 OLD VINE STREET,Tie,,,
102502,122 MARION ST,No_Match,,,
102626,4055 FINN WAY,No_Match,,,
119052,110 WINBURN DRIVE,No_Match,,,
32414,320 NW NEW CIRCLE RD,Tie,,,
58509,1251 BEAUMONT CTR LN,No_Match,,,
102504,151 LARUE,No_Match,,,
92662,STATEWIDE MOBILE UNIT,No_Match,,,
67108,2025 HARRODSBURG ROAD,No_Match,,,
72011,3050 LAKECREST CIRCLE,No_Match,,,
116726,3101 RICHMOND RD,No_Match,,,
77032,2209 RICHMOND RD.,No_Match,,,
117021,859 E. HIGH ST.,No_Match,,,
119565,3901 FOUNTAIN BLUE LANE,No_Match,,,
53503,PARK AVENUE,No_Match,,,
76625,900 CHILESBURG ROAD,No_Match,,,
53502,HILL-N-DALE DR,No_Match,,,
49868,125 NEW CIRCLE RD NE,Tie,,,
71975,2300 SIR BARTON WAY,No_Match,,,
91441,PUSH CART,No_Match,,,
105168,318 COLLEGE VIEW AVE,No_Match,,,
72266,745 ROSE ST,No_Match,,,
64768,SHILOH BAPTIST CHURCH,No_Match,,,
60838,WT YOUNG LIBRARY,No_Match,,,
77266,2285 VERSAILLES ROAD,No_Match,,,
119673,2051 RICHMOND ROAD,No_Match,,,
121860,802 LIMESTONE,Tie,,,
30698,2189 VERSAILLES RD,No_Match,,,
117250,2001 VERSAILLES RD,No_Match,,,
31547,2205 VERSAILLES ROAD,No_Match,,,
83261,RETAIL-FARMERS MARKET,No_Match,,,
114529,900 N. BROADWAY,Tie,,,
113799,2213 VERSAILLES RD.,No_Match,,,
94861,RESTRICTED PUSH CART,No_Match,,,
92689,STATEWIDE MOBILE,No_Match,,,
96368,2001 HARRODSBURG RD,No_Match,,,
47556,1140 HARRY SYKES WAY,No_Match,,,
92688,RETAIL FARMER'S MARKET,No_Match,,,
119419,109 W 6TH,No_Match,,,
95276,STATE WIDE MOBILE,No_Match,,,
62118,B49 GARRIGUS BLDG,No_Match,,,
113319,1810 BRYANT RD,No_Match,,,
31772,2321 VERSAILLES RD,No_Match,,,
79354,19 DONOVAN DR,No_Match,,,
80464,GATTON COLLEGE OF BUSINESS,No_Match,,,
85119,2005 VERSAILLES RD.,No_Match,,,
90818,1135 HARRY SYKES WAY,No_Match,,,
31775,2359 RICHMOND ROAD,No_Match,,,
117246,2573 RICHMOND RD.,No_Match,,,
76520,2299 RICHMOND ROAD,No_Match,,,
31099,2323 VERSAILLES RD,No_Match,,,
102895,105 SUMMIT AT FRITZ PARK,No_Match,,,
105800,"FOOTBALL, SOCCER, TRACK & FIELD",No_Match,,,
102652,4059 FINN WAY,No_Match,,,
111141,440 HILLTOP AVE,No_Match,,,
49294,909 GEORGETOWN ROAD,No_Match,,,
117907,2122 RICHMOND RD,No_Match,,,
101580,4081 FINN WAY,No_Match,,,
113787,2306 SIR BARTON WAY,No_Match,,,
69558,3130 MAPLE LEAF,Tie,,,
32174,2213 VERSAILLES ROAD,No_Match,,,
32293,@ SQUARE D COMPANY,No_Match,,,
60746,5789 RICHMOND RD,No_Match,,,
117111,DBA TAQUERIA LAS LALI'S EXPRESS,No_Match,,,
30790,469 PARKWAY DR,Tie,,,
100806,195 LIFE LANE,No_Match,,,
50945,MARY TODD PARK,No_Match,,,
48865,2003 VERSAILLES ROAD,No_Match,,,
63100,3955 HARRODSBURG ROAD,No_Match,,,
110300,4801 LAST CHANCE TRAIL,No_Match,,,
74356,@ FARMERS MARKET,No_Match,,,
32284,1001 GEORGETOWN RD,No_Match,,,
62379,FARMER'S MARKET,No_Match,,,
84717,SEASONAL RESTRICTED,No_Match,,,
114902,164 TURNER COMMONS WAY,No_Match,,,
116098,398 SOUTHLAND DR,No_Match,,,
58315,313 NW NEW CIRCLE RD,Tie,,,
30785,2080 GEORGIAN WAY,No_Match,,,
61166,5693 BRIAR HILL ROAD,No_Match,,,
100850,1908 BRYANT RD,No_Match,,,
102359,120 SUMMIT AT FRITZ FARMS,No_Match,,,
50711,CONSTITUTION PARK,No_Match,,,
107925,141 MC CONNELLS TRACE,No_Match,,,
50715,VETERANS PARK - SARON DR,No_Match,,,
94874,RESTRICTED MOBILE PUSHCART,No_Match,,,
108239,400 OLD VINE ST,Tie,,,
113249,114 SUMMIT AT FRITZ FARM,No_Match,,,
66748,2157 HARRODSBURG ROAD,No_Match,,,
80349,131 MARTIN LUTHER KING BLVD,Tie,,,
98676,1983 HARRODSBURG,No_Match,,,
43965,HAGAN BASEBALL STADIUM,No_Match,,,
84947,3901 HARRODSBURG RD,No_Match,,,
100504,1979 PAVILLION WAY,No_Match,,,
117297,100 VALVOLINE WAY,No_Match,,,
120699,3880 FOUNTAIN BLUE LANE,No_Match,,,
104308,111 SUMMIT @ FRITZ FARM,No_Match,,,
121426,3000 BAPTIST HEALTH BLVD,No_Match,,,
36635,2975 RICHMOND ROAD,No_Match,,,
104307,111 SUMMIT@FRITZ FARM,No_Match,,,
69226,"2312 SIR BARTON WAY, STE. 110",No_Match,,,
47516,4053 S,No_Match,,,
64694,239 LAIL LANE,No_Match,,,
62159,265 NEW CIRCLE ROAD,Tie,,,
65669,1600 MAN-0-WAR,No_Match,,,
96283,344 S. ML KING BLVD,Tie,,,
98341,400 HILLTOP,No_Match,,,
106382,4089 IRON WORKSJ PIKE,Tie,,,
106381,4089 IRON WORKS PIKE,Tie,,,
96285,179 FUNKHOUSER DR,No_Match,,,
96280,PATTERSON BUILDING,No_Match,,,
101925,115 SUMMIT @ FRITZ FARM,No_Match,,,
84744,1995 HARRODSBURG RD,No_Match,,,
32022,2121 RICHMOND ROAD,No_Match,,,
102696,4040 FINN WAY,No_Match,,,
50611,PO BOX 4622,No_Match,,,
30885,1740 S LIMESTONE ST,No_Match,,,
43388,3775 HARRODSBURG ROAD,No_Match,,,
93443,2220 DEVONPORT DR,No_Match,,,
109548,119 MARION ST,No_Match,,,
106279,2304 SIR BARTON WAY,No_Match,,,
102232,122 MARION,No_Match,,,
111167,2220 DEVONPORT,No_Match,,,
112255,2312 SIR BARTON WAY,No_Match,,,
88091,RETAIL MOBILE,No_Match,,,
99421,514 CARDWELL-TABLOW RD,No_Match,,,
84976,1850 BRYANT ROAD,No_Match,,,
56602,3010 LAKECREST CIRCLE,No_Match,,,
31284,202 NEW CIRCLE RD,Tie,,,
33462,FAYETTE MALL,No_Match,,,
67171,2181 VERSAILLES RD,No_Match,,,
86233,3034 DELANEY FERRY,No_Match,,,
117271,2975 RICHMOND RD,No_Match,,,
31602,3725 RICHMOND ROAD,No_Match,,,
87591,3181 BEAUMONT CTR.,Tie,,,
49479,120 PATTERSON DRIVE,No_Match,,,
90764,707 BURTON PIKE,No_Match,,,
62730,"260 NEW CIRCLE ROAD, N.E.",Tie,,,
103804,844 HAYS BLVD,No_Match,,,
84406,SEASONAL CONCESSION,No_Match,,,
114155,481 NEW CIRCLE RD.,Tie,,,
33451,398 SOUTHLAND DRIVE,No_Match,,,
114399,2308 SIR BARTON WAY,No_Match,,,
103246,119 MARION,No_Match,,,
30869,245 NEW CIRCLE ROAD,Tie,,,
103129,1120 UNIVERSITY DRIVE,Tie,,,
120703,2369 RICHMOND ROAD,No_Match,,,
30744,BLUEGRASS AIRPORT 2ND FL,No_Match,,,
30865,@ COMMONWEALTH STADIUM,No_Match,,,
49229,3745 HARRODSBURG RD,No_Match,,,
43483,3735 HARRODSBURG RD,No_Match,,,
72666,101 REYNOLDS RD,Tie,,,
75014,870 S. BROADWAY,Tie,,,
94673,3537 PALOMAR CENTRE DR,No_Match,,,
32476,1792 ALEXANDRIA,No_Match,,,
55898,MASTERSON STATION PARK,No_Match,,,
58004,2001 VERSAILLES ROAD,No_Match,,,
60322,@ FAYETTE MALL,No_Match,,,
104468,803 CHERRY LANE,No_Match,,,
68280,MEZZANINE@COMMONS MARKET,No_Match,,,
87222,106 STUDENT CENTER ANNEX,No_Match,,,
31701,2197 VERSAILLES ROAD,No_Match,,,
107156,4174 ROWAN,No_Match,,,
96527,2187 HARRODSBURG RD,No_Match,,,
114807,4089 IRONWORKS PIKE,Tie,,,
70931,319 B. SOUTH LIMESTONE,No_Match,,,
103232,400 HILLTOP AVE,No_Match,,,
72796,2308 SIR BARTON WAY 185,No_Match,,,
96525,2369 RICHMOND RD,No_Match,,,
91072,3030 LAKECREST CIRCLE,No_Match,,,
32225,1999 HARRODSBURG RD,No_Match,,,
115460,27 E. NEW CIRCLE RD.,No_Match,,,
31497,176 NEW CIRCLE RD,Tie,,,
87135,"LEARNING CENTER, LLC",No_Match,,,
30963,1927 STANTON WAY,No_Match,,,
121459,3900 FOUNTAIN BLUE LANE,No_Match,,,
30965,1813 CHARLESTON DR,No_Match,,,
64370,FARMER'S MARKET RETAIL,No_Match,,,
73518,@ FARMERS' MARKET,No_Match,,,
105781,1241 BALLARD RD,No_Match,,,
102272,STATE MOBILE,No_Match,,,
99904,C/O WILD THYME,No_Match,,,
91743,RALPH G ANDERSON BLDG.,No_Match,,,
63854,@FARMER'S MARKET,No_Match,,,
75036,"3101 RICHMOND ROAD, STE. 304",No_Match,,,
62887,COMMONWEALTH STADIUM,No_Match,,,
93363,"2223 DEVONPORT DRIVE, A-18",No_Match,,,
51071,@ ECTON PARK & TURKEYFOOT RD.,No_Match,,,
32454,306 COMPLEX DRIVE A/K/A,No_Match,,,
32213,1101 WINBAK WAY,No_Match,,,
53016,8 ERIKSON HALL,No_Match,,,
31364,BLUEGRASS AIRPORT 1ST FL,No_Match,,,
32451,UK CAMPUS,No_Match,,,
86953,2355 HARRODSBURG RD,No_Match,,,
49684,2121 RICHMOND RD STE. 100 - IDLE HR CTR,No_Match,,,
30833,1375 HARRODSBURG RD,No_Match,,,
114529,900 N BROADWAY,Tie,,,
69226,"2312 SIR BARTON WAY, STE.",No_Match,,,
110113,400 OLD VINE ST,Tie,,,
72796,2308 SIR BARTON WAY,No_Match,,,
62730,"260 NEW CIRCLE ROAD, N E",Tie,,,
109033,620 S LIMESTONE ST.,Match,"620 N LIMESTONE ST, LEXINGTON, KY, 40508",38.054288721349,-84.485694709291
75014,870 S BROADWAY,Tie,,,
75036,"3101 RICHMOND ROAD, STE.",No_Match,,,
116107,440 HILLTOP AVE. RM.,No_Match,,,
96283,344 S ML KING BLVD,Tie,,,
114725,1200 S BROADWAY,Match,"1200 N BROADWAY RD, LEXINGTON, KY, 40505",38.062697196036,-84.479990324085
109393,3030 LEXINGTON RD,No_Match,,,
117021,859 E HIGH ST.,Match,"859 W HIGH ST, LEXINGTON, KY, 40508",38.050703384779,-84.508027385979
115460,27 E NEW CIRCLE RD.,No_Match,,,
51520,361 NEW CIRCLE ROAD N E,Tie,,,
115950,620 S LIMESTONE ST,Match,"620 N LIMESTONE ST, LEXINGTON, KY, 40508",38.054288721349,-84.485694709291
